library_id,specimen_id,study,original_label,also_in_studies,provenance,species_current,species_as_published,host_reference,collection_id,ocean_region,locality,latitude,longitude,lat_long_raw,collection_date,depth_m,sra_run,bioproject,raw_path_mccleary,n_lanes,notes
Church2025:FM-16644,FM-16644,Church2025,FM-16644,,Church et al. 2025,Physalia physalis,Physalia physalis,P_physalis,FM-16644,NE Atlantic,Canary Islands,28.59194,-17.92091,,TODO:Table_S7,,TODO:Church_BioProject,TODO:Church2025,/gpfs/ycga/work/dunn/sequences/illumina/physalia_novaseq5_2023/Sample_FM16644_153_040,1,cluster=A
Church2025:NIWA-173304,NIWA-173304,Church2025,NIWA-173304,,Church et al. 2025,Physalia minuta,Physalia minuta,P_physalis,NIWA-173304,SW Pacific,New Zealand,-36.89515,174.443889,,TODO:Table_S7,,TODO:Church_BioProject,TODO:Church2025,/gpfs/ycga/work/dunn/sequences/illumina/physalia_novaseq8_2023/Sample_CWD_NZ35_122_071;/gpfs/ycga/work/dunn/sequences/illumina/physalia_novaseq8_2023/Sample_CWD_NZ35_122_071_essdhc,2,cluster=C2
Church2025:NIWA-173305,NIWA-173305,Church2025,NIWA-173305,,Church et al. 2025,Physalia minuta,Physalia minuta,P_physalis,NIWA-173305,SW Pacific,New Zealand,-36.89515,174.443889,,TODO:Table_S7,,TODO:Church_BioProject,TODO:Church2025,/gpfs/ycga/work/dunn/sequences/illumina/physalia_novaseq8_2023/Sample_CWD_NZ36_170_023,1,cluster=C2
Church2025:OA-190531-1,OA-190531-1,Church2025,OA-190531-1,,Church et al. 2025,Physalia utriculus,Physalia utriculus,P_physalis,OA-190531-1,SW Pacific,New South Wales,-33.8915,151.2767,,TODO:Table_S7,,TODO:Church_BioProject,TODO:Church2025,/gpfs/ycga/work/dunn/sequences/illumina/physalia_novaseq2_2023/Sample_190531_FD09253810,1,cluster=B1
Church2025:OA-Bluebottle,OA-Bluebottle,Church2025,OA-Bluebottle,,Church et al. 2025,Physalia utriculus,Physalia utriculus,P_physalis,OA-Bluebottle,SW Pacific,New South Wales,-33.9203,151.2581,,TODO:Table_S7,,TODO:Church_BioProject,TODO:Church2025,/vast/palmer/pi/dunn/sc2962/physalia_genome_assemblies/2023_physalia_pacfic_genome/GON10891/GON10891A1,1,cluster=B1
Church2025:TMAG-K5632,TMAG-K5632,Church2025,TMAG-K5632,,Church et al. 2025,Physalia megalista,Physalia megalista,P_physalis,TMAG-K5632,SW Pacific,Tasmania,-41.8639,148.2865,,TODO:Table_S7,,TODO:Church_BioProject,TODO:Church2025,/gpfs/ycga/work/dunn/sequences/illumina/physalia_novaseq2_2023/Sample_KM5632_138_055;/gpfs/ycga/work/dunn/sequences/illumina/physalia_novaseq5_2023/Sample_KM5632_138_055,2,cluster=C1
Church2025:TMAG-K5633,TMAG-K5633,Church2025,TMAG-K5633,,Church et al. 2025,Physalia minuta,Physalia minuta,P_physalis,TMAG-K5633,SW Pacific,Tasmania,-41.8639,148.2865,,TODO:Table_S7,,TODO:Church_BioProject,TODO:Church2025,/gpfs/ycga/work/dunn/sequences/illumina/physalia_novaseq2_2023/Sample_KM5633_150_043;/gpfs/ycga/work/dunn/sequences/illumina/physalia_novaseq5_2023/Sample_KM5633_150_043,2,cluster=C2
Church2025:TMAG-K5634,TMAG-K5634,Church2025,TMAG-K5634,,Church et al. 2025,Physalia minuta,Physalia minuta,P_physalis,TMAG-K5634,SW Pacific,Tasmania,-41.8639,148.2865,,TODO:Table_S7,,TODO:Church_BioProject,TODO:Church2025,/gpfs/ycga/work/dunn/sequences/illumina/physalia_novaseq2_2023/Sample_KM5634_126_067,1,cluster=C2
Church2025:TMAG-K5635,TMAG-K5635,Church2025,TMAG-K5635,,Church et al. 2025,Physalia minuta,Physalia minuta,P_physalis,TMAG-K5635,SW Pacific,Tasmania,-41.8639,148.2865,,TODO:Table_S7,,TODO:Church_BioProject,TODO:Church2025,/gpfs/ycga/work/dunn/sequences/illumina/physalia_novaseq3_2023/Sample_KM5635_128_065,1,cluster=C2
Church2025:TMAG-K5636,TMAG-K5636,Church2025,TMAG-K5636,,Church et al. 2025,Physalia minuta,Physalia minuta,P_physalis,TMAG-K5636,SW Pacific,Tasmania,-41.8639,148.2865,,TODO:Table_S7,,TODO:Church_BioProject,TODO:Church2025,/gpfs/ycga/work/dunn/sequences/illumina/physalia_novaseq3_2023/Sample_KM5636_116_077,1,cluster=C2
Church2025:WAM-Z88480,WAM-Z88480,Church2025,WAM-Z88480,,Church et al. 2025,Physalia megalista,Physalia megalista,P_physalis,WAM-Z88480,E Indian,Western Australia,-31.908144,115.754811,,TODO:Table_S7,,TODO:Church_BioProject,TODO:Church2025,/gpfs/ycga/work/dunn/sequences/illumina/physalia_novaseq4_2023/Sample_Z88480_170_023;/gpfs/ycga/work/dunn/sequences/illumina/physalia_novaseq5_2023/Sample_Z88480_170_023,2,cluster=C1
Church2025:WAM-Z97900,WAM-Z97900,Church2025,WAM-Z97900,,Church et al. 2025,Physalia megalista,Physalia megalista,P_physalis,WAM-Z97900,E Indian,Western Australia,-31.855786,115.751741,,TODO:Table_S7,,TODO:Church_BioProject,TODO:Church2025,/gpfs/ycga/work/dunn/sequences/illumina/physalia_novaseq4_2023/Sample_Z97900_158_035,1,cluster=C1
Church2025:WAM-Z97901,WAM-Z97901,Church2025,WAM-Z97901,,Church et al. 2025,Physalia megalista,Physalia megalista,P_physalis,WAM-Z97901,E Indian,Western Australia,-31.855786,115.751741,,TODO:Table_S7,,TODO:Church_BioProject,TODO:Church2025,/gpfs/ycga/work/dunn/sequences/illumina/physalia_novaseq4_2023/Sample_Z97901_146_047,1,cluster=C1
Church2025:WAM-Z97902,WAM-Z97902,Church2025,WAM-Z97902,,Church et al. 2025,Physalia utriculus,Physalia utriculus,P_physalis,WAM-Z97902,E Indian,Western Australia,-31.855786,115.751741,,TODO:Table_S7,,TODO:Church_BioProject,TODO:Church2025,/gpfs/ycga/work/dunn/sequences/illumina/physalia_novaseq5_2023/Sample_Z97902_152_041;/gpfs/ycga/work/dunn/sequences/illumina/physalia_novaseq5_2023/Sample_Z97902_152_041_czytbx,3,cluster=B1
Church2025:WAM-Z97903,WAM-Z97903,Church2025,WAM-Z97903,,Church et al. 2025,Physalia megalista,Physalia megalista,P_physalis,WAM-Z97903,E Indian,Western Australia,-31.855786,115.751741,,TODO:Table_S7,,TODO:Church_BioProject,TODO:Church2025,/gpfs/ycga/work/dunn/sequences/illumina/physalia_novaseq4_2023/Sample_Z97903_134_059,1,cluster=C1
Church2025:WAM-Z97906,WAM-Z97906,Church2025,WAM-Z97906,,Church et al. 2025,Physalia megalista,Physalia megalista,P_physalis,WAM-Z97906,E Indian,Western Australia,-31.855786,115.751741,,TODO:Table_S7,,TODO:Church_BioProject,TODO:Church2025,/gpfs/ycga/work/dunn/sequences/illumina/physalia_novaseq4_2023/Sample_Z97906_122_071,1,cluster=C1
Church2025:WAM-Z97907,WAM-Z97907,Church2025,WAM-Z97907,,Church et al. 2025,Physalia utriculus,Physalia utriculus,P_physalis,WAM-Z97907,E Indian,Western Australia,-31.855786,115.751741,,TODO:Table_S7,,TODO:Church_BioProject,TODO:Church2025,/gpfs/ycga/work/dunn/sequences/illumina/physalia_novaseq5_2023/Sample_Z97907_140_053;/gpfs/ycga/work/dunn/sequences/illumina/physalia_novaseq5_2023/Sample_Z97907_140_053_nnhrjn,3,cluster=B1
Church2025:WAM-Z97908,WAM-Z97908,Church2025,WAM-Z97908,,Church et al. 2025,Physalia utriculus,Physalia utriculus,P_physalis,WAM-Z97908,E Indian,Western Australia,-31.855786,115.751741,,TODO:Table_S7,,TODO:Church_BioProject,TODO:Church2025,/gpfs/ycga/work/dunn/sequences/illumina/physalia_novaseq5_2023/Sample_Z97908_128_065;/gpfs/ycga/work/dunn/sequences/illumina/physalia_novaseq5_2023/Sample_Z97908_128_065_vtsjul,3,cluster=B1
Church2025:WAM-Z97910,WAM-Z97910,Church2025,WAM-Z97910,,Church et al. 2025,Physalia utriculus,Physalia utriculus,P_physalis,WAM-Z97910,E Indian,Western Australia,-31.855786,115.751741,,TODO:Table_S7,,TODO:Church_BioProject,TODO:Church2025,/gpfs/ycga/work/dunn/sequences/illumina/physalia_novaseq5_2023/Sample_Z97910_116_077;/gpfs/ycga/work/dunn/sequences/illumina/physalia_novaseq5_2023/Sample_Z97910_116_077_upodxm,3,cluster=B1
Church2025:WAM-Z97911,WAM-Z97911,Church2025,WAM-Z97911,,Church et al. 2025,Physalia utriculus,Physalia utriculus,P_physalis,WAM-Z97911,E Indian,Western Australia,-31.855786,115.751741,,TODO:Table_S7,,TODO:Church_BioProject,TODO:Church2025,/gpfs/ycga/work/dunn/sequences/illumina/physalia_novaseq5_2023/Sample_Z97911_104_089;/gpfs/ycga/work/dunn/sequences/illumina/physalia_novaseq5_2023/Sample_Z97911_104_089_ccoero,3,cluster=B1
Church2025:WAM-Z97914,WAM-Z97914,Church2025,WAM-Z97914,,Church et al. 2025,Physalia utriculus,Physalia utriculus,P_physalis,WAM-Z97914,E Indian,Western Australia,-31.855786,115.751741,,TODO:Table_S7,,TODO:Church_BioProject,TODO:Church2025,/gpfs/ycga/work/dunn/sequences/illumina/physalia_novaseq5_2023/Sample_Z97914_187_006;/gpfs/ycga/work/dunn/sequences/illumina/physalia_novaseq5_2023/Sample_Z97914_187_006_vfmfop,3,cluster=B1
Church2025:WAM-Z97916,WAM-Z97916,Church2025,WAM-Z97916,,Church et al. 2025,Physalia utriculus,Physalia utriculus,P_physalis,WAM-Z97916,E Indian,Western Australia,-31.855786,115.751741,,TODO:Table_S7,,TODO:Church_BioProject,TODO:Church2025,/gpfs/ycga/work/dunn/sequences/illumina/physalia_novaseq5_2023/RELABEL_Sample_Z97916,3,cluster=B1
Church2025:WAM-Z97917,WAM-Z97917,Church2025,WAM-Z97917,,Church et al. 2025,Physalia utriculus,Physalia utriculus,P_physalis,WAM-Z97917,SW Pacific,New South Wales,-33.787002,151.288609,,TODO:Table_S7,,TODO:Church_BioProject,TODO:Church2025,/gpfs/ycga/work/dunn/sequences/illumina/physalia_novaseq5_2023/Sample_Z97917_188_005,1,cluster=B1
Church2025:WAM-Z97920,WAM-Z97920,Church2025,WAM-Z97920,,Church et al. 2025,Physalia megalista,Physalia megalista,P_physalis,WAM-Z97920,SW Pacific,New South Wales,-33.987424,151.231329,,TODO:Table_S7,,TODO:Church_BioProject,TODO:Church2025,/gpfs/ycga/work/dunn/sequences/illumina/physalia_novaseq4_2023/Sample_Z97920_110_083,1,cluster=C1
Church2025:WAM-Z97921,WAM-Z97921,Church2025,WAM-Z97921,,Church et al. 2025,Physalia utriculus,Physalia utriculus,P_physalis,WAM-Z97921,SW Pacific,Queensland,-26.784003,153.140596,,TODO:Table_S7,,TODO:Church_BioProject,TODO:Church2025,/gpfs/ycga/work/dunn/sequences/illumina/physalia_novaseq4_2023/Sample_Z97921_098_095,1,cluster=B1
Church2025:WAM-Z97923,WAM-Z97923,Church2025,WAM-Z97923,,Church et al. 2025,Physalia utriculus,Physalia utriculus,P_physalis,WAM-Z97923,SW Pacific,Queensland,-26.784003,153.140596,,TODO:Table_S7,,TODO:Church_BioProject,TODO:Church2025,/gpfs/ycga/work/dunn/sequences/illumina/physalia_novaseq5_2023/RELABEL_Sample_Z97923,3,cluster=B1
Church2025:YPM-IZ-104460,YPM:IZ:104460,Church2025,YPM-IZ-104460,,Church et al. 2025,Physalia utriculus,Physalia utriculus,P_physalis,YPM-IZ-104460,NW Pacific,Guam,13.427861,144.798518,,TODO:Table_S7,,TODO:Church_BioProject,TODO:Church2025,/gpfs/ycga/work/dunn/sequences/illumina/physalia_novaseq2_2023/Sample_G104460_208_369,1,cluster=B1
Church2025:YPM-IZ-104461,YPM:IZ:104461,Church2025,YPM-IZ-104461,,Church et al. 2025,Physalia utriculus,Physalia utriculus,P_physalis,YPM-IZ-104461,NW Pacific,Guam,13.427861,144.798518,,TODO:Table_S7,,TODO:Church_BioProject,TODO:Church2025,/gpfs/ycga/work/dunn/sequences/illumina/physalia_novaseq2_2023/Sample_G104461_196_381,1,cluster=B1
Church2025:YPM-IZ-104464,YPM:IZ:104464,Church2025,YPM-IZ-104464,,Church et al. 2025,Physalia utriculus,Physalia utriculus,P_physalis,YPM-IZ-104464,NW Pacific,Guam,13.427861,144.798518,,TODO:Table_S7,,TODO:Church_BioProject,TODO:Church2025,/gpfs/ycga/work/dunn/sequences/illumina/Novaseq_siphgenomes/Sample_NA24_164_029,1,cluster=B1
Church2025:YPM-IZ-104465,YPM:IZ:104465,Church2025,YPM-IZ-104465,,Church et al. 2025,Physalia utriculus,Physalia utriculus,P_physalis,YPM-IZ-104465,NW Pacific,Guam,13.427861,144.798518,,TODO:Table_S7,,TODO:Church_BioProject,TODO:Church2025,/gpfs/ycga/work/dunn/sequences/illumina/Novaseq_siphgenomes/Sample_NA22_176_017,1,cluster=B1
Church2025:YPM-IZ-106919,YPM:IZ:106919,Church2025,YPM-IZ-106919,,Church et al. 2025,Physalia utriculus,Physalia utriculus,P_physalis,YPM-IZ-106919,NW Pacific,Japan,35.30739,139.480651,,TODO:Table_S7,,TODO:Church_BioProject,TODO:Church2025,/gpfs/ycga/work/dunn/sequences/illumina/physalia_novaseq2_2023/Sample_2gDNA_279_298,1,cluster=B1
Church2025:YPM-IZ-106920,YPM:IZ:106920,Church2025,YPM-IZ-106920,,Church et al. 2025,Physalia utriculus,Physalia utriculus,P_physalis,YPM-IZ-106920,NW Pacific,Japan,35.30739,139.480651,,TODO:Table_S7,,TODO:Church_BioProject,TODO:Church2025,/gpfs/ycga/work/dunn/sequences/illumina/physalia_novaseq_2023/Sample_3_Japan_138_055,1,cluster=B1
Church2025:YPM-IZ-106923,YPM:IZ:106923,Church2025,YPM-IZ-106923,,Church et al. 2025,Physalia utriculus,Physalia utriculus,P_physalis,YPM-IZ-106923,NW Pacific,Japan,35.30739,139.480651,,TODO:Table_S7,,TODO:Church_BioProject,TODO:Church2025,/gpfs/ycga/work/dunn/sequences/illumina/physalia_novaseq_2023/Sample_6_Japan_126_067,1,cluster=B1
Church2025:YPM-IZ-106935,YPM:IZ:106935,Church2025,YPM-IZ-106935,,Church et al. 2025,Physalia physalis,Physalia physalis,P_physalis,YPM-IZ-106935,Gulf of Mexico,Texas,29.19532,-94.8429383,,TODO:Table_S7,,TODO:Church_BioProject,TODO:Church2025,/gpfs/ycga/work/dunn/sequences/illumina/physalia_novaseq2_2023/Sample_13TX_280_297,1,cluster=A
Church2025:YPM-IZ-106936,YPM:IZ:106936,Church2025,YPM-IZ-106936,,Church et al. 2025,Physalia physalis,Physalia physalis,P_physalis,YPM-IZ-106936,Gulf of Mexico,Texas,29.19532,-94.8429383,,TODO:Table_S7,,TODO:Church_BioProject,TODO:Church2025,/gpfs/ycga/work/dunn/sequences/illumina/physalia_novaseq2_2023/Sample_42TX_268_309,1,cluster=A
Church2025:YPM-IZ-106937,YPM:IZ:106937,Church2025,YPM-IZ-106937,,Church et al. 2025,Physalia physalis,Physalia physalis,P_physalis,YPM-IZ-106937,Gulf of Mexico,Texas,29.19532,-94.8429383,,TODO:Table_S7,,TODO:Church_BioProject,TODO:Church2025,/gpfs/ycga/work/dunn/sequences/illumina/physalia_novaseq2_2023/Sample_59TX_256_321,1,cluster=A
Church2025:YPM-IZ-106941,YPM:IZ:106941,Church2025,YPM-IZ-106941,,Church et al. 2025,Physalia physalis,Physalia physalis,P_physalis,YPM-IZ-106941,NW Atlantic,Bermuda,32.323333,-64.6563,,TODO:Table_S7,,TODO:Church_BioProject,TODO:Church2025,/gpfs/ycga/work/dunn/sequences/illumina/physalia_novaseq2_2023/Sample_63_232_345,1,cluster=A
Church2025:YPM-IZ-106943,YPM:IZ:106943,Church2025,YPM-IZ-106943,,Church et al. 2025,Physalia physalis,Physalia physalis,P_physalis,YPM-IZ-106943,NW Atlantic,Bermuda,32.341117,-64.669133,,TODO:Table_S7,,TODO:Church_BioProject,TODO:Church2025,/gpfs/ycga/work/dunn/sequences/illumina/physalia_novaseq_2023/Sample_Bermuda_67_162_031,1,cluster=A
Church2025:YPM-IZ-106954,YPM:IZ:106954,Church2025,YPM-IZ-106954,,Church et al. 2025,Physalia physalis,Physalia physalis,P_physalis,YPM-IZ-106954,NW Atlantic,Bermuda,32.367233,-64.71455,,TODO:Table_S7,,TODO:Church_BioProject,TODO:Church2025,/gpfs/ycga/work/dunn/sequences/illumina/physalia_novaseq_2023/Sample_Bermuda_94_150_043,1,cluster=A
Church2025:YPM-IZ-106958,YPM:IZ:106958,Church2025,YPM-IZ-106958,,Church et al. 2025,Physalia physalis,Physalia physalis,P_physalis,YPM-IZ-106958,Gulf of Mexico,Texas,29.19532,-94.842938,,TODO:Table_S7,,TODO:Church_BioProject,TODO:Church2025,/gpfs/ycga/work/dunn/sequences/illumina/physalia_novaseq2_2023/Sample_8TX_244_333,1,cluster=A
Church2025:YPM-IZ-110251,YPM:IZ:110251,Church2025,YPM-IZ-110251,,Church et al. 2025,Physalia physalis,Physalia physalis,P_physalis,YPM-IZ-110251,NW Atlantic,Florida,25.73706,-80.15279,,TODO:Table_S7,,TODO:Church_BioProject,TODO:Church2025,/gpfs/ycga/work/dunn/sequences/illumina/physalia_novaseq_2023/Sample_YPM110251_114_079,1,cluster=A
Church2025:YPM-IZ-110254,YPM:IZ:110254,Church2025,YPM-IZ-110254,,Church et al. 2025,Physalia physalis,Physalia physalis,P_physalis,YPM-IZ-110254,NW Atlantic,Florida,25.73647,-80.1535,,TODO:Table_S7,,TODO:Church_BioProject,TODO:Church2025,/gpfs/ycga/work/dunn/sequences/illumina/physalia_novaseq_2023/Sample_YPM110254_102_091,1,cluster=A
Church2025:YPM-IZ-110264,YPM:IZ:110264,Church2025,YPM-IZ-110264,,Church et al. 2025,Physalia utriculus,Physalia utriculus,P_physalis,YPM-IZ-110264,Central Pacific,Hawai'i,22.069018,-159.316685,,TODO:Table_S7,,TODO:Church_BioProject,TODO:Church2025,/gpfs/ycga/work/dunn/sequences/illumina/physalia_novaseq2_2023/Sample_110264_267_310,1,cluster=B1
Church2025:YPM-IZ-110268,YPM:IZ:110268,Church2025,YPM-IZ-110268,,Church et al. 2025,Physalia utriculus,Physalia utriculus,P_physalis,YPM-IZ-110268,Central Pacific,Hawai'i,22.069018,-159.316685,,TODO:Table_S7,,TODO:Church_BioProject,TODO:Church2025,/gpfs/ycga/work/dunn/sequences/illumina/physalia_novaseq2_2023/Sample_110268_255_322,1,cluster=B1
Church2025:YPM-IZ-110269,YPM:IZ:110269,Church2025,YPM-IZ-110269,,Church et al. 2025,Physalia utriculus,Physalia utriculus,P_physalis,YPM-IZ-110269,Central Pacific,Hawai'i,22.069018,-159.316685,,TODO:Table_S7,,TODO:Church_BioProject,TODO:Church2025,/gpfs/ycga/work/dunn/sequences/illumina/physalia_novaseq2_2023/Sample_110269_243_334,2,cluster=B1
Church2025:YPM-IZ-110276,YPM:IZ:110276,Church2025,YPM-IZ-110276,,Church et al. 2025,Physalia utriculus,Physalia utriculus,P_physalis,YPM-IZ-110276,Central Pacific,Hawai'i,20.9225222,-156.4926917,,TODO:Table_S7,,TODO:Church_BioProject,TODO:Church2025,/gpfs/ycga/work/dunn/sequences/illumina/physalia_novaseq2_2023/Sample_110276_231_346,1,cluster=B1
Church2025:YPM-IZ-110277,YPM:IZ:110277,Church2025,YPM-IZ-110277,,Church et al. 2025,Physalia utriculus,Physalia utriculus,P_physalis,YPM-IZ-110277,Central Pacific,Hawai'i,20.9225222,-156.4926917,,TODO:Table_S7,,TODO:Church_BioProject,TODO:Church2025,/gpfs/ycga/work/dunn/sequences/illumina/physalia_novaseq2_2023/Sample_110277_219_358,1,cluster=B1
Church2025:YPM-IZ-110278,YPM:IZ:110278,Church2025,YPM-IZ-110278,,Church et al. 2025,Physalia utriculus,Physalia utriculus,P_physalis,YPM-IZ-110278,Central Pacific,Hawai'i,20.9225222,-156.4926917,,TODO:Table_S7,,TODO:Church_BioProject,TODO:Church2025,/gpfs/ycga/work/dunn/sequences/illumina/physalia_novaseq2_2023/Sample_110278_207_370,1,cluster=B1
Church2025:YPM-IZ-110433,YPM:IZ:110433,Church2025,YPM-IZ-110433,,Church et al. 2025,Physalia physalis,Physalia physalis,P_physalis,YPM-IZ-110433,NW Atlantic,Florida,25.74163,-80.175194,,TODO:Table_S7,,TODO:Church_BioProject,TODO:Church2025,/gpfs/ycga/work/dunn/sequences/illumina/physalia_novaseq2_2023/Sample_110433_168_025,1,cluster=A
Church2025:YPM-IZ-110434,YPM:IZ:110434,Church2025,YPM-IZ-110434,,Church et al. 2025,Physalia physalis,Physalia physalis,P_physalis,YPM-IZ-110434,NW Atlantic,Florida,25.74163,-80.175194,,TODO:Table_S7,,TODO:Church_BioProject,TODO:Church2025,/gpfs/ycga/work/dunn/sequences/illumina/S2_assorted_samples_skimming_2024/Sample_YPM-IZ-110434_102_091,1,cluster=A
Church2025:YPM-IZ-110436,YPM:IZ:110436,Church2025,YPM-IZ-110436,,Church et al. 2025,Physalia physalis,Physalia physalis,P_physalis,YPM-IZ-110436,NW Atlantic,Florida,25.70536,-80.15281,,TODO:Table_S7,,TODO:Church_BioProject,TODO:Church2025,/gpfs/ycga/work/dunn/sequences/illumina/S2_assorted_samples_skimming_2024/Sample_YPM-IZ-110436_185_008,1,cluster=A
Church2025:YPM-IZ-110438,YPM:IZ:110438,Church2025,YPM-IZ-110438,,Church et al. 2025,Physalia physalis,Physalia physalis,P_physalis,YPM-IZ-110438,Gulf of Mexico,Texas,28.989194,-95.237778,,TODO:Table_S7,,TODO:Church_BioProject,TODO:Church2025,/gpfs/ycga/work/dunn/sequences/illumina/physalia_novaseq2_2023/Sample_110438_156_037,1,cluster=A
Church2025:YPM-IZ-110443,YPM:IZ:110443,Church2025,YPM-IZ-110443,,Church et al. 2025,Physalia physalis,Physalia physalis,P_physalis,YPM-IZ-110443,Gulf of Mexico,Texas,28.951778,-95.283167,,TODO:Table_S7,,TODO:Church_BioProject,TODO:Church2025,/gpfs/ycga/work/dunn/sequences/illumina/physalia_novaseq2_2023/Sample_110443_144_049,1,cluster=A
Church2025:YPM-IZ-110460,YPM:IZ:110460,Church2025,YPM-IZ-110460,,Church et al. 2025,Physalia utriculus,Physalia utriculus,P_physalis,YPM-IZ-110460,Central Pacific,Hawai'i,21.40079,-157.7345,,TODO:Table_S7,,TODO:Church_BioProject,TODO:Church2025,/gpfs/ycga/work/dunn/sequences/illumina/physalia_novaseq3_2023/Sample_110460_118_075,1,cluster=B1
Church2025:YPM-IZ-110467,YPM:IZ:110467,Church2025,YPM-IZ-110467,,Church et al. 2025,Physalia minuta,Physalia minuta,P_physalis,YPM-IZ-110467,SW Pacific,New Zealand,-41.330278,174.831944,,TODO:Table_S7,,TODO:Church_BioProject,TODO:Church2025,/gpfs/ycga/work/dunn/sequences/illumina/physalia_novaseq2_2023/Sample_110467_132_061,1,cluster=C2
Church2025:YPM-IZ-110468,YPM:IZ:110468,Church2025,YPM-IZ-110468,,Church et al. 2025,Physalia minuta,Physalia minuta,P_physalis,YPM-IZ-110468,SW Pacific,New Zealand,-41.33,174.833056,,TODO:Table_S7,,TODO:Church_BioProject,TODO:Church2025,/gpfs/ycga/work/dunn/sequences/illumina/physalia_novaseq2_2023/Sample_110468_120_073,1,cluster=C2
Church2025:YPM-IZ-110469,YPM:IZ:110469,Church2025,YPM-IZ-110469,,Church et al. 2025,Physalia minuta,Physalia minuta,P_physalis,YPM-IZ-110469,SW Pacific,New Zealand,-41.33,174.833056,,TODO:Table_S7,,TODO:Church_BioProject,TODO:Church2025,/gpfs/ycga/work/dunn/sequences/illumina/physalia_novaseq2_2023/Sample_110469_108_085,2,cluster=C2
Church2025:YPM-IZ-110470,YPM:IZ:110470,Church2025,YPM-IZ-110470,,Church et al. 2025,Physalia minuta,Physalia minuta,P_physalis,YPM-IZ-110470,SW Pacific,New Zealand,-41.33,174.833056,,TODO:Table_S7,,TODO:Church_BioProject,TODO:Church2025,/gpfs/ycga/work/dunn/sequences/illumina/physalia_novaseq3_2023/Sample_110470_106_087,1,cluster=C2
Church2025:YPM-IZ-110471,YPM:IZ:110471,Church2025,YPM-IZ-110471,,Church et al. 2025,Physalia utriculus,Physalia utriculus,P_physalis,YPM-IZ-110471,Central Pacific,Hawai'i,21.40079,-157.7345,,TODO:Table_S7,,TODO:Church_BioProject,TODO:Church2025,/gpfs/ycga/work/dunn/sequences/illumina/physalia_novaseq2_2023/Sample_110471_191_002,1,cluster=B1
Church2025:YPM-IZ-110473,YPM:IZ:110473,Church2025,YPM-IZ-110473,,Church et al. 2025,Physalia utriculus,Physalia utriculus,P_physalis,YPM-IZ-110473,Central Pacific,Hawai'i,21.40079,-157.7345,,TODO:Table_S7,,TODO:Church_BioProject,TODO:Church2025,/gpfs/ycga/work/dunn/sequences/illumina/physalia_novaseq3_2023/Sample_110473_104_089,1,cluster=B1
Church2025:YPM-IZ-110474,YPM:IZ:110474,Church2025,YPM-IZ-110474,,Church et al. 2025,Physalia utriculus,Physalia utriculus,P_physalis,YPM-IZ-110474,Central Pacific,Hawai'i,21.4546,-157.7485,,TODO:Table_S7,,TODO:Church_BioProject,TODO:Church2025,/gpfs/ycga/work/dunn/sequences/illumina/physalia_novaseq2_2023/Sample_110474_179_014,1,cluster=B1
Church2025:YPM-IZ-110480,YPM:IZ:110480,Church2025,YPM-IZ-110480,,Church et al. 2025,Physalia utriculus,Physalia utriculus,P_physalis,YPM-IZ-110480,Central Pacific,Hawai'i,21.4546,-157.7485,,TODO:Table_S7,,TODO:Church_BioProject,TODO:Church2025,/gpfs/ycga/work/dunn/sequences/illumina/physalia_novaseq2_2023/Sample_110480_167_026,1,cluster=B1
Church2025:YPM-IZ-110515,YPM:IZ:110515,Church2025,YPM-IZ-110515,,Church et al. 2025,Physalia utriculus,Physalia utriculus,P_physalis,YPM-IZ-110515,SW Pacific,New South Wales,-33.9475,151.257361,,TODO:Table_S7,,TODO:Church_BioProject,TODO:Church2025,/gpfs/ycga/work/dunn/sequences/illumina/physalia_novaseq3_2023/Sample_110515_189_004,1,cluster=B1
Church2025:YPM-IZ-110520,YPM:IZ:110520,Church2025,YPM-IZ-110520,,Church et al. 2025,Physalia utriculus,Physalia utriculus,P_physalis,YPM-IZ-110520,SW Pacific,New South Wales,-33.9475,151.257361,,TODO:Table_S7,,TODO:Church_BioProject,TODO:Church2025,/gpfs/ycga/work/dunn/sequences/illumina/physalia_novaseq3_2023/Sample_110520_177_016,1,cluster=B1
Church2025:YPM-IZ-110526,YPM:IZ:110526,Church2025,YPM-IZ-110526,,Church et al. 2025,Physalia utriculus,Physalia utriculus,P_physalis,YPM-IZ-110526,SW Pacific,New South Wales,-33.9475,151.257361,,TODO:Table_S7,,TODO:Church_BioProject,TODO:Church2025,/gpfs/ycga/work/dunn/sequences/illumina/physalia_novaseq3_2023/Sample_110526_165_028,1,cluster=B1
Church2025:YPM-IZ-110556,YPM:IZ:110556,Church2025,YPM-IZ-110556,,Church et al. 2025,Physalia minuta,Physalia minuta,P_physalis,YPM-IZ-110556,SW Pacific,Tasmania,-41.996839,148.284729,,TODO:Table_S7,,TODO:Church_BioProject,TODO:Church2025,/gpfs/ycga/work/dunn/sequences/illumina/physalia_novaseq3_2023/Sample_110556_153_040;/gpfs/ycga/work/dunn/sequences/illumina/physalia_novaseq5_2023/Sample_110556_153_040,2,cluster=C2
Church2025:YPM-IZ-110557,YPM:IZ:110557,Church2025,YPM-IZ-110557,,Church et al. 2025,Physalia minuta,Physalia minuta,P_physalis,YPM-IZ-110557,SW Pacific,Tasmania,-41.996839,148.284729,,TODO:Table_S7,,TODO:Church_BioProject,TODO:Church2025,/gpfs/ycga/work/dunn/sequences/illumina/physalia_novaseq3_2023/Sample_110557_141_052,1,cluster=C2
Church2025:YPM-IZ-110558,YPM:IZ:110558,Church2025,YPM-IZ-110558,,Church et al. 2025,Physalia minuta,Physalia minuta,P_physalis,YPM-IZ-110558,SW Pacific,Tasmania,-41.996839,148.284729,,TODO:Table_S7,,TODO:Church_BioProject,TODO:Church2025,/gpfs/ycga/work/dunn/sequences/illumina/physalia_novaseq3_2023/Sample_110558_129_064,1,cluster=C2
Church2025:YPM-IZ-110566,YPM:IZ:110566,Church2025,YPM-IZ-110566,,Church et al. 2025,Physalia utriculus,Physalia utriculus,P_physalis,YPM-IZ-110566,NW Pacific,Guam,13.605463,144.907196,,TODO:Table_S7,,TODO:Church_BioProject,TODO:Church2025,/gpfs/ycga/work/dunn/sequences/illumina/physalia_novaseq3_2023/Sample_110566_117_076,1,cluster=B1
Church2025:YPM-IZ-110569,YPM:IZ:110569,Church2025,YPM-IZ-110569,,Church et al. 2025,Physalia utriculus,Physalia utriculus,P_physalis,YPM-IZ-110569,NW Pacific,Guam,13.427664,144.801336,,TODO:Table_S7,,TODO:Church_BioProject,TODO:Church2025,/gpfs/ycga/work/dunn/sequences/illumina/physalia_novaseq3_2023/Sample_110569_187_006,1,cluster=B1
Church2025:YPM-IZ-110600,YPM:IZ:110600,Church2025,YPM-IZ-110600,,Church et al. 2025,Physalia utriculus,Physalia utriculus,P_physalis,YPM-IZ-110600,NW Pacific,Guam,13.372435,144.773357,,TODO:Table_S7,,TODO:Church_BioProject,TODO:Church2025,/gpfs/ycga/work/dunn/sequences/illumina/physalia_novaseq3_2023/Sample_110600_163_030,1,cluster=B1
Church2025:YPM-IZ-110602,YPM:IZ:110602,Church2025,YPM-IZ-110602,,Church et al. 2025,Physalia utriculus,Physalia utriculus,P_physalis,YPM-IZ-110602,NW Pacific,Guam,13.372435,144.773357,,TODO:Table_S7,,TODO:Church_BioProject,TODO:Church2025,/gpfs/ycga/work/dunn/sequences/illumina/physalia_novaseq3_2023/Sample_110602_105_088,1,cluster=B1
Church2025:YPM-IZ-110605,YPM:IZ:110605,Church2025,YPM-IZ-110605,,Church et al. 2025,Physalia utriculus,Physalia utriculus,P_physalis,YPM-IZ-110605,SW Pacific,Queensland,-28.089089,153.453921,,TODO:Table_S7,,TODO:Church_BioProject,TODO:Church2025,/gpfs/ycga/work/dunn/sequences/illumina/physalia_novaseq3_2023/Sample_110605_139_054,1,cluster=B1
Church2025:YPM-IZ-110612,YPM:IZ:110612,Church2025,YPM-IZ-110612,,Church et al. 2025,Physalia utriculus,Physalia utriculus,P_physalis,YPM-IZ-110612,SW Pacific,New South Wales,-30.745087,152.995494,,TODO:Table_S7,,TODO:Church_BioProject,TODO:Church2025,/gpfs/ycga/work/dunn/sequences/illumina/physalia_novaseq3_2023/Sample_110612_127_066,1,cluster=B1
Church2025:YPM-IZ-110613,YPM:IZ:110613,Church2025,YPM-IZ-110613,,Church et al. 2025,Physalia utriculus,Physalia utriculus,P_physalis,YPM-IZ-110613,SW Pacific,New South Wales,-30.745087,152.995494,,TODO:Table_S7,,TODO:Church_BioProject,TODO:Church2025,/gpfs/ycga/work/dunn/sequences/illumina/physalia_novaseq3_2023/Sample_110613_115_078,1,cluster=B1
Church2025:YPM-IZ-110616,YPM:IZ:110616,Church2025,YPM-IZ-110616,,Church et al. 2025,Physalia utriculus,Physalia utriculus,P_physalis,YPM-IZ-110616,SW Pacific,New South Wales,-30.881192,153.035604,,TODO:Table_S7,,TODO:Church_BioProject,TODO:Church2025,/gpfs/ycga/work/dunn/sequences/illumina/physalia_novaseq3_2023/Sample_110616_103_090,1,cluster=B1
Church2025:YPM-IZ-110631,YPM:IZ:110631,Church2025,YPM-IZ-110631,,Church et al. 2025,Physalia physalis,Physalia physalis,P_physalis,YPM-IZ-110631,NW Atlantic,Northeast US,41.34625,-71.67831,,TODO:Table_S7,,TODO:Church_BioProject,TODO:Church2025,/gpfs/ycga/work/dunn/sequences/illumina/physalia_novaseq4_2023/Sample_110631_114_079,1,cluster=A
Church2025:YPM-IZ-110633,YPM:IZ:110633,Church2025,YPM-IZ-110633,,Church et al. 2025,Physalia physalis,Physalia physalis,P_physalis,YPM-IZ-110633,NW Atlantic,Northeast US,41.37702,-71.52782,,TODO:Table_S7,,TODO:Church_BioProject,TODO:Church2025,/gpfs/ycga/work/dunn/sequences/illumina/physalia_novaseq4_2023/Sample_110633_161_032,1,cluster=A
Church2025:YPM-IZ-110667,YPM:IZ:110667,Church2025,YPM-IZ-110667,,Church et al. 2025,Physalia physalis,Physalia physalis,P_physalis,YPM-IZ-110667,NW Atlantic,Northeast US,40.85742,-71.77992,,TODO:Table_S7,,TODO:Church_BioProject,TODO:Church2025,/gpfs/ycga/work/dunn/sequences/illumina/physalia_novaseq4_2023/Sample_110667_126_067,1,cluster=A
Church2025:YPM-IZ-110694,YPM:IZ:110694,Church2025,YPM-IZ-110694,,Church et al. 2025,Physalia physalis,Physalia physalis,P_physalis,YPM-IZ-110694,NW Atlantic,Northeast US,41.34499,-70.836797,,TODO:Table_S7,,TODO:Church_BioProject,TODO:Church2025,/gpfs/ycga/work/dunn/sequences/illumina/physalia_novaseq5_2023/Sample_110694_105_088,1,cluster=A
Church2025:YPM-IZ-110716,YPM:IZ:110716,Church2025,YPM-IZ-110716,,Church et al. 2025,Physalia physalis,Physalia physalis,P_physalis,YPM-IZ-110716,NE Atlantic,Spain,36.45809,-6.25268,,TODO:Table_S7,,TODO:Church_BioProject,TODO:Church2025,/gpfs/ycga/work/dunn/sequences/illumina/physalia_novaseq4_2023/Sample_110716_148_045,1,cluster=A
Church2025:YPM-IZ-110726,YPM:IZ:110726,Church2025,YPM-IZ-110726,,Church et al. 2025,Physalia physalis,Physalia physalis,P_physalis,YPM-IZ-110726,NE Atlantic,Spain,36.45809,-6.25268,,TODO:Table_S7,,TODO:Church_BioProject,TODO:Church2025,/gpfs/ycga/work/dunn/sequences/illumina/physalia_novaseq4_2023/Sample_110726_136_057,1,cluster=A
Church2025:YPM-IZ-110738,YPM:IZ:110738,Church2025,YPM-IZ-110738,,Church et al. 2025,Physalia physalis,Physalia physalis,P_physalis,YPM-IZ-110738,NE Atlantic,Spain,36.45809,-6.25268,,TODO:Table_S7,,TODO:Church_BioProject,TODO:Church2025,/gpfs/ycga/work/dunn/sequences/illumina/physalia_novaseq4_2023/Sample_110738_124_069;/gpfs/ycga/work/dunn/sequences/illumina/physalia_novaseq5_2023/Sample_110738_124_069,2,cluster=A
Church2025:YPM-IZ-110777,YPM:IZ:110777,Church2025,YPM-IZ-110777,,Church et al. 2025,Physalia utriculus,Physalia utriculus,P_physalis,YPM-IZ-110777,Central Pacific,Hawai'i,21.40079,-157.7345,,TODO:Table_S7,,TODO:Church_BioProject,TODO:Church2025,/gpfs/ycga/work/dunn/sequences/illumina/physalia_novaseq4_2023/Sample_110777_112_081,1,cluster=B1
Church2025:YPM-IZ-110780,YPM:IZ:110780,Church2025,YPM-IZ-110780,,Church et al. 2025,Physalia utriculus,Physalia utriculus,P_physalis,YPM-IZ-110780,Central Pacific,Hawai'i,21.40079,-157.7345,,TODO:Table_S7,,TODO:Church_BioProject,TODO:Church2025,/gpfs/ycga/work/dunn/sequences/illumina/physalia_novaseq4_2023/Sample_110780_100_093,1,cluster=B1
Church2025:YPM-IZ-110785,YPM:IZ:110785,Church2025,YPM-IZ-110785,,Church et al. 2025,Physalia utriculus,Physalia utriculus,P_physalis,YPM-IZ-110785,Central Pacific,Hawai'i,21.40079,-157.7345,,TODO:Table_S7,,TODO:Church_BioProject,TODO:Church2025,/gpfs/ycga/work/dunn/sequences/illumina/physalia_novaseq4_2023/Sample_110785_183_010,1,cluster=B1
Church2025:YPM-IZ-110786,YPM:IZ:110786,Church2025,YPM-IZ-110786,,Church et al. 2025,Physalia utriculus,Physalia utriculus,P_physalis,YPM-IZ-110786,Central Pacific,Hawai'i,21.40079,-157.7345,,TODO:Table_S7,,TODO:Church_BioProject,TODO:Church2025,/gpfs/ycga/work/dunn/sequences/illumina/physalia_novaseq4_2023/Sample_110786_171_022,1,cluster=B1
Church2025:YPM-IZ-110828,YPM:IZ:110828,Church2025,YPM-IZ-110828,,Church et al. 2025,Physalia megalista,Physalia megalista,P_physalis,YPM-IZ-110828,SE Pacific,Chile,-29.9727,-71.3609,,TODO:Table_S7,,TODO:Church_BioProject,TODO:Church2025,/gpfs/ycga/work/dunn/sequences/illumina/physalia_novaseq4_2023/Sample_110828_159_034;/gpfs/ycga/work/dunn/sequences/illumina/physalia_novaseq5_2023/Sample_110828_159_034,2,cluster=C1
Church2025:YPM-IZ-110829,YPM:IZ:110829,Church2025,YPM-IZ-110829,,Church et al. 2025,Physalia megalista,Physalia megalista,P_physalis,YPM-IZ-110829,SE Pacific,Chile,-29.9727,-71.3609,,TODO:Table_S7,,TODO:Church_BioProject,TODO:Church2025,/gpfs/ycga/work/dunn/sequences/illumina/physalia_novaseq5_2023/Sample_110829_177_016,1,cluster=C1
Church2025:YPM-IZ-110830,YPM:IZ:110830,Church2025,YPM-IZ-110830,,Church et al. 2025,Physalia utriculus,Physalia utriculus,P_physalis,YPM-IZ-110830,SW Atlantic,Uruguay,-33.7516,-53.3801,,TODO:Table_S7,,TODO:Church_BioProject,TODO:Church2025,/gpfs/ycga/work/dunn/sequences/illumina/physalia_novaseq5_2023/Sample_110830_165_028,1,cluster=B1
Church2025:YPM-IZ-110842,YPM:IZ:110842,Church2025,YPM-IZ-110842,,Church et al. 2025,Physalia physalis,Physalia physalis,P_physalis,YPM-IZ-110842,NE Atlantic,Azores,38.524769,-28.625946,,TODO:Table_S7,,TODO:Church_BioProject,TODO:Church2025,/gpfs/ycga/work/dunn/sequences/illumina/physalia_novaseq4_2023/Sample_110842_147_046;/gpfs/ycga/work/dunn/sequences/illumina/physalia_novaseq5_2023/Sample_110842_147_046,2,cluster=A
Church2025:YPM-IZ-110843,YPM:IZ:110843,Church2025,YPM-IZ-110843,,Church et al. 2025,Physalia physalis,Physalia physalis,P_physalis,YPM-IZ-110843,NE Atlantic,Azores,37.818604,-25.543635,,TODO:Table_S7,,TODO:Church_BioProject,TODO:Church2025,/gpfs/ycga/work/dunn/sequences/illumina/physalia_novaseq4_2023/Sample_110843_135_058,1,cluster=A
Church2025:YPM-IZ-110844,YPM:IZ:110844,Church2025,YPM-IZ-110844,,Church et al. 2025,Physalia physalis,Physalia physalis,P_physalis,YPM-IZ-110844,NE Atlantic,Azores,38.524769,-28.625946,,TODO:Table_S7,,TODO:Church_BioProject,TODO:Church2025,/gpfs/ycga/work/dunn/sequences/illumina/physalia_novaseq4_2023/Sample_110844_123_070,1,cluster=A
Church2025:YPM-IZ-110845,YPM:IZ:110845,Church2025,YPM-IZ-110845,,Church et al. 2025,Physalia physalis,Physalia physalis,P_physalis,YPM-IZ-110845,NE Atlantic,Azores,37.750488,-25.624447,,TODO:Table_S7,,TODO:Church_BioProject,TODO:Church2025,/gpfs/ycga/work/dunn/sequences/illumina/physalia_novaseq4_2023/Sample_110845_111_082,1,cluster=A
Church2025:YPM-IZ-110846,YPM:IZ:110846,Church2025,YPM-IZ-110846,,Church et al. 2025,Physalia physalis,Physalia physalis,P_physalis,YPM-IZ-110846,NE Atlantic,Azores,38.523756,-28.623767,,TODO:Table_S7,,TODO:Church_BioProject,TODO:Church2025,/gpfs/ycga/work/dunn/sequences/illumina/physalia_novaseq4_2023/Sample_110846_099_094,1,cluster=A
Church2025:YPM-IZ-110847,YPM:IZ:110847,Church2025,YPM-IZ-110847,,Church et al. 2025,Physalia physalis,Physalia physalis,P_physalis,YPM-IZ-110847,NE Atlantic,Azores,38.542865,-28.618676,,TODO:Table_S7,,TODO:Church_BioProject,TODO:Church2025,/gpfs/ycga/work/dunn/sequences/illumina/physalia_novaseq4_2023/Sample_110847_182_011,1,cluster=A
Church2025:YPM-IZ-110876,YPM:IZ:110876,Church2025,YPM-IZ-110876,,Church et al. 2025,Physalia physalis,Physalia physalis,P_physalis,YPM-IZ-110876,Gulf of Mexico,Texas,29.26,-94.84,,TODO:Table_S7,,TODO:Church_BioProject,TODO:Church2025,/gpfs/ycga/work/dunn/sequences/illumina/physalia_novaseq2_2023/Sample_16TX_278_299,1,cluster=A
Church2025:YPM-IZ-110877,YPM:IZ:110877,Church2025,YPM-IZ-110877,,Church et al. 2025,Physalia sp1,Physalia sp1,P_physalis,YPM-IZ-110877,Gulf of California,Mexico,27.245,-111.5,,TODO:Table_S7,,TODO:Church_BioProject,TODO:Church2025,/gpfs/ycga/work/dunn/sequences/illumina/physalia_novaseq2_2023/Sample_GoCJUN6_195_382,2,cluster=B2
Church2025:YPM-IZ-110878,YPM:IZ:110878,Church2025,YPM-IZ-110878,,Church et al. 2025,Physalia sp1,Physalia sp1,P_physalis,YPM-IZ-110878,Gulf of California,Mexico,27.326667,-111.48,,TODO:Table_S7,,TODO:Church_BioProject,TODO:Church2025,/gpfs/ycga/work/dunn/sequences/illumina/physalia_novaseq5_2023/Sample_GoCBW1_141_052,1,cluster=B2
Church2025:YPM-IZ-110880,YPM:IZ:110880,Church2025,YPM-IZ-110880,,Church et al. 2025,Physalia physalis,Physalia physalis,P_physalis,YPM-IZ-110880,NW Atlantic,Northeast US,41.14929,-71.48114,,TODO:Table_S7,,TODO:Church_BioProject,TODO:Church2025,/gpfs/ycga/work/dunn/sequences/illumina/physalia_novaseq5_2023/Sample_CWD-BI1-1_117_076,1,cluster=A
Church2025:YPM-IZ-110881,YPM:IZ:110881,Church2025,YPM-IZ-110881,,Church et al. 2025,Physalia utriculus,Physalia utriculus,P_physalis,YPM-IZ-110881,Central Pacific,Hawai'i,19.666667,-156.083333,,TODO:Table_S7,,TODO:Church_BioProject,TODO:Church2025,/gpfs/ycga/work/dunn/sequences/illumina/physalia_novaseq4_2023/Sample_HI23BW1-16_185_008,1,cluster=B1
Church2025:YPM-IZ-110882,YPM:IZ:110882,Church2025,YPM-IZ-110882,,Church et al. 2025,Physalia utriculus,Physalia utriculus,P_physalis,YPM-IZ-110882,Central Pacific,Hawai'i,19.666667,-156.083333,,TODO:Table_S7,,TODO:Church_BioProject,TODO:Church2025,/gpfs/ycga/work/dunn/sequences/illumina/physalia_novaseq3_2023/Sample_HI23BW5-1_188_005,1,cluster=B1
Church2025:YPM-IZ-110883,YPM:IZ:110883,Church2025,YPM-IZ-110883,,Church et al. 2025,Physalia utriculus,Physalia utriculus,P_physalis,YPM-IZ-110883,Central Pacific,Hawai'i,19.666667,-156.083333,,TODO:Table_S7,,TODO:Church_BioProject,TODO:Church2025,/gpfs/ycga/work/dunn/sequences/illumina/physalia_novaseq4_2023/Sample_HI23BW5-2_173_020,1,cluster=B1
Church2025:YPM-IZ-110906,YPM:IZ:110906,Church2025,YPM-IZ-110906,,Church et al. 2025,Physalia utriculus,Physalia utriculus,P_physalis,YPM-IZ-110906,Central Pacific,NW Hawaiian Islands,26.723056,-164.766667,,TODO:Table_S7,,TODO:Church_BioProject,TODO:Church2025,/gpfs/ycga/work/dunn/sequences/illumina/physalia_novaseq5_2023/RELABEL_Sample_110906,3,cluster=B1
Church2025:YPM-IZ-110907,YPM:IZ:110907,Church2025,YPM-IZ-110907,,Church et al. 2025,Physalia utriculus,Physalia utriculus,P_physalis,YPM-IZ-110907,Central Pacific,NW Hawaiian Islands,26.08,-176.47,,TODO:Table_S7,,TODO:Church_BioProject,TODO:Church2025,/gpfs/ycga/work/dunn/sequences/illumina/physalia_novaseq5_2023/RELABEL_Sample_110907,3,cluster=B1
Church2025:YPM-IZ-110925,YPM:IZ:110925,Church2025,YPM-IZ-110925,,Church et al. 2025,Physalia utriculus,Physalia utriculus,P_physalis,YPM-IZ-110925,NW Pacific,Japan,28.40478,129.454826,,TODO:Table_S7,,TODO:Church_BioProject,TODO:Church2025,/gpfs/ycga/work/dunn/sequences/illumina/physalia_novaseq7_2023/Sample_110925_179_014,1,cluster=B1
Church2025:YPM-IZ-110926,YPM:IZ:110926,Church2025,YPM-IZ-110926,,Church et al. 2025,Physalia utriculus,Physalia utriculus,P_physalis,YPM-IZ-110926,NW Pacific,Japan,35.309561,139.47882,,TODO:Table_S7,,TODO:Church_BioProject,TODO:Church2025,/gpfs/ycga/work/dunn/sequences/illumina/physalia_novaseq7_2023/Sample_110926_119_074,1,cluster=B1
Church2025:YPM-IZ-110930,YPM:IZ:110930,Church2025,YPM-IZ-110930,,Church et al. 2025,Physalia utriculus,Physalia utriculus,P_physalis,YPM-IZ-110930,NW Pacific,Japan,35.309561,139.47882,,TODO:Table_S7,,TODO:Church_BioProject,TODO:Church2025,/gpfs/ycga/work/dunn/sequences/illumina/physalia_novaseq7_2023/Sample_110930_107_086,1,cluster=B1
Church2025:YPM-IZ-110931,YPM:IZ:110931,Church2025,YPM-IZ-110931,,Church et al. 2025,Physalia sp1,Physalia sp1,P_physalis,YPM-IZ-110931,NW Pacific,Japan,35.309561,139.47882,,TODO:Table_S7,,TODO:Church_BioProject,TODO:Church2025,/gpfs/ycga/work/dunn/sequences/illumina/physalia_novaseq6_2023/Sample_110931_098_095,1,cluster=B2
Church2025:YPM-IZ-110933,YPM:IZ:110933,Church2025,YPM-IZ-110933,,Church et al. 2025,Physalia utriculus,Physalia utriculus,P_physalis,YPM-IZ-110933,NW Pacific,Japan,35.309701,139.478831,,TODO:Table_S7,,TODO:Church_BioProject,TODO:Church2025,/gpfs/ycga/work/dunn/sequences/illumina/physalia_novaseq7_2023/Sample_110933_167_026,1,cluster=B1
Church2025:YPM-IZ-110937,YPM:IZ:110937,Church2025,YPM-IZ-110937,,Church et al. 2025,Physalia utriculus,Physalia utriculus,P_physalis,YPM-IZ-110937,NW Pacific,Japan,35.309561,139.47882,,TODO:Table_S7,,TODO:Church_BioProject,TODO:Church2025,/gpfs/ycga/work/dunn/sequences/illumina/physalia_novaseq6_2023/Sample_110937_181_012,1,cluster=B1
Church2025:YPM-IZ-110938,YPM:IZ:110938,Church2025,YPM-IZ-110938,,Church et al. 2025,Physalia utriculus,Physalia utriculus,P_physalis,YPM-IZ-110938,NW Pacific,Japan,35.309701,139.478831,,TODO:Table_S7,,TODO:Church_BioProject,TODO:Church2025,/gpfs/ycga/work/dunn/sequences/illumina/physalia_novaseq7_2023/Sample_110938_155_038,1,cluster=B1
Church2025:YPM-IZ-110943,YPM:IZ:110943,Church2025,YPM-IZ-110943,,Church et al. 2025,Physalia sp1,Physalia sp1,P_physalis,YPM-IZ-110943,NW Pacific,Japan,35.134935,140.284606,,TODO:Table_S7,,TODO:Church_BioProject,TODO:Church2025,/gpfs/ycga/work/dunn/sequences/illumina/physalia_novaseq7_2023/Sample_110943_143_050,1,cluster=B2
Church2025:YPM-IZ-110972,YPM:IZ:110972,Church2025,YPM-IZ-110972,,Church et al. 2025,Physalia physalis,Physalia physalis,P_physalis,YPM-IZ-110972,NE Atlantic,Ireland,51.83707,-10.19556,,TODO:Table_S7,,TODO:Church_BioProject,TODO:Church2025,/gpfs/ycga/work/dunn/sequences/illumina/physalia_novaseq6_2023/Sample_110972_169_024,1,cluster=A
Church2025:YPM-IZ-111006,YPM:IZ:111006,Church2025,YPM-IZ-111006,,Church et al. 2025,Physalia utriculus,Physalia utriculus,P_physalis,YPM-IZ-111006,W Indian,South Africa,-27.539919,32.67865,,TODO:Table_S7,,TODO:Church_BioProject,TODO:Church2025,/gpfs/ycga/work/dunn/sequences/illumina/physalia_novaseq6_2023/Sample_111006_145_048,1,cluster=B1
Church2025:YPM-IZ-111007,YPM:IZ:111007,Church2025,YPM-IZ-111007,,Church et al. 2025,Physalia utriculus,Physalia utriculus,P_physalis,YPM-IZ-111007,W Indian,South Africa,-27.539919,32.67865,,TODO:Table_S7,,TODO:Church_BioProject,TODO:Church2025,/gpfs/ycga/work/dunn/sequences/illumina/physalia_novaseq6_2023/Sample_111007_133_060,1,cluster=B1
Church2025:YPM-IZ-111008,YPM:IZ:111008,Church2025,YPM-IZ-111008,,Church et al. 2025,Physalia utriculus,Physalia utriculus,P_physalis,YPM-IZ-111008,W Indian,South Africa,-27.539919,32.67865,,TODO:Table_S7,,TODO:Church_BioProject,TODO:Church2025,/gpfs/ycga/work/dunn/sequences/illumina/physalia_novaseq6_2023/Sample_111008_121_072,1,cluster=B1
Church2025:YPM-IZ-111009,YPM:IZ:111009,Church2025,YPM-IZ-111009,,Church et al. 2025,Physalia utriculus,Physalia utriculus,P_physalis,YPM-IZ-111009,W Indian,South Africa,-27.539919,32.67865,,TODO:Table_S7,,TODO:Church_BioProject,TODO:Church2025,/gpfs/ycga/work/dunn/sequences/illumina/physalia_novaseq6_2023/Sample_111009_109_084,1,cluster=B1
Church2025:YPM-IZ-111010,YPM:IZ:111010,Church2025,YPM-IZ-111010,,Church et al. 2025,Physalia megalista,Physalia megalista,P_physalis,YPM-IZ-111010,W Indian,South Africa,-27.539919,32.67865,,TODO:Table_S7,,TODO:Church_BioProject,TODO:Church2025,/gpfs/ycga/work/dunn/sequences/illumina/physalia_novaseq6_2023/Sample_111010_097_096,1,cluster=C1
Church2025:YPM-IZ-111012,YPM:IZ:111012,Church2025,YPM-IZ-111012,,Church et al. 2025,Physalia physalis,Physalia physalis,P_physalis,YPM-IZ-111012,NW Atlantic,Bermuda,32.3078,-64.7505,,TODO:Table_S7,,TODO:Church_BioProject,TODO:Church2025,/gpfs/ycga/work/dunn/sequences/illumina/physalia_novaseq7_2023/Sample_111012_192_001,1,cluster=A
Church2025:YPM-IZ-111013,YPM:IZ:111013,Church2025,YPM-IZ-111013,,Church et al. 2025,Physalia physalis,Physalia physalis,P_physalis,YPM-IZ-111013,NW Atlantic,Bermuda,32.3078,-64.7505,,TODO:Table_S7,,TODO:Church_BioProject,TODO:Church2025,/gpfs/ycga/work/dunn/sequences/illumina/physalia_novaseq7_2023/Sample_111013_180_013,1,cluster=A
Church2025:YPM-IZ-111014,YPM:IZ:111014,Church2025,YPM-IZ-111014,,Church et al. 2025,Physalia physalis,Physalia physalis,P_physalis,YPM-IZ-111014,NW Atlantic,Bermuda,32.3078,-64.7505,,TODO:Table_S7,,TODO:Church_BioProject,TODO:Church2025,/gpfs/ycga/work/dunn/sequences/illumina/physalia_novaseq7_2023/Sample_111014_168_025,1,cluster=A
Church2025:YPM-IZ-111016,YPM:IZ:111016,Church2025,YPM-IZ-111016,,Church et al. 2025,Physalia physalis,Physalia physalis,P_physalis,YPM-IZ-111016,NW Atlantic,Bermuda,32.3078,-64.7505,,TODO:Table_S7,,TODO:Church_BioProject,TODO:Church2025,/gpfs/ycga/work/dunn/sequences/illumina/physalia_novaseq7_2023/Sample_111016_144_049,1,cluster=A
Church2025:YPM-IZ-111017,YPM:IZ:111017,Church2025,YPM-IZ-111017,,Church et al. 2025,Physalia physalis,Physalia physalis,P_physalis,YPM-IZ-111017,NW Atlantic,Bermuda,32.3078,-64.7505,,TODO:Table_S7,,TODO:Church_BioProject,TODO:Church2025,/gpfs/ycga/work/dunn/sequences/illumina/physalia_novaseq7_2023/Sample_111017_132_061,1,cluster=A
Church2025:YPM-IZ-111018,YPM:IZ:111018,Church2025,YPM-IZ-111018,,Church et al. 2025,Physalia physalis,Physalia physalis,P_physalis,YPM-IZ-111018,NW Atlantic,Bermuda,32.3078,-64.7505,,TODO:Table_S7,,TODO:Church_BioProject,TODO:Church2025,/gpfs/ycga/work/dunn/sequences/illumina/physalia_novaseq7_2023/Sample_111018_120_073,1,cluster=A
Church2025:YPM-IZ-111156,YPM:IZ:111156,Church2025,YPM-IZ-111156,,Church et al. 2025,Physalia megalista,Physalia megalista,P_physalis,YPM-IZ-111156,SW Pacific,Tasman Sea,-35.747,154.33,,TODO:Table_S7,,TODO:Church_BioProject,TODO:Church2025,/gpfs/ycga/work/dunn/sequences/illumina/physalia_novaseq8_2023/Sample_111156_147_046,1,cluster=C1
Church2025:YPM-IZ-111157,YPM:IZ:111157,Church2025,YPM-IZ-111157,,Church et al. 2025,Physalia megalista,Physalia megalista,P_physalis,YPM-IZ-111157,SW Pacific,Tasman Sea,-35.747,154.33,,TODO:Table_S7,,TODO:Church_BioProject,TODO:Church2025,/gpfs/ycga/work/dunn/sequences/illumina/physalia_novaseq8_2023/Sample_111157_135_058,1,cluster=C1
Church2025:YPM-IZ-111158,YPM:IZ:111158,Church2025,YPM-IZ-111158,,Church et al. 2025,Physalia megalista,Physalia megalista,P_physalis,YPM-IZ-111158,SW Pacific,Tasman Sea,-35.747,154.33,,TODO:Table_S7,,TODO:Church_BioProject,TODO:Church2025,/gpfs/ycga/work/dunn/sequences/illumina/physalia_novaseq8_2023/Sample_111158_123_070,1,cluster=C1
Church2025:YPM-IZ-111159,YPM:IZ:111159,Church2025,YPM-IZ-111159,,Church et al. 2025,Physalia megalista,Physalia megalista,P_physalis,YPM-IZ-111159,SW Pacific,Tasman Sea,-35.747,154.33,,TODO:Table_S7,,TODO:Church_BioProject,TODO:Church2025,/gpfs/ycga/work/dunn/sequences/illumina/physalia_novaseq8_2023/Sample_111159_111_082,1,cluster=C1
Church2025:YPM-IZ-111160,YPM:IZ:111160,Church2025,YPM-IZ-111160,,Church et al. 2025,Physalia megalista,Physalia megalista,P_physalis,YPM-IZ-111160,SW Pacific,Tasman Sea,-35.747,154.33,,TODO:Table_S7,,TODO:Church_BioProject,TODO:Church2025,/gpfs/ycga/work/dunn/sequences/illumina/physalia_novaseq8_2023/Sample_111160_099_094,1,cluster=C1
Church2025:YPM-IZ-111163,YPM:IZ:111163,Church2025,YPM-IZ-111163,,Church et al. 2025,Physalia utriculus,Physalia utriculus,P_physalis,YPM-IZ-111163,SW Pacific,New South Wales,-33.9475,151.257361,,TODO:Table_S7,,TODO:Church_BioProject,TODO:Church2025,/gpfs/ycga/work/dunn/sequences/illumina/physalia_novaseq8_2023/Sample_111163_159_034,1,cluster=B1
Church2025:YPM-IZ-111207,YPM:IZ:111207,Church2025,YPM-IZ-111207,,Church et al. 2025,Physalia minuta,Physalia minuta,P_physalis,YPM-IZ-111207,SW Pacific,New Zealand,-36.89515,174.443889,,TODO:Table_S7,,TODO:Church_BioProject,TODO:Church2025,/gpfs/ycga/work/dunn/sequences/illumina/physalia_novaseq8_2023/Sample_CWD_NZ31_158_035;/gpfs/ycga/work/dunn/sequences/illumina/physalia_novaseq8_2023/Sample_CWD_NZ31_158_035_idefko,2,cluster=C2
Church2025:YPM-IZ-111208,YPM:IZ:111208,Church2025,YPM-IZ-111208,,Church et al. 2025,Physalia minuta,Physalia minuta,P_physalis,YPM-IZ-111208,SW Pacific,New Zealand,-36.89515,174.443889,,TODO:Table_S7,,TODO:Church_BioProject,TODO:Church2025,/gpfs/ycga/work/dunn/sequences/illumina/physalia_novaseq8_2023/Sample_CWD_NZ32_146_047;/gpfs/ycga/work/dunn/sequences/illumina/physalia_novaseq8_2023/Sample_CWD_NZ32_146_047_ndxgok,2,cluster=C2
Church2025:YPM-IZ-111209,YPM:IZ:111209,Church2025,YPM-IZ-111209,,Church et al. 2025,Physalia minuta,Physalia minuta,P_physalis,YPM-IZ-111209,SW Pacific,New Zealand,-36.89515,174.443889,,TODO:Table_S7,,TODO:Church_BioProject,TODO:Church2025,/gpfs/ycga/work/dunn/sequences/illumina/physalia_novaseq8_2023/Sample_CWD_NZ33_182_011,1,cluster=C2
Church2025:YPM-IZ-111210,YPM:IZ:111210,Church2025,YPM-IZ-111210,,Church et al. 2025,Physalia minuta,Physalia minuta,P_physalis,YPM-IZ-111210,SW Pacific,New Zealand,-36.89515,174.443889,,TODO:Table_S7,,TODO:Church_BioProject,TODO:Church2025,/gpfs/ycga/work/dunn/sequences/illumina/physalia_novaseq8_2023/Sample_CWD_NZ34_134_059;/gpfs/ycga/work/dunn/sequences/illumina/physalia_novaseq8_2023/Sample_CWD_NZ34_134_059_xtagte,2,cluster=C2
Church2025:YPM-IZ-111241,YPM:IZ:111241,Church2025,YPM-IZ-111241,,Church et al. 2025,Physalia minuta,Physalia minuta,P_physalis,YPM-IZ-111241,SW Pacific,New Zealand,-36.89515,174.443889,,TODO:Table_S7,,TODO:Church_BioProject,TODO:Church2025,/gpfs/ycga/work/dunn/sequences/illumina/S2_additional_samples_skimming_2024/Sample_111241_129_064;/gpfs/ycga/work/dunn/sequences/illumina/S2_additional_samples_skimming_2024/Sample_111241_129_064_mzvihe,2,cluster=C2
Church2025:YPM-IZ-111243,YPM:IZ:111243,Church2025,YPM-IZ-111243,,Church et al. 2025,Physalia minuta,Physalia minuta,P_physalis,YPM-IZ-111243,SW Pacific,New Zealand,-36.89515,174.443889,,TODO:Table_S7,,TODO:Church_BioProject,TODO:Church2025,/gpfs/ycga/work/dunn/sequences/illumina/S2_additional_samples_skimming_2024/Sample_111243_153_040;/gpfs/ycga/work/dunn/sequences/illumina/S2_additional_samples_skimming_2024/Sample_111243_153_040_pzscdl,2,cluster=C2
Church2025:YPM-IZ-111495,YPM:IZ:111495,Church2025,YPM-IZ-111495,,Church et al. 2025,Physalia megalista,Physalia megalista,P_physalis,YPM-IZ-111495,SW Pacific,New Zealand,-35.954891,173.744757,,TODO:Table_S7,,TODO:Church_BioProject,TODO:Church2025,/gpfs/ycga/work/dunn/sequences/illumina/S2_additional_samples_skimming_2024/Sample_111495_165_028;/gpfs/ycga/work/dunn/sequences/illumina/S2_additional_samples_skimming_2024/Sample_111495_165_028_zfzhfg,2,cluster=C1
Church2025:YPM-IZ-111513,YPM:IZ:111513,Church2025,YPM-IZ-111513,,Church et al. 2025,Physalia megalista,Physalia megalista,P_physalis,YPM-IZ-111513,SW Pacific,New Zealand,-36.082526,173.856312,,TODO:Table_S7,,TODO:Church_BioProject,TODO:Church2025,/gpfs/ycga/work/dunn/sequences/illumina/S2_additional_samples_skimming_2024/Sample_111513_177_016;/gpfs/ycga/work/dunn/sequences/illumina/S2_additional_samples_skimming_2024/Sample_111513_177_016_davwdh,2,cluster=C1
Church2025:YPM-IZ-111514,YPM:IZ:111514,Church2025,YPM-IZ-111514,,Church et al. 2025,Physalia megalista,Physalia megalista,P_physalis,YPM-IZ-111514,SW Pacific,New Zealand,-36.082526,173.856312,,TODO:Table_S7,,TODO:Church_BioProject,TODO:Church2025,/gpfs/ycga/work/dunn/sequences/illumina/physalia_novaseq9_2023/Sample_111514_147_046;/gpfs/ycga/work/dunn/sequences/illumina/physalia_novaseq9_2023/Sample_111514_147_046_btgeyv,2,cluster=C1
Church2025:YPM-IZ-111517,YPM:IZ:111517,Church2025,YPM-IZ-111517,,Church et al. 2025,Physalia megalista,Physalia megalista,P_physalis,YPM-IZ-111517,SW Pacific,New Zealand,-36.082526,173.856312,,TODO:Table_S7,,TODO:Church_BioProject,TODO:Church2025,/gpfs/ycga/work/dunn/sequences/illumina/physalia_novaseq9_2023/Sample_YPM-IZ-111517_116_077,1,cluster=C1
Church2025:YPM-IZ-111518,YPM:IZ:111518,Church2025,YPM-IZ-111518,,Church et al. 2025,Physalia megalista,Physalia megalista,P_physalis,YPM-IZ-111518,SW Pacific,New Zealand,-36.082526,173.856312,,TODO:Table_S7,,TODO:Church_BioProject,TODO:Church2025,/gpfs/ycga/work/dunn/sequences/illumina/physalia_novaseq9_2023/Sample_YPM-IZ-111518_104_089,1,cluster=C1
Church2025:YPM-IZ-111519,YPM:IZ:111519,Church2025,YPM-IZ-111519,,Church et al. 2025,Physalia megalista,Physalia megalista,P_physalis,YPM-IZ-111519,SW Pacific,New Zealand,-36.082526,173.856312,,TODO:Table_S7,,TODO:Church_BioProject,TODO:Church2025,/gpfs/ycga/work/dunn/sequences/illumina/physalia_novaseq9_2023/Sample_111519_135_058,1,cluster=C1
Church2025:YPM-IZ-111520,YPM:IZ:111520,Church2025,YPM-IZ-111520,,Church et al. 2025,Physalia megalista,Physalia megalista,P_physalis,YPM-IZ-111520,SW Pacific,New Zealand,-36.082526,173.856312,,TODO:Table_S7,,TODO:Church_BioProject,TODO:Church2025,/gpfs/ycga/work/dunn/sequences/illumina/physalia_novaseq9_2023/Sample_YPM-IZ-111520_187_006,1,cluster=C1
Church2025:YPM-IZ-111521,YPM:IZ:111521,Church2025,YPM-IZ-111521,,Church et al. 2025,Physalia megalista,Physalia megalista,P_physalis,YPM-IZ-111521,SW Pacific,New Zealand,-36.082526,173.856312,,TODO:Table_S7,,TODO:Church_BioProject,TODO:Church2025,/gpfs/ycga/work/dunn/sequences/illumina/physalia_novaseq9_2023/Sample_YPM-IZ-111521_175_018,1,cluster=C1
Church2025:YPM-IZ-111529,YPM:IZ:111529,Church2025,YPM-IZ-111529,,Church et al. 2025,Physalia megalista,Physalia megalista,P_physalis,YPM-IZ-111529,SW Pacific,New Zealand,-35.954891,173.744757,,TODO:Table_S7,,TODO:Church_BioProject,TODO:Church2025,/gpfs/ycga/work/dunn/sequences/illumina/physalia_novaseq9_2023/Sample_YPM-IZ-111529_163_030,1,cluster=C1
Church2025:YPM-IZ-111530,YPM:IZ:111530,Church2025,YPM-IZ-111530,,Church et al. 2025,Physalia megalista,Physalia megalista,P_physalis,YPM-IZ-111530,SW Pacific,New Zealand,-35.954891,173.744757,,TODO:Table_S7,,TODO:Church_BioProject,TODO:Church2025,/gpfs/ycga/work/dunn/sequences/illumina/physalia_novaseq9_2023/Sample_YPM-IZ-111530_151_042,1,cluster=C1
Church2025:YPM-IZ-111539,YPM:IZ:111539,Church2025,YPM-IZ-111539,,Church et al. 2025,Physalia megalista,Physalia megalista,P_physalis,YPM-IZ-111539,SW Pacific,New Zealand,-35.954891,173.744757,,TODO:Table_S7,,TODO:Church_BioProject,TODO:Church2025,/gpfs/ycga/work/dunn/sequences/illumina/physalia_novaseq9_2023/Sample_YPM-IZ-111539_139_054,1,cluster=C1
Church2025:YPM-IZ-111547,YPM:IZ:111547,Church2025,YPM-IZ-111547,,Church et al. 2025,Physalia utriculus,Physalia utriculus,P_physalis,YPM-IZ-111547,Central Pacific,Hawai'i,21.40079,-157.7345,,TODO:Table_S7,,TODO:Church_BioProject,TODO:Church2025,/gpfs/ycga/work/dunn/sequences/illumina/S2_additional_samples_skimming_2024/Sample_111547_141_052,1,cluster=B1
Church2025:YPM-IZ-111839,YPM:IZ:111839,Church2025,YPM-IZ-111839,,Church et al. 2025,Physalia sp1,Physalia sp1,P_physalis,YPM-IZ-111839,Central Pacific,Central Pacific,8.355,-156.89,,TODO:Table_S7,,TODO:Church_BioProject,TODO:Church2025,/gpfs/ycga/work/dunn/sequences/Sample_S238-015_102_091,1,cluster=B2
Church2025:YPM-IZ-111840,YPM:IZ:111840,Church2025,YPM-IZ-111840,,Church et al. 2025,Physalia utriculus,Physalia utriculus,P_physalis,YPM-IZ-111840,Central Pacific,Central Pacific,9.5217,-157.425,,TODO:Table_S7,,TODO:Church_BioProject,TODO:Church2025,/gpfs/ycga/work/dunn/sequences/Sample_S238-013_114_079,1,cluster=B1
Ahuja2024:CWD1,YPM:IZ:35024,Ahuja2024,CWD1,,Ahuja et al. 2024,Agalma clausi,Agalma clausi,none,OC381-18-6,,Atlantic Ocean,,,37.43 N 72.68 W,2002-09-22,,TODO:Ahuja2024_BioProject,TODO:Ahuja2024,/gpfs/ycga/work/dunn/sequences/illumina/Novaseq_siphgenomes/Sample_CWD1_122_071,2,
Ahuja2024:CWD101,YPM:IZ:35090,Ahuja2024,CWD101,,Ahuja et al. 2024,Apolemia sp. 3 CWD-2005,Apolemia sp. 3 CWD-2005,none,Tib595D1,,Pacific Ocean,,,36.23 N 122.77 W,2003-07-18,,TODO:Ahuja2024_BioProject,TODO:Ahuja2024,/gpfs/ycga/work/dunn/sequences/illumina/Novaseq_siphgenomes/Sample_CWD101_172_021,2,
Ahuja2024:CWD104,Tib596SS12,Ahuja2024,CWD104,,Ahuja et al. 2024,Bargmannia elongata,Bargmannia elongata,none,Tib596SS12,,Pacific Ocean,,,36.22 N 123.77 W,2003-07-19,,TODO:Ahuja2024_BioProject,TODO:Ahuja2024,/gpfs/ycga/work/dunn/sequences/illumina/Novaseq_siphgenomes/Sample_CWD104_320_257,1,
Ahuja2024:CWD11,YPM:IZ:35076,Ahuja2024,CWD11,,Ahuja et al. 2024,Stephanomia amphytridis,Stephanomia amphytridis,none,JSL3272D1,,Atlantic Ocean,,,40.31 N 68.13 W,2002-07-03,,TODO:Ahuja2024_BioProject,TODO:Ahuja2024,/gpfs/ycga/work/dunn/sequences/illumina/Novaseq_siphgenomes/Sample_CWD11_146_047,3,
Ahuja2024:CWD116,MBARI071903BW,Ahuja2024,CWD116,,Ahuja et al. 2024,Agalma elegans,Agalma elegans,none,MBARI071903BW,,Pacific Ocean,,,36.22 N 123.77 W,2003-07-19,,TODO:Ahuja2024_BioProject,TODO:Ahuja2024,/gpfs/ycga/work/dunn/sequences/illumina/Novaseq_siphgenomes/Sample_CWD116_134_059,5,
Ahuja2024:CWD117,YPM:IZ:35045,Ahuja2024,CWD117,,Ahuja et al. 2024,Hippopodius hippopus,Hippopodius hippopus,none,OC394-5-4,,Atlantic Ocean,,,39.70 N 70.92 W,1999-06-28,,TODO:Ahuja2024_BioProject,TODO:Ahuja2024,/gpfs/ycga/work/dunn/sequences/illumina/Novaseq_siphgenomes/Sample_CWD117_160_033,3,
Ahuja2024:CWD12,YPM:IZ:35038,Ahuja2024,CWD12,,Ahuja et al. 2024,Halistemma rubrum,Halistemma rubrum,none,VF041603,,Mediterranean Sea,,,43.68 N 7.33 E,2003-04-16,,TODO:Ahuja2024_BioProject,TODO:Ahuja2024,/gpfs/ycga/work/dunn/sequences/illumina/Novaseq_siphgenomes/Sample_CWD12_098_095,2,
Ahuja2024:CWD121,YPM:IZ:35350,Ahuja2024,CWD121,,Ahuja et al. 2024,Abylopsis tetragona,Abylopsis tetragona,none,OC394-6-22,,Atlantic Ocean,,,39.75 N 70.87 W,1999-06-28,,TODO:Ahuja2024_BioProject,TODO:Ahuja2024,/gpfs/ycga/work/dunn/sequences/illumina/Novaseq_siphgenomes/Sample_CWD121_145_048,2,
Ahuja2024:CWD122,YPM:IZ:35049,Ahuja2024,CWD122,,Ahuja et al. 2024,Chelophyes appendiculata,Chelophyes appendiculata,none,OC394-5-19,,Atlantic Ocean,,,39.7 N 70.90 W,1999-06-28,,TODO:Ahuja2024_BioProject,TODO:Ahuja2024,/gpfs/ycga/work/dunn/sequences/illumina/Novaseq_siphgenomes/Sample_CWD122_133_060,4,
Ahuja2024:CWD131,YPM:IZ:35355,Ahuja2024,CWD131,,Ahuja et al. 2024,Rhizophysa eysenhardtii,Rhizophysa eysenhardtii,none,BW415May03GOC#59,,Pacific Ocean,,,24.32 N 109.20 W,2003-03-15,,TODO:Ahuja2024_BioProject,TODO:Ahuja2024,/gpfs/ycga/work/dunn/sequences/illumina/Novaseq_siphgenomes/Sample_CWD131_148_045,3,
Ahuja2024:CWD141,YPM:IZ:35358,Ahuja2024,CWD141,,Ahuja et al. 2024,Stephalia dilata,Stephalia dilata,none,26III03-GOC#188,,Pacific Ocean,,,24.31 N 109.20 W,2003-03-26,,TODO:Ahuja2024_BioProject,TODO:Ahuja2024,/gpfs/ycga/work/dunn/sequences/illumina/Novaseq_siphgenomes/Sample_CWD141_136_057,3,
Ahuja2024:CWD144,YPM:IZ:35360,Ahuja2024,CWD144,,Ahuja et al. 2024,Gymnopraia lapislazula,Gymnopraia lapislazula,none,Tib105SS8,,Pacific Ocean,,,36.70 N 122.04 W,2000-01-13,,TODO:Ahuja2024_BioProject,TODO:Ahuja2024,/gpfs/ycga/work/dunn/sequences/illumina/Novaseq_siphgenomes/Sample_CWD144_124_069,4,
Ahuja2024:CWD146,YPM:IZ:35362,Ahuja2024,CWD146,,Ahuja et al. 2024,Erenna sirena,Erenna sirena,none,531D3,,Pacific Ocean,,,24.32 N 109.2 W,2003-03-13,,TODO:Ahuja2024_BioProject,TODO:Ahuja2024,/gpfs/ycga/work/dunn/sequences/illumina/Novaseq_siphgenomes/Sample_CWD146_112_081,3,
Ahuja2024:CWD16,YPM:IZ:35039,Ahuja2024,CWD16,Ahuja2026,Ahuja et al. 2024,Nanomia bijuga,Nanomia bijuga,none,OC379-11-7,,Atlantic Ocean,,,37.45 N 74.02 W,2002-06-08,,TODO:Ahuja2024_BioProject,TODO:Ahuja2024,/gpfs/ycga/work/dunn/sequences/illumina/Novaseq_siphgenomes/Sample_CWD16_296_281,1,
Ahuja2024:CWD17,YPM:IZ:35040,Ahuja2024,CWD17,,Ahuja et al. 2024,Halistemma rubrum,Halistemma rubrum,none,OC381-3-20,,Atlantic Ocean,,,38.85 N 72.45 W,2002-09-16,,TODO:Ahuja2024_BioProject,TODO:Ahuja2024,/gpfs/ycga/work/dunn/sequences/illumina/Novaseq_siphgenomes/Sample_CWD17_181_012,3,
Ahuja2024:CWD19,YPM:IZ:35346,Ahuja2024,CWD19,,Ahuja et al. 2024,Praya dubia,Praya dubia,none,MBARI03129,,Pacific Ocean,,,36.71 N 122.05 W,1999-03-12,,TODO:Ahuja2024_BioProject,TODO:Ahuja2024,/gpfs/ycga/work/dunn/sequences/illumina/Novaseq_siphgenomes/Sample_CWD19_308_269,1,
Ahuja2024:CWD2,YPM:IZ:35029,Ahuja2024,CWD2,,Ahuja et al. 2024,Agalma elegans,Agalma elegans,none,OC381-7-27,,Atlantic Ocean,,,37.63 N 73.45 W,2002-09-18,,TODO:Ahuja2024_BioProject,TODO:Ahuja2024,/gpfs/ycga/work/dunn/sequences/illumina/Novaseq_siphgenomes/Sample_CWD2_110_083,2,
Ahuja2024:CWD20,YPM:IZ:35347,Ahuja2024,CWD20,,Ahuja et al. 2024,Rhizophysa filiformis,Rhizophysa filiformis,none,MBARI-OC,,Atlantic Ocean,,,40.31 N 68.14 W,1999-07-20,,TODO:Ahuja2024_BioProject,TODO:Ahuja2024,/gpfs/ycga/work/dunn/sequences/illumina/Novaseq_siphgenomes/Sample_CWD20_169_024,3,
Ahuja2024:CWD21,YPM:IZ:35041,Ahuja2024,CWD21,,Ahuja et al. 2024,Rosacea flaccida,Rosacea flaccida,none,OC381-22-18,,Atlantic Ocean,,,38.9 N 70.27 W,2002-09-24,,TODO:Ahuja2024_BioProject,TODO:Ahuja2024,/gpfs/ycga/work/dunn/sequences/illumina/Novaseq_siphgenomes/Sample_CWD21_157_036,2,
Ahuja2024:CWD3,YPM:IZ:35030,Ahuja2024,CWD3,,Ahuja et al. 2024,Agalma okenii,Agalma okenii,none,OC381-5-5,,Atlantic Ocean,,,38.17 N 72.98 W,2002-09-17,,TODO:Ahuja2024_BioProject,TODO:Ahuja2024,/gpfs/ycga/work/dunn/sequences/illumina/Novaseq_siphgenomes/Sample_CWD3_101_092,3,
Ahuja2024:CWD6,YPM:IZ:35032,Ahuja2024,CWD6,,Ahuja et al. 2024,Cordagalma,Cordagalma,none,OC379-16-20,,Atlantic Ocean,,,37.68 N 73.13 W,2002-06-11,,TODO:Ahuja2024_BioProject,TODO:Ahuja2024,/gpfs/ycga/work/dunn/sequences/illumina/Novaseq_siphgenomes/Sample_CWD6_184_009,2,
Ahuja2024:CWD7,YPM:IZ:35033,Ahuja2024,CWD7,,Ahuja et al. 2024,Diphyes dispar,Diphyes dispar,none,OC381-9-4,,Atlantic Ocean,,,36.98 N 73.85 W,2002-09-19,,TODO:Ahuja2024_BioProject,TODO:Ahuja2024,/gpfs/ycga/work/dunn/sequences/illumina/Novaseq_siphgenomes/Sample_CWD7_158_035,3,
Ahuja2024:NA1,YPM:IZ:110225,Ahuja2024,NA1,,Ahuja et al. 2024,Chuniphyes multidentata,Chuniphyes multidentata,none,D1398-SS8,,Pacific Ocean,,,36.224784 N 123.14242 W,2021-10-29,,TODO:Ahuja2024_BioProject,TODO:Ahuja2024,/gpfs/ycga/work/dunn/sequences/illumina/Novaseq_siphgenomes/Sample_NA1_100_093,3,
Ahuja2024:NA10,T987-D2,Ahuja2024,NA10,,Ahuja et al. 2024,Resomia ornicephala,Resomia ornicephala,none,T987-D2,,Pacific Ocean,,,35.648785 N 122.737913 W,2006-05-16,,TODO:Ahuja2024_BioProject,TODO:Ahuja2024,/gpfs/ycga/work/dunn/sequences/illumina/Novaseq_siphgenomes/Sample_NA10_182_011,4,
Ahuja2024:NA11,T845-D3,Ahuja2024,NA11,,Ahuja et al. 2024,Resomia ornicephala,Resomia ornicephala,none,T845-D3,,Pacific Ocean,,,36.6990 N 122.0578 W,2005-04-09,,TODO:Ahuja2024_BioProject,TODO:Ahuja2024,/gpfs/ycga/work/dunn/sequences/illumina/Novaseq_siphgenomes/Sample_NA11_170_023,2,
Ahuja2024:NA2,D1399-D4,Ahuja2024,NA2,,Ahuja et al. 2024,Physonectae,Physonectae,none,D1399-D4,,Pacific Ocean,,,36.698 N 122.0716 W,2021-10-30,,TODO:Ahuja2024_BioProject,TODO:Ahuja2024,/gpfs/ycga/work/dunn/sequences/illumina/Novaseq_siphgenomes/Sample_NA2_183_010,3,
Ahuja2024:NA22,YPM:IZ:104465,Ahuja2024,NA22,,Ahuja et al. 2024,Physalia (utriculus; maps to P. physalis ref),Physalia (utriculus; maps to P. physalis ref),P_physalis,Guam-104465,,Pacific Ocean,,,13.428 N 144.799 W,2018-11-23,,TODO:Ahuja2024_BioProject,TODO:Ahuja2024,/gpfs/ycga/work/dunn/sequences/illumina/Novaseq_siphgenomes/Sample_NA22_176_017,1,Physalia utriculus (Guam); maps to P. physalis ref
Ahuja2024:NA3,D1399-D5,Ahuja2024,NA3,,Ahuja et al. 2024,Forskalia,Forskalia,none,D1399-D5,,Pacific Ocean,,,36.697 N 122.0724 W,2021-10-30,,TODO:Ahuja2024_BioProject,TODO:Ahuja2024,/gpfs/ycga/work/dunn/sequences/illumina/Novaseq_siphgenomes/Sample_NA3_171_022,3,
Ahuja2024:NA4,D1398-SS11,Ahuja2024,NA4,,Ahuja et al. 2024,Praya,Praya,none,D1398-SS11,,Pacific Ocean,,,36.2235 N 123.143176 W,2021-10-30,,TODO:Ahuja2024_BioProject,TODO:Ahuja2024,/gpfs/ycga/work/dunn/sequences/illumina/Novaseq_siphgenomes/Sample_NA4_159_034,3,
Ahuja2024:NA5,D1399-D12,Ahuja2024,NA5,,Ahuja et al. 2024,Apolemia rubriversa,Apolemia rubriversa,none,D1399-D12,,Pacific Ocean,,,36.698 N 122.0719 W,2021-10-30,,TODO:Ahuja2024_BioProject,TODO:Ahuja2024,/gpfs/ycga/work/dunn/sequences/illumina/Novaseq_siphgenomes/Sample_NA5_147_046,3,
Ahuja2024:NA6,V4355-SS6,Ahuja2024,NA6,,Ahuja et al. 2024,Craseoa lathetica,Craseoa lathetica,none,V4355-SS6,,Pacific Ocean,,,36.6844 N 122.072 W,2021-09-23,,TODO:Ahuja2024_BioProject,TODO:Ahuja2024,/gpfs/ycga/work/dunn/sequences/illumina/Novaseq_siphgenomes/Sample_NA6_135_058,2,
Ahuja2024:NA7,V4355-D3,Ahuja2024,NA7,,Ahuja et al. 2024,Lilyopsis fluoracantha,Lilyopsis fluoracantha,none,V4355-D3,,Pacific Ocean,,,36.6842 N 122.0727 W,2021-09-23,,TODO:Ahuja2024_BioProject,TODO:Ahuja2024,/gpfs/ycga/work/dunn/sequences/illumina/Novaseq_siphgenomes/Sample_NA7_123_070,3,
Ahuja2024:NA8,YPM:IZ:110226,Ahuja2024,NA8,,Ahuja et al. 2024,Bargmannia lata,Bargmannia lata,none,D1398-D1,,Pacific Ocean,,,36.225 N 123.1424 W,2021-10-29,,TODO:Ahuja2024_BioProject,TODO:Ahuja2024,/gpfs/ycga/work/dunn/sequences/illumina/Novaseq_siphgenomes/Sample_NA8_111_082,2,
Ahuja2024:NA9,D199-SS8,Ahuja2024,NA9,,Ahuja et al. 2024,Frillagalma vityazi,Frillagalma vityazi,none,D199-SS8,,Pacific Ocean,,,36.6996 N 122.0999 W,2010-10-12,,TODO:Ahuja2024_BioProject,TODO:Ahuja2024,/gpfs/ycga/work/dunn/sequences/illumina/Novaseq_siphgenomes/Sample_NA9_099_094,3,
Ahuja2026:NA19,YPM:IZ:111744,Ahuja2026,NA19,Ahuja2024,Ahuja et al. 2024,Nanomia septata,Nanomia (CO1 per Ahuja 2026),N_septata,V3698-D2,NE Pacific,California,36.69898,-122.05013,"36.698983, -122.050126",2013-02-11,,SRR23143273,PRJNA925656,/gpfs/ycga/work/dunn/sequences/illumina/Nanomia_novaseq/Sample_NA19_152_041,1,routing R (properly-paired to N. septata ref)
Ahuja2026:NA28,YPM:IZ:110451,Ahuja2026,NA28,,New,Nanomia sp.,Nanomia (CO1 per Ahuja 2026),none,RI2-5,NW Atlantic,Rhode Island,41.03600,-71.39900,"41.036, -71.399",2013-08-30,,SRR33215983,PRJNA1252167,/gpfs/ycga/work/dunn/sequences/illumina/Nanomia_novaseq/Sample_NA28_165_028,1,RI cluster = N. bijuga (3) + N. cara (1); per-specimen CO1 needed (Ahuja 2026)
Ahuja2026:NA29,YPM:IZ:111733,Ahuja2026,NA29,,New,Nanomia sp.,Nanomia (CO1 per Ahuja 2026),none,KOK BW4-2,N Pacific,Hawai'i,19.34417,-156.07585,"19.344170, -156.075853",2017-03-16,,SRR33215966,PRJNA1252167,/gpfs/ycga/work/dunn/sequences/illumina/Nanomia_novaseq/Sample_NA29_141_052,1,"HI cluster = N. bijuga (2) + N. sp. 1 (1, undescribed); per-specimen CO1 needed (Ahuja 2026)"
Ahuja2026:NA30,YPM:IZ:111732,Ahuja2026,NA30,,New,Nanomia bijuga,Nanomia (CO1 per Ahuja 2026),none,V13,Mediterranean,France,43.69000,7.31000,"43.690000, 7.310000",2011-04-01,,SRR33215979,PRJNA1252167,/gpfs/ycga/work/dunn/sequences/illumina/Nanomia_novaseq/Sample_NA30_153_040,1,Villefranche (Mediterranean)
Ahuja2026:NA31,YPM:IZ:111742,Ahuja2026,NA31,,New,Nanomia bijuga,Nanomia (CO1 per Ahuja 2026),none,GOCBW2 nanomia,Gulf of California,Gulf of California,27.59167,-111.51667,"27.591667, -111.516667",2010-06-18,,SRR33215969,PRJNA1252167,/gpfs/ycga/work/dunn/sequences/illumina/Nanomia_novaseq/Sample_NA31_164_029,1,
Ahuja2026:NA32,YPM:IZ:111740,Ahuja2026,NA32,,New,Nanomia bijuga,Nanomia (CO1 per Ahuja 2026),none,GoC2015 BW6 nanomia,Gulf of California,Gulf of California,22.91667,-108.11667,"22.916667, -108.116667",2015-03-13,,SRR33215968,PRJNA1252167,/gpfs/ycga/work/dunn/sequences/illumina/Nanomia_novaseq/Sample_NA32_152_041,1,
Ahuja2026:NA33,YPM:IZ:111741,Ahuja2026,NA33,,New,Nanomia bijuga,Nanomia (CO1 per Ahuja 2026),none,GoCBW8 nanomia,Gulf of California,Gulf of California,24.18333,-108.63333,"24.183333, -108.633333",2015-03-15,,SRR33215967,PRJNA1252167,/gpfs/ycga/work/dunn/sequences/illumina/Nanomia_novaseq/Sample_NA33_140_053,1,
Ahuja2026:NA34,YPM:IZ:111164,Ahuja2026,NA34,,New,Nanomia septata,Nanomia (CO1 per Ahuja 2026),N_septata,Nanomia-FHL-A,NE Pacific,Washington,48.54505,-123.01214,"48.54505, -123.012141",2024-06-16,,SRR33215978,PRJNA1252167,/gpfs/ycga/work/dunn/sequences/illumina/Nanomia_novaseq/Sample_NA34_103_090,1,routing R (properly-paired to N. septata ref)
Ahuja2026:NA35,YPM:IZ:111165,Ahuja2026,NA35,,New,Nanomia septata,Nanomia (CO1 per Ahuja 2026),N_septata,Nanomia-FHL-B,NE Pacific,Washington,48.54505,-123.01214,"48.54505, -123.012141",2024-06-16,,SRR33215977,PRJNA1252167,/gpfs/ycga/work/dunn/sequences/illumina/Nanomia_novaseq/Sample_NA35_186_007,2,routing R (properly-paired to N. septata ref)
Ahuja2026:NA36,YPM:IZ:111166,Ahuja2026,NA36,,New,Nanomia septata,Nanomia (CO1 per Ahuja 2026),N_septata,Nanomia-FHL-C,NE Pacific,Washington,48.54505,-123.01214,"48.54505, -123.012141",2024-06-16,,SRR33215976,PRJNA1252167,/gpfs/ycga/work/dunn/sequences/illumina/Nanomia_novaseq/Sample_NA36_174_019,1,routing R (properly-paired to N. septata ref)
Ahuja2026:NA37,YPM:IZ:111590,Ahuja2026,NA37,,New,Nanomia sp.,Nanomia (CO1 per Ahuja 2026),none,"HI-NA-43, tube 1265",N Pacific,Hawai'i,19.61830,-156.08420,"19.6183, -156.0842",2024-04-12,,SRR33215975,PRJNA1252167,/gpfs/ycga/work/dunn/sequences/illumina/S2_assorted_samples_skimming_2024/Sample_NA37_085_108,1,"HI cluster = N. bijuga (2) + N. sp. 1 (1, undescribed); per-specimen CO1 needed (Ahuja 2026)"
Ahuja2026:NA38,YPM:IZ:111591,Ahuja2026,NA38,,New,Nanomia sp.,Nanomia (CO1 per Ahuja 2026),none,"HI-NA-42, tube 1267",N Pacific,Hawai'i,19.61830,-156.08420,"19.6183, -156.0842",2024-04-12,,SRR33215974,PRJNA1252167,/gpfs/ycga/work/dunn/sequences/illumina/S2_assorted_samples_skimming_2024/Sample_NA38_173_020,1,"HI cluster = N. bijuga (2) + N. sp. 1 (1, undescribed); per-specimen CO1 needed (Ahuja 2026)"
Ahuja2026:WS10,YPM:IZ:111745,Ahuja2026,WS10,,New,Nanomia septata,Nanomia (CO1 per Ahuja 2026),N_septata,"V3557-D4, #51",NE Pacific,California,36.70092,-122.04954,"36.700917, -122.049541",2010-05-03,,SRR33215970,PRJNA1252167,/gpfs/ycga/work/dunn/sequences/illumina/Nanomia_novaseq/Sample_WS10_143_050,2,routing R (properly-paired to N. septata ref)
Ahuja2026:WS2,YPM:IZ:110216,Ahuja2026,WS2,,New,Nanomia sp.,Nanomia (CO1 per Ahuja 2026),none,RI2-8,NW Atlantic,Rhode Island,41.03600,-71.39900,"41.036, -71.399",2013-08-30,,SRR33215982,PRJNA1252167,/gpfs/ycga/work/dunn/sequences/illumina/Nanomia_novaseq/Sample_WS2_120_073,2,RI cluster = N. bijuga (3) + N. cara (1); per-specimen CO1 needed (Ahuja 2026)
Ahuja2026:WS3,YPM:IZ:111734,Ahuja2026,WS3,,New,Nanomia sp.,Nanomia (CO1 per Ahuja 2026),none,"RI8-28, #24",NW Atlantic,Rhode Island,41.13500,-71.36600,"41.135, -71.366",2015-09-15,,SRR33215981,PRJNA1252167,/gpfs/ycga/work/dunn/sequences/illumina/Nanomia_novaseq/Sample_WS3_108_085,2,RI cluster = N. bijuga (3) + N. cara (1); per-specimen CO1 needed (Ahuja 2026)
Ahuja2026:WS4,YPM:IZ:111735,Ahuja2026,WS4,,New,Nanomia sp.,Nanomia (CO1 per Ahuja 2026),none,RI6-12-C10,NW Atlantic,Rhode Island,41.05600,-71.34200,"41.056, -71.342",2014-08-20,,SRR33215980,PRJNA1252167,/gpfs/ycga/work/dunn/sequences/illumina/Nanomia_novaseq/Sample_WS4_191_002,4,RI cluster = N. bijuga (3) + N. cara (1); per-specimen CO1 needed (Ahuja 2026)
Ahuja2026:WS5,YPM:IZ:111736,Ahuja2026,WS5,,New,Nanomia septata,Nanomia (CO1 per Ahuja 2026),N_septata,"D325-SS12, #9",NE Pacific,California,36.60064,-122.37689,"36.600636, -122.376887",2011-12-02,,SRR33215985,PRJNA1252167,/gpfs/ycga/work/dunn/sequences/illumina/Nanomia_novaseq/Sample_WS5_179_014,2,routing R (properly-paired to N. septata ref)
Ahuja2026:WS6,YPM:IZ:111737,Ahuja2026,WS6,,New,Nanomia septata,Nanomia (CO1 per Ahuja 2026),N_septata,"D326-SS1, #28",NE Pacific,California,36.07181,-122.28211,"36.071808, -122.282111",2011-12-03,,SRR33215984,PRJNA1252167,/gpfs/ycga/work/dunn/sequences/illumina/Nanomia_novaseq/Sample_WS6_190_003,2,routing R (properly-paired to N. septata ref)
Ahuja2026:WS7,YPM:IZ:111738,Ahuja2026,WS7,,New,Nanomia septata,Nanomia (CO1 per Ahuja 2026),N_septata,"D331-SS5a, #136",NE Pacific,California,36.69937,-122.10107,"36.699365, -122.101074",2011-12-07,,SRR33215973,PRJNA1252167,/gpfs/ycga/work/dunn/sequences/illumina/Nanomia_novaseq/Sample_WS7_167_026,2,routing R (properly-paired to N. septata ref)
Ahuja2026:WS8,YPM:IZ:111739,Ahuja2026,WS8,,New,Nanomia septata,Nanomia (CO1 per Ahuja 2026),N_septata,"D500-SS12, #190",NE Pacific,California,36.64741,-122.11321,"36.647412, -122.113209",2013-07-15,,SRR33215972,PRJNA1252167,/gpfs/ycga/work/dunn/sequences/illumina/Nanomia_novaseq/Sample_WS8_155_038,2,routing R (properly-paired to N. septata ref)
Ahuja2026:WS9,YPM:IZ:107008,Ahuja2026,WS9,,New,Nanomia septata,Nanomia (CO1 per Ahuja 2026),N_septata,"D614-SS12, #225",NE Pacific,California,35.52000,-122.52390,"35.520, -122.5239",2014-05-22,,SRR33215971,PRJNA1252167,/gpfs/ycga/work/dunn/sequences/illumina/Nanomia_novaseq/Sample_WS9_178_015,2,routing R (properly-paired to N. septata ref)
