resource_id	category	version	path	status	path_size_bytes	checksum_anchor	anchor_size_bytes	anchor_sha256	notes
host_physalia	host_reference	GCA_041430235.2	/gpfs/ycga/work/dunn/cwd7/databases/refgenomes/physalia_physalis/GCA_041430235.2_Physalia_TX2017-38_primary_02_genomic.fna	ready	3369297654	/gpfs/ycga/work/dunn/cwd7/databases/refgenomes/physalia_physalis/GCA_041430235.2_Physalia_TX2017-38_primary_02_genomic.fna.gz	794342213	114f62a168b6fca5e7532afe5686b71cbbb0a16302df20987868192b8710a1ff	complete NCBI genomic download; whole-genome subtraction target
host_nanomia_septata	host_reference	GCA_048301705.1	/gpfs/ycga/work/dunn/cwd7/databases/refgenomes/nanomia_septata/GCA_048301705.1_ASM4830170v1_genomic.fna	ready	1818956660	/gpfs/ycga/work/dunn/cwd7/databases/refgenomes/nanomia_septata/GCA_048301705.1_ASM4830170v1_genomic.fna.gz	476268357	e82909128d8ecd53937c5d87db0fe17d217f71e84dc17f7578b350e1c97d483e	complete NCBI genomic download; whole-genome subtraction target
kraken2_standard	screen_database	k2_standard_20240904	/gpfs/gibbs/data/db/kraken2/standard	ready		/gpfs/gibbs/data/db/kraken2/k2_standard_20240904/inspect.txt	3505860	c776d3bae8b05fd532e6d84fde96c329e25ffcf9c00701fbc0a9c49fa5bf5e27	81 GB standard database; anchor is Kraken inspection report
sylph_gtdb	screen_database	GTDB r220 c200	/gpfs/ycga/work/dunn/cwd7/databases/sylph_gtdb_r220/gtdb-r220-c200-dbv1.syldb	ready	14061572967	/gpfs/ycga/work/dunn/cwd7/databases/sylph_gtdb_r220/gtdb-r220-c200-dbv1.syldb	14061572967	ea775d0a8010179fc6ef0d96975c8f826a23684b073d030d1fe0c7a404a82323	full database file checksummed
sylph_oceandna	screen_database	OceanDNA c200 v0.3	/gpfs/ycga/work/dunn/cwd7/databases/sylph_gtdb_r220/OceanDNA-c200-v0.3.syldb	ready	827489083	/gpfs/ycga/work/dunn/cwd7/databases/sylph_gtdb_r220/OceanDNA-c200-v0.3.syldb	827489083	dfcde48e310d02f97c0413f97f9c4cb0f3c48a80653b7e2a4775b5a6bfaca1cb	full database file checksummed
phyloflash_silva	screen_database	SILVA 138.1 NR99	/gpfs/ycga/work/dunn/cwd7/databases/phyloflash_silva/138.1	ready		/gpfs/ycga/work/dunn/cwd7/databases/phyloflash_silva/138.1/SILVA_SSU.noLSU.masked.trimmed.NR99.fixed.fasta	670106887	96d9f1e46f271292c95935d759734e9b0ba4a4549f1b5ab1ea79482feef59a00	local phyloFlash build; source FASTA checksummed
gtdbtk	taxonomy_database	r220	/gpfs/ycga/work/dunn/cwd7/databases/gtdbtk_r220/release220	ready		/gpfs/ycga/work/dunn/cwd7/databases/gtdbtk_r220/release220/metadata/metadata.txt	335	d279563971fc54a36c119bc5e82c52457d5b2ef68b1877f4356d8c5aaddb5e14	VERSION_DATA=r220 metadata anchor
checkm2	quality_database	local pilot install	/gpfs/ycga/work/dunn/cwd7/databases/checkm2_db/CheckM2_database	ready		/gpfs/ycga/work/dunn/cwd7/databases/checkm2_db/CheckM2_database/uniref100.KO.1.dmnd	3082500605	aff3badcd2bd389539e833b5a0d446c13fb257d71abcb6c73fac38e8ab070acb	full DIAMOND database checksummed
genomad	virus_database	1.9	/gpfs/ycga/work/dunn/cwd7/databases/genomad_db/genomad_db	ready		/gpfs/ycga/work/dunn/cwd7/databases/genomad_db/genomad_db/genomad_db	1396912843	e75e699f2bfb503a7205c5a5f39708ffcfa5bb339ad81dc25f9d2f814d2a9b9a	full main MMseqs database component checksummed
checkv	virus_database	1.5	/gpfs/ycga/work/dunn/cwd7/databases/checkv_db/checkv-db-v1.5	ready		/gpfs/ycga/work/dunn/cwd7/databases/checkv_db/checkv-db-v1.5/genome_db/checkv_info.tsv	10864827	0978d72d4a9ab97414985d58aca6ee82115f1a038c368d5e710274ef920d897b	versioned database metadata anchor
