library_id	field	before	after
Church2025:FM-16644	depth_m		0
Church2025:FM-16644	collection_depth_source		docs/metadata_depth_conventions.md
Church2025:FM-16644	collection_depth_basis		curator_assigned_surface
Church2025:NIWA-173304	depth_m		0
Church2025:NIWA-173304	collection_depth_source		docs/metadata_depth_conventions.md
Church2025:NIWA-173304	collection_depth_basis		curator_assigned_surface
Church2025:NIWA-173305	depth_m		0
Church2025:NIWA-173305	collection_depth_source		docs/metadata_depth_conventions.md
Church2025:NIWA-173305	collection_depth_basis		curator_assigned_surface
Church2025:OA-190531-1	depth_m		0
Church2025:OA-190531-1	collection_depth_source		docs/metadata_depth_conventions.md
Church2025:OA-190531-1	collection_depth_basis		curator_assigned_surface
Church2025:OA-Bluebottle	depth_m		0
Church2025:OA-Bluebottle	collection_depth_source		docs/metadata_depth_conventions.md
Church2025:OA-Bluebottle	collection_depth_basis		curator_assigned_surface
Church2025:TMAG-K5632	depth_m		0
Church2025:TMAG-K5632	collection_depth_source		docs/metadata_depth_conventions.md
Church2025:TMAG-K5632	collection_depth_basis		curator_assigned_surface
Church2025:TMAG-K5633	depth_m		0
Church2025:TMAG-K5633	collection_depth_source		docs/metadata_depth_conventions.md
Church2025:TMAG-K5633	collection_depth_basis		curator_assigned_surface
Church2025:TMAG-K5634	depth_m		0
Church2025:TMAG-K5634	collection_depth_source		docs/metadata_depth_conventions.md
Church2025:TMAG-K5634	collection_depth_basis		curator_assigned_surface
Church2025:TMAG-K5635	depth_m		0
Church2025:TMAG-K5635	collection_depth_source		docs/metadata_depth_conventions.md
Church2025:TMAG-K5635	collection_depth_basis		curator_assigned_surface
Church2025:TMAG-K5636	depth_m		0
Church2025:TMAG-K5636	collection_depth_source		docs/metadata_depth_conventions.md
Church2025:TMAG-K5636	collection_depth_basis		curator_assigned_surface
Church2025:WAM-Z88480	depth_m		0
Church2025:WAM-Z88480	collection_depth_source		docs/metadata_depth_conventions.md
Church2025:WAM-Z88480	collection_depth_basis		curator_assigned_surface
Church2025:WAM-Z97900	depth_m		0
Church2025:WAM-Z97900	collection_depth_source		docs/metadata_depth_conventions.md
Church2025:WAM-Z97900	collection_depth_basis		curator_assigned_surface
Church2025:WAM-Z97901	depth_m		0
Church2025:WAM-Z97901	collection_depth_source		docs/metadata_depth_conventions.md
Church2025:WAM-Z97901	collection_depth_basis		curator_assigned_surface
Church2025:WAM-Z97902	depth_m		0
Church2025:WAM-Z97902	collection_depth_source		docs/metadata_depth_conventions.md
Church2025:WAM-Z97902	collection_depth_basis		curator_assigned_surface
Church2025:WAM-Z97903	depth_m		0
Church2025:WAM-Z97903	collection_depth_source		docs/metadata_depth_conventions.md
Church2025:WAM-Z97903	collection_depth_basis		curator_assigned_surface
Church2025:WAM-Z97906	depth_m		0
Church2025:WAM-Z97906	collection_depth_source		docs/metadata_depth_conventions.md
Church2025:WAM-Z97906	collection_depth_basis		curator_assigned_surface
Church2025:WAM-Z97907	depth_m		0
Church2025:WAM-Z97907	collection_depth_source		docs/metadata_depth_conventions.md
Church2025:WAM-Z97907	collection_depth_basis		curator_assigned_surface
Church2025:WAM-Z97908	depth_m		0
Church2025:WAM-Z97908	collection_depth_source		docs/metadata_depth_conventions.md
Church2025:WAM-Z97908	collection_depth_basis		curator_assigned_surface
Church2025:WAM-Z97910	depth_m		0
Church2025:WAM-Z97910	collection_depth_source		docs/metadata_depth_conventions.md
Church2025:WAM-Z97910	collection_depth_basis		curator_assigned_surface
Church2025:WAM-Z97911	depth_m		0
Church2025:WAM-Z97911	collection_depth_source		docs/metadata_depth_conventions.md
Church2025:WAM-Z97911	collection_depth_basis		curator_assigned_surface
Church2025:WAM-Z97914	depth_m		0
Church2025:WAM-Z97914	collection_depth_source		docs/metadata_depth_conventions.md
Church2025:WAM-Z97914	collection_depth_basis		curator_assigned_surface
Church2025:WAM-Z97916	depth_m		0
Church2025:WAM-Z97916	collection_depth_source		docs/metadata_depth_conventions.md
Church2025:WAM-Z97916	collection_depth_basis		curator_assigned_surface
Church2025:WAM-Z97917	depth_m		0
Church2025:WAM-Z97917	collection_depth_source		docs/metadata_depth_conventions.md
Church2025:WAM-Z97917	collection_depth_basis		curator_assigned_surface
Church2025:WAM-Z97920	depth_m		0
Church2025:WAM-Z97920	collection_depth_source		docs/metadata_depth_conventions.md
Church2025:WAM-Z97920	collection_depth_basis		curator_assigned_surface
Church2025:WAM-Z97921	depth_m		0
Church2025:WAM-Z97921	collection_depth_source		docs/metadata_depth_conventions.md
Church2025:WAM-Z97921	collection_depth_basis		curator_assigned_surface
Church2025:WAM-Z97923	depth_m		0
Church2025:WAM-Z97923	collection_depth_source		docs/metadata_depth_conventions.md
Church2025:WAM-Z97923	collection_depth_basis		curator_assigned_surface
Church2025:YPM-IZ-104460	depth_m		0
Church2025:YPM-IZ-104460	collection_depth_source		docs/metadata_depth_conventions.md
Church2025:YPM-IZ-104460	collection_depth_basis		curator_assigned_surface
Church2025:YPM-IZ-104461	depth_m		0
Church2025:YPM-IZ-104461	collection_depth_source		docs/metadata_depth_conventions.md
Church2025:YPM-IZ-104461	collection_depth_basis		curator_assigned_surface
Church2025:YPM-IZ-104464	depth_m		0
Church2025:YPM-IZ-104464	collection_depth_source		docs/metadata_depth_conventions.md
Church2025:YPM-IZ-104464	collection_depth_basis		curator_assigned_surface
Church2025:YPM-IZ-104465	collection_depth_basis		source_record
Church2025:YPM-IZ-106919	depth_m		0
Church2025:YPM-IZ-106919	collection_depth_source		docs/metadata_depth_conventions.md
Church2025:YPM-IZ-106919	collection_depth_basis		curator_assigned_surface
Church2025:YPM-IZ-106920	depth_m		0
Church2025:YPM-IZ-106920	collection_depth_source		docs/metadata_depth_conventions.md
Church2025:YPM-IZ-106920	collection_depth_basis		curator_assigned_surface
Church2025:YPM-IZ-106923	depth_m		0
Church2025:YPM-IZ-106923	collection_depth_source		docs/metadata_depth_conventions.md
Church2025:YPM-IZ-106923	collection_depth_basis		curator_assigned_surface
Church2025:YPM-IZ-106935	depth_m		0
Church2025:YPM-IZ-106935	collection_depth_source		docs/metadata_depth_conventions.md
Church2025:YPM-IZ-106935	collection_depth_basis		curator_assigned_surface
Church2025:YPM-IZ-106936	depth_m		0
Church2025:YPM-IZ-106936	collection_depth_source		docs/metadata_depth_conventions.md
Church2025:YPM-IZ-106936	collection_depth_basis		curator_assigned_surface
Church2025:YPM-IZ-106937	depth_m		0
Church2025:YPM-IZ-106937	collection_depth_source		docs/metadata_depth_conventions.md
Church2025:YPM-IZ-106937	collection_depth_basis		curator_assigned_surface
Church2025:YPM-IZ-106941	depth_m		0
Church2025:YPM-IZ-106941	collection_depth_source		docs/metadata_depth_conventions.md
Church2025:YPM-IZ-106941	collection_depth_basis		curator_assigned_surface
Church2025:YPM-IZ-106943	depth_m		0
Church2025:YPM-IZ-106943	collection_depth_source		docs/metadata_depth_conventions.md
Church2025:YPM-IZ-106943	collection_depth_basis		curator_assigned_surface
Church2025:YPM-IZ-106954	depth_m		0
Church2025:YPM-IZ-106954	collection_depth_source		docs/metadata_depth_conventions.md
Church2025:YPM-IZ-106954	collection_depth_basis		curator_assigned_surface
Church2025:YPM-IZ-106958	depth_m		0
Church2025:YPM-IZ-106958	collection_depth_source		docs/metadata_depth_conventions.md
Church2025:YPM-IZ-106958	collection_depth_basis		curator_assigned_surface
Church2025:YPM-IZ-110251	depth_m		0
Church2025:YPM-IZ-110251	collection_depth_source		docs/metadata_depth_conventions.md
Church2025:YPM-IZ-110251	collection_depth_basis		curator_assigned_surface
Church2025:YPM-IZ-110254	depth_m		0
Church2025:YPM-IZ-110254	collection_depth_source		docs/metadata_depth_conventions.md
Church2025:YPM-IZ-110254	collection_depth_basis		curator_assigned_surface
Church2025:YPM-IZ-110264	depth_m		0
Church2025:YPM-IZ-110264	collection_depth_source		docs/metadata_depth_conventions.md
Church2025:YPM-IZ-110264	collection_depth_basis		curator_assigned_surface
Church2025:YPM-IZ-110268	depth_m		0
Church2025:YPM-IZ-110268	collection_depth_source		docs/metadata_depth_conventions.md
Church2025:YPM-IZ-110268	collection_depth_basis		curator_assigned_surface
Church2025:YPM-IZ-110269	depth_m		0
Church2025:YPM-IZ-110269	collection_depth_source		docs/metadata_depth_conventions.md
Church2025:YPM-IZ-110269	collection_depth_basis		curator_assigned_surface
Church2025:YPM-IZ-110276	depth_m		0
Church2025:YPM-IZ-110276	collection_depth_source		docs/metadata_depth_conventions.md
Church2025:YPM-IZ-110276	collection_depth_basis		curator_assigned_surface
Church2025:YPM-IZ-110277	depth_m		0
Church2025:YPM-IZ-110277	collection_depth_source		docs/metadata_depth_conventions.md
Church2025:YPM-IZ-110277	collection_depth_basis		curator_assigned_surface
Church2025:YPM-IZ-110278	depth_m		0
Church2025:YPM-IZ-110278	collection_depth_source		docs/metadata_depth_conventions.md
Church2025:YPM-IZ-110278	collection_depth_basis		curator_assigned_surface
Church2025:YPM-IZ-110433	depth_m		0
Church2025:YPM-IZ-110433	collection_depth_source		docs/metadata_depth_conventions.md
Church2025:YPM-IZ-110433	collection_depth_basis		curator_assigned_surface
Church2025:YPM-IZ-110434	depth_m		0
Church2025:YPM-IZ-110434	collection_depth_source		docs/metadata_depth_conventions.md
Church2025:YPM-IZ-110434	collection_depth_basis		curator_assigned_surface
Church2025:YPM-IZ-110436	depth_m		0
Church2025:YPM-IZ-110436	collection_depth_source		docs/metadata_depth_conventions.md
Church2025:YPM-IZ-110436	collection_depth_basis		curator_assigned_surface
Church2025:YPM-IZ-110438	depth_m		0
Church2025:YPM-IZ-110438	collection_depth_source		docs/metadata_depth_conventions.md
Church2025:YPM-IZ-110438	collection_depth_basis		curator_assigned_surface
Church2025:YPM-IZ-110443	depth_m		0
Church2025:YPM-IZ-110443	collection_depth_source		docs/metadata_depth_conventions.md
Church2025:YPM-IZ-110443	collection_depth_basis		curator_assigned_surface
Church2025:YPM-IZ-110460	depth_m		0
Church2025:YPM-IZ-110460	collection_depth_source		docs/metadata_depth_conventions.md
Church2025:YPM-IZ-110460	collection_depth_basis		curator_assigned_surface
Church2025:YPM-IZ-110467	depth_m		0
Church2025:YPM-IZ-110467	collection_depth_source		docs/metadata_depth_conventions.md
Church2025:YPM-IZ-110467	collection_depth_basis		curator_assigned_surface
Church2025:YPM-IZ-110468	depth_m		0
Church2025:YPM-IZ-110468	collection_depth_source		docs/metadata_depth_conventions.md
Church2025:YPM-IZ-110468	collection_depth_basis		curator_assigned_surface
Church2025:YPM-IZ-110469	depth_m		0
Church2025:YPM-IZ-110469	collection_depth_source		docs/metadata_depth_conventions.md
Church2025:YPM-IZ-110469	collection_depth_basis		curator_assigned_surface
Church2025:YPM-IZ-110470	depth_m		0
Church2025:YPM-IZ-110470	collection_depth_source		docs/metadata_depth_conventions.md
Church2025:YPM-IZ-110470	collection_depth_basis		curator_assigned_surface
Church2025:YPM-IZ-110471	depth_m		0
Church2025:YPM-IZ-110471	collection_depth_source		docs/metadata_depth_conventions.md
Church2025:YPM-IZ-110471	collection_depth_basis		curator_assigned_surface
Church2025:YPM-IZ-110473	depth_m		0
Church2025:YPM-IZ-110473	collection_depth_source		docs/metadata_depth_conventions.md
Church2025:YPM-IZ-110473	collection_depth_basis		curator_assigned_surface
Church2025:YPM-IZ-110474	depth_m		0
Church2025:YPM-IZ-110474	collection_depth_source		docs/metadata_depth_conventions.md
Church2025:YPM-IZ-110474	collection_depth_basis		curator_assigned_surface
Church2025:YPM-IZ-110480	depth_m		0
Church2025:YPM-IZ-110480	collection_depth_source		docs/metadata_depth_conventions.md
Church2025:YPM-IZ-110480	collection_depth_basis		curator_assigned_surface
Church2025:YPM-IZ-110515	depth_m		0
Church2025:YPM-IZ-110515	collection_depth_source		docs/metadata_depth_conventions.md
Church2025:YPM-IZ-110515	collection_depth_basis		curator_assigned_surface
Church2025:YPM-IZ-110520	depth_m		0
Church2025:YPM-IZ-110520	collection_depth_source		docs/metadata_depth_conventions.md
Church2025:YPM-IZ-110520	collection_depth_basis		curator_assigned_surface
Church2025:YPM-IZ-110526	depth_m		0
Church2025:YPM-IZ-110526	collection_depth_source		docs/metadata_depth_conventions.md
Church2025:YPM-IZ-110526	collection_depth_basis		curator_assigned_surface
Church2025:YPM-IZ-110556	depth_m		0
Church2025:YPM-IZ-110556	collection_depth_source		docs/metadata_depth_conventions.md
Church2025:YPM-IZ-110556	collection_depth_basis		curator_assigned_surface
Church2025:YPM-IZ-110557	depth_m		0
Church2025:YPM-IZ-110557	collection_depth_source		docs/metadata_depth_conventions.md
Church2025:YPM-IZ-110557	collection_depth_basis		curator_assigned_surface
Church2025:YPM-IZ-110558	depth_m		0
Church2025:YPM-IZ-110558	collection_depth_source		docs/metadata_depth_conventions.md
Church2025:YPM-IZ-110558	collection_depth_basis		curator_assigned_surface
Church2025:YPM-IZ-110566	depth_m		0
Church2025:YPM-IZ-110566	collection_depth_source		docs/metadata_depth_conventions.md
Church2025:YPM-IZ-110566	collection_depth_basis		curator_assigned_surface
Church2025:YPM-IZ-110569	depth_m		0
Church2025:YPM-IZ-110569	collection_depth_source		docs/metadata_depth_conventions.md
Church2025:YPM-IZ-110569	collection_depth_basis		curator_assigned_surface
Church2025:YPM-IZ-110600	depth_m		0
Church2025:YPM-IZ-110600	collection_depth_source		docs/metadata_depth_conventions.md
Church2025:YPM-IZ-110600	collection_depth_basis		curator_assigned_surface
Church2025:YPM-IZ-110602	depth_m		0
Church2025:YPM-IZ-110602	collection_depth_source		docs/metadata_depth_conventions.md
Church2025:YPM-IZ-110602	collection_depth_basis		curator_assigned_surface
Church2025:YPM-IZ-110605	depth_m		0
Church2025:YPM-IZ-110605	collection_depth_source		docs/metadata_depth_conventions.md
Church2025:YPM-IZ-110605	collection_depth_basis		curator_assigned_surface
Church2025:YPM-IZ-110612	depth_m		0
Church2025:YPM-IZ-110612	collection_depth_source		docs/metadata_depth_conventions.md
Church2025:YPM-IZ-110612	collection_depth_basis		curator_assigned_surface
Church2025:YPM-IZ-110613	depth_m		0
Church2025:YPM-IZ-110613	collection_depth_source		docs/metadata_depth_conventions.md
Church2025:YPM-IZ-110613	collection_depth_basis		curator_assigned_surface
Church2025:YPM-IZ-110616	depth_m		0
Church2025:YPM-IZ-110616	collection_depth_source		docs/metadata_depth_conventions.md
Church2025:YPM-IZ-110616	collection_depth_basis		curator_assigned_surface
Church2025:YPM-IZ-110631	depth_m		0
Church2025:YPM-IZ-110631	collection_depth_source		docs/metadata_depth_conventions.md
Church2025:YPM-IZ-110631	collection_depth_basis		curator_assigned_surface
Church2025:YPM-IZ-110633	depth_m		0
Church2025:YPM-IZ-110633	collection_depth_source		docs/metadata_depth_conventions.md
Church2025:YPM-IZ-110633	collection_depth_basis		curator_assigned_surface
Church2025:YPM-IZ-110667	depth_m		0
Church2025:YPM-IZ-110667	collection_depth_source		docs/metadata_depth_conventions.md
Church2025:YPM-IZ-110667	collection_depth_basis		curator_assigned_surface
Church2025:YPM-IZ-110694	depth_m		0
Church2025:YPM-IZ-110694	collection_depth_source		docs/metadata_depth_conventions.md
Church2025:YPM-IZ-110694	collection_depth_basis		curator_assigned_surface
Church2025:YPM-IZ-110716	depth_m		0
Church2025:YPM-IZ-110716	collection_depth_source		docs/metadata_depth_conventions.md
Church2025:YPM-IZ-110716	collection_depth_basis		curator_assigned_surface
Church2025:YPM-IZ-110726	depth_m		0
Church2025:YPM-IZ-110726	collection_depth_source		docs/metadata_depth_conventions.md
Church2025:YPM-IZ-110726	collection_depth_basis		curator_assigned_surface
Church2025:YPM-IZ-110738	depth_m		0
Church2025:YPM-IZ-110738	collection_depth_source		docs/metadata_depth_conventions.md
Church2025:YPM-IZ-110738	collection_depth_basis		curator_assigned_surface
Church2025:YPM-IZ-110777	depth_m		0
Church2025:YPM-IZ-110777	collection_depth_source		docs/metadata_depth_conventions.md
Church2025:YPM-IZ-110777	collection_depth_basis		curator_assigned_surface
Church2025:YPM-IZ-110780	depth_m		0
Church2025:YPM-IZ-110780	collection_depth_source		docs/metadata_depth_conventions.md
Church2025:YPM-IZ-110780	collection_depth_basis		curator_assigned_surface
Church2025:YPM-IZ-110785	depth_m		0
Church2025:YPM-IZ-110785	collection_depth_source		docs/metadata_depth_conventions.md
Church2025:YPM-IZ-110785	collection_depth_basis		curator_assigned_surface
Church2025:YPM-IZ-110786	depth_m		0
Church2025:YPM-IZ-110786	collection_depth_source		docs/metadata_depth_conventions.md
Church2025:YPM-IZ-110786	collection_depth_basis		curator_assigned_surface
Church2025:YPM-IZ-110828	depth_m		0
Church2025:YPM-IZ-110828	collection_depth_source		docs/metadata_depth_conventions.md
Church2025:YPM-IZ-110828	collection_depth_basis		curator_assigned_surface
Church2025:YPM-IZ-110829	depth_m		0
Church2025:YPM-IZ-110829	collection_depth_source		docs/metadata_depth_conventions.md
Church2025:YPM-IZ-110829	collection_depth_basis		curator_assigned_surface
Church2025:YPM-IZ-110830	depth_m		0
Church2025:YPM-IZ-110830	collection_depth_source		docs/metadata_depth_conventions.md
Church2025:YPM-IZ-110830	collection_depth_basis		curator_assigned_surface
Church2025:YPM-IZ-110842	depth_m		0
Church2025:YPM-IZ-110842	collection_depth_source		docs/metadata_depth_conventions.md
Church2025:YPM-IZ-110842	collection_depth_basis		curator_assigned_surface
Church2025:YPM-IZ-110843	depth_m		0
Church2025:YPM-IZ-110843	collection_depth_source		docs/metadata_depth_conventions.md
Church2025:YPM-IZ-110843	collection_depth_basis		curator_assigned_surface
Church2025:YPM-IZ-110844	depth_m		0
Church2025:YPM-IZ-110844	collection_depth_source		docs/metadata_depth_conventions.md
Church2025:YPM-IZ-110844	collection_depth_basis		curator_assigned_surface
Church2025:YPM-IZ-110845	depth_m		0
Church2025:YPM-IZ-110845	collection_depth_source		docs/metadata_depth_conventions.md
Church2025:YPM-IZ-110845	collection_depth_basis		curator_assigned_surface
Church2025:YPM-IZ-110846	depth_m		0
Church2025:YPM-IZ-110846	collection_depth_source		docs/metadata_depth_conventions.md
Church2025:YPM-IZ-110846	collection_depth_basis		curator_assigned_surface
Church2025:YPM-IZ-110847	depth_m		0
Church2025:YPM-IZ-110847	collection_depth_source		docs/metadata_depth_conventions.md
Church2025:YPM-IZ-110847	collection_depth_basis		curator_assigned_surface
Church2025:YPM-IZ-110876	depth_m		0
Church2025:YPM-IZ-110876	collection_depth_source		docs/metadata_depth_conventions.md
Church2025:YPM-IZ-110876	collection_depth_basis		curator_assigned_surface
Church2025:YPM-IZ-110877	depth_m		0
Church2025:YPM-IZ-110877	collection_depth_source		docs/metadata_depth_conventions.md
Church2025:YPM-IZ-110877	collection_depth_basis		curator_assigned_surface
Church2025:YPM-IZ-110878	depth_m		0
Church2025:YPM-IZ-110878	collection_depth_source		docs/metadata_depth_conventions.md
Church2025:YPM-IZ-110878	collection_depth_basis		curator_assigned_surface
Church2025:YPM-IZ-110880	depth_m		0
Church2025:YPM-IZ-110880	collection_depth_source		docs/metadata_depth_conventions.md
Church2025:YPM-IZ-110880	collection_depth_basis		curator_assigned_surface
Church2025:YPM-IZ-110881	depth_m		0
Church2025:YPM-IZ-110881	collection_depth_source		docs/metadata_depth_conventions.md
Church2025:YPM-IZ-110881	collection_depth_basis		curator_assigned_surface
Church2025:YPM-IZ-110882	depth_m		0
Church2025:YPM-IZ-110882	collection_depth_source		docs/metadata_depth_conventions.md
Church2025:YPM-IZ-110882	collection_depth_basis		curator_assigned_surface
Church2025:YPM-IZ-110883	depth_m		0
Church2025:YPM-IZ-110883	collection_depth_source		docs/metadata_depth_conventions.md
Church2025:YPM-IZ-110883	collection_depth_basis		curator_assigned_surface
Church2025:YPM-IZ-110906	depth_m		0
Church2025:YPM-IZ-110906	collection_depth_source		docs/metadata_depth_conventions.md
Church2025:YPM-IZ-110906	collection_depth_basis		curator_assigned_surface
Church2025:YPM-IZ-110907	depth_m		0
Church2025:YPM-IZ-110907	collection_depth_source		docs/metadata_depth_conventions.md
Church2025:YPM-IZ-110907	collection_depth_basis		curator_assigned_surface
Church2025:YPM-IZ-110925	depth_m		0
Church2025:YPM-IZ-110925	collection_depth_source		docs/metadata_depth_conventions.md
Church2025:YPM-IZ-110925	collection_depth_basis		curator_assigned_surface
Church2025:YPM-IZ-110926	depth_m		0
Church2025:YPM-IZ-110926	collection_depth_source		docs/metadata_depth_conventions.md
Church2025:YPM-IZ-110926	collection_depth_basis		curator_assigned_surface
Church2025:YPM-IZ-110930	depth_m		0
Church2025:YPM-IZ-110930	collection_depth_source		docs/metadata_depth_conventions.md
Church2025:YPM-IZ-110930	collection_depth_basis		curator_assigned_surface
Church2025:YPM-IZ-110931	depth_m		0
Church2025:YPM-IZ-110931	collection_depth_source		docs/metadata_depth_conventions.md
Church2025:YPM-IZ-110931	collection_depth_basis		curator_assigned_surface
Church2025:YPM-IZ-110933	depth_m		0
Church2025:YPM-IZ-110933	collection_depth_source		docs/metadata_depth_conventions.md
Church2025:YPM-IZ-110933	collection_depth_basis		curator_assigned_surface
Church2025:YPM-IZ-110937	depth_m		0
Church2025:YPM-IZ-110937	collection_depth_source		docs/metadata_depth_conventions.md
Church2025:YPM-IZ-110937	collection_depth_basis		curator_assigned_surface
Church2025:YPM-IZ-110938	depth_m		0
Church2025:YPM-IZ-110938	collection_depth_source		docs/metadata_depth_conventions.md
Church2025:YPM-IZ-110938	collection_depth_basis		curator_assigned_surface
Church2025:YPM-IZ-110943	depth_m		0
Church2025:YPM-IZ-110943	collection_depth_source		docs/metadata_depth_conventions.md
Church2025:YPM-IZ-110943	collection_depth_basis		curator_assigned_surface
Church2025:YPM-IZ-110972	depth_m		0
Church2025:YPM-IZ-110972	collection_depth_source		docs/metadata_depth_conventions.md
Church2025:YPM-IZ-110972	collection_depth_basis		curator_assigned_surface
Church2025:YPM-IZ-111006	depth_m		0
Church2025:YPM-IZ-111006	collection_depth_source		docs/metadata_depth_conventions.md
Church2025:YPM-IZ-111006	collection_depth_basis		curator_assigned_surface
Church2025:YPM-IZ-111007	depth_m		0
Church2025:YPM-IZ-111007	collection_depth_source		docs/metadata_depth_conventions.md
Church2025:YPM-IZ-111007	collection_depth_basis		curator_assigned_surface
Church2025:YPM-IZ-111008	depth_m		0
Church2025:YPM-IZ-111008	collection_depth_source		docs/metadata_depth_conventions.md
Church2025:YPM-IZ-111008	collection_depth_basis		curator_assigned_surface
Church2025:YPM-IZ-111009	depth_m		0
Church2025:YPM-IZ-111009	collection_depth_source		docs/metadata_depth_conventions.md
Church2025:YPM-IZ-111009	collection_depth_basis		curator_assigned_surface
Church2025:YPM-IZ-111010	depth_m		0
Church2025:YPM-IZ-111010	collection_depth_source		docs/metadata_depth_conventions.md
Church2025:YPM-IZ-111010	collection_depth_basis		curator_assigned_surface
Church2025:YPM-IZ-111012	depth_m		0
Church2025:YPM-IZ-111012	collection_depth_source		docs/metadata_depth_conventions.md
Church2025:YPM-IZ-111012	collection_depth_basis		curator_assigned_surface
Church2025:YPM-IZ-111013	depth_m		0
Church2025:YPM-IZ-111013	collection_depth_source		docs/metadata_depth_conventions.md
Church2025:YPM-IZ-111013	collection_depth_basis		curator_assigned_surface
Church2025:YPM-IZ-111014	depth_m		0
Church2025:YPM-IZ-111014	collection_depth_source		docs/metadata_depth_conventions.md
Church2025:YPM-IZ-111014	collection_depth_basis		curator_assigned_surface
Church2025:YPM-IZ-111016	depth_m		0
Church2025:YPM-IZ-111016	collection_depth_source		docs/metadata_depth_conventions.md
Church2025:YPM-IZ-111016	collection_depth_basis		curator_assigned_surface
Church2025:YPM-IZ-111017	depth_m		0
Church2025:YPM-IZ-111017	collection_depth_source		docs/metadata_depth_conventions.md
Church2025:YPM-IZ-111017	collection_depth_basis		curator_assigned_surface
Church2025:YPM-IZ-111018	depth_m		0
Church2025:YPM-IZ-111018	collection_depth_source		docs/metadata_depth_conventions.md
Church2025:YPM-IZ-111018	collection_depth_basis		curator_assigned_surface
Church2025:YPM-IZ-111156	depth_m		0
Church2025:YPM-IZ-111156	collection_depth_source		docs/metadata_depth_conventions.md
Church2025:YPM-IZ-111156	collection_depth_basis		curator_assigned_surface
Church2025:YPM-IZ-111157	depth_m		0
Church2025:YPM-IZ-111157	collection_depth_source		docs/metadata_depth_conventions.md
Church2025:YPM-IZ-111157	collection_depth_basis		curator_assigned_surface
Church2025:YPM-IZ-111158	depth_m		0
Church2025:YPM-IZ-111158	collection_depth_source		docs/metadata_depth_conventions.md
Church2025:YPM-IZ-111158	collection_depth_basis		curator_assigned_surface
Church2025:YPM-IZ-111159	depth_m		0
Church2025:YPM-IZ-111159	collection_depth_source		docs/metadata_depth_conventions.md
Church2025:YPM-IZ-111159	collection_depth_basis		curator_assigned_surface
Church2025:YPM-IZ-111160	depth_m		0
Church2025:YPM-IZ-111160	collection_depth_source		docs/metadata_depth_conventions.md
Church2025:YPM-IZ-111160	collection_depth_basis		curator_assigned_surface
Church2025:YPM-IZ-111163	depth_m		0
Church2025:YPM-IZ-111163	collection_depth_source		docs/metadata_depth_conventions.md
Church2025:YPM-IZ-111163	collection_depth_basis		curator_assigned_surface
Church2025:YPM-IZ-111207	depth_m		0
Church2025:YPM-IZ-111207	collection_depth_source		docs/metadata_depth_conventions.md
Church2025:YPM-IZ-111207	collection_depth_basis		curator_assigned_surface
Church2025:YPM-IZ-111208	depth_m		0
Church2025:YPM-IZ-111208	collection_depth_source		docs/metadata_depth_conventions.md
Church2025:YPM-IZ-111208	collection_depth_basis		curator_assigned_surface
Church2025:YPM-IZ-111209	depth_m		0
Church2025:YPM-IZ-111209	collection_depth_source		docs/metadata_depth_conventions.md
Church2025:YPM-IZ-111209	collection_depth_basis		curator_assigned_surface
Church2025:YPM-IZ-111210	depth_m		0
Church2025:YPM-IZ-111210	collection_depth_source		docs/metadata_depth_conventions.md
Church2025:YPM-IZ-111210	collection_depth_basis		curator_assigned_surface
Church2025:YPM-IZ-111241	depth_m		0
Church2025:YPM-IZ-111241	collection_depth_source		docs/metadata_depth_conventions.md
Church2025:YPM-IZ-111241	collection_depth_basis		curator_assigned_surface
Church2025:YPM-IZ-111243	depth_m		0
Church2025:YPM-IZ-111243	collection_depth_source		docs/metadata_depth_conventions.md
Church2025:YPM-IZ-111243	collection_depth_basis		curator_assigned_surface
Church2025:YPM-IZ-111495	depth_m		0
Church2025:YPM-IZ-111495	collection_depth_source		docs/metadata_depth_conventions.md
Church2025:YPM-IZ-111495	collection_depth_basis		curator_assigned_surface
Church2025:YPM-IZ-111513	depth_m		0
Church2025:YPM-IZ-111513	collection_depth_source		docs/metadata_depth_conventions.md
Church2025:YPM-IZ-111513	collection_depth_basis		curator_assigned_surface
Church2025:YPM-IZ-111514	depth_m		0
Church2025:YPM-IZ-111514	collection_depth_source		docs/metadata_depth_conventions.md
Church2025:YPM-IZ-111514	collection_depth_basis		curator_assigned_surface
Church2025:YPM-IZ-111517	depth_m		0
Church2025:YPM-IZ-111517	collection_depth_source		docs/metadata_depth_conventions.md
Church2025:YPM-IZ-111517	collection_depth_basis		curator_assigned_surface
Church2025:YPM-IZ-111518	depth_m		0
Church2025:YPM-IZ-111518	collection_depth_source		docs/metadata_depth_conventions.md
Church2025:YPM-IZ-111518	collection_depth_basis		curator_assigned_surface
Church2025:YPM-IZ-111519	depth_m		0
Church2025:YPM-IZ-111519	collection_depth_source		docs/metadata_depth_conventions.md
Church2025:YPM-IZ-111519	collection_depth_basis		curator_assigned_surface
Church2025:YPM-IZ-111520	depth_m		0
Church2025:YPM-IZ-111520	collection_depth_source		docs/metadata_depth_conventions.md
Church2025:YPM-IZ-111520	collection_depth_basis		curator_assigned_surface
Church2025:YPM-IZ-111521	depth_m		0
Church2025:YPM-IZ-111521	collection_depth_source		docs/metadata_depth_conventions.md
Church2025:YPM-IZ-111521	collection_depth_basis		curator_assigned_surface
Church2025:YPM-IZ-111529	depth_m		0
Church2025:YPM-IZ-111529	collection_depth_source		docs/metadata_depth_conventions.md
Church2025:YPM-IZ-111529	collection_depth_basis		curator_assigned_surface
Church2025:YPM-IZ-111530	depth_m		0
Church2025:YPM-IZ-111530	collection_depth_source		docs/metadata_depth_conventions.md
Church2025:YPM-IZ-111530	collection_depth_basis		curator_assigned_surface
Church2025:YPM-IZ-111539	depth_m		0
Church2025:YPM-IZ-111539	collection_depth_source		docs/metadata_depth_conventions.md
Church2025:YPM-IZ-111539	collection_depth_basis		curator_assigned_surface
Church2025:YPM-IZ-111547	depth_m		0
Church2025:YPM-IZ-111547	collection_depth_source		docs/metadata_depth_conventions.md
Church2025:YPM-IZ-111547	collection_depth_basis		curator_assigned_surface
Church2025:YPM-IZ-111839	depth_m		0
Church2025:YPM-IZ-111839	collection_depth_source		docs/metadata_depth_conventions.md
Church2025:YPM-IZ-111839	collection_depth_basis		curator_assigned_surface
Church2025:YPM-IZ-111840	depth_m		0
Church2025:YPM-IZ-111840	collection_depth_source		docs/metadata_depth_conventions.md
Church2025:YPM-IZ-111840	collection_depth_basis		curator_assigned_surface
Ahuja2024:CWD1	collection_depth_basis		source_record
Ahuja2024:CWD101	collection_depth_basis		source_record
Ahuja2024:CWD104	collection_depth_basis		source_record
Ahuja2024:CWD11	collection_depth_basis		source_record
Ahuja2024:CWD116	collection_depth_basis		source_record
Ahuja2024:CWD117	collection_depth_basis		source_record
Ahuja2024:CWD12	collection_depth_basis		source_record
Ahuja2024:CWD121	collection_depth_basis		source_record
Ahuja2024:CWD122	collection_depth_basis		source_record
Ahuja2024:CWD131	collection_depth_basis		source_record
Ahuja2024:CWD141	collection_depth_basis		source_record
Ahuja2024:CWD144	collection_depth_basis		source_record
Ahuja2024:CWD146	collection_depth_basis		source_record
Ahuja2024:CWD16	collection_depth_basis		source_record
Ahuja2024:CWD17	collection_depth_basis		source_record
Ahuja2024:CWD19	collection_depth_basis		source_record
Ahuja2024:CWD2	collection_depth_basis		source_record
Ahuja2024:CWD20	collection_depth_basis		source_record
Ahuja2024:CWD21	collection_depth_basis		source_record
Ahuja2024:CWD3	collection_depth_basis		source_record
Ahuja2024:CWD6	collection_depth_basis		source_record
Ahuja2024:CWD7	collection_depth_basis		source_record
Ahuja2024:NA1	collection_depth_basis		source_record
Ahuja2024:NA10	collection_depth_basis		source_record
Ahuja2024:NA11	collection_depth_basis		source_record
Ahuja2024:NA2	collection_depth_basis		source_record
Ahuja2024:NA3	collection_depth_basis		source_record
Ahuja2024:NA4	collection_depth_basis		source_record
Ahuja2024:NA5	collection_depth_basis		source_record
Ahuja2024:NA6	collection_depth_basis		source_record
Ahuja2024:NA7	collection_depth_basis		source_record
Ahuja2024:NA8	collection_depth_basis		source_record
Ahuja2024:NA9	collection_depth_basis		source_record
Ahuja2026:NA28	collection_depth_basis		source_record
Ahuja2026:NA29	collection_depth_basis		source_record
Ahuja2026:NA30	collection_depth_basis		source_record
Ahuja2026:NA31	collection_depth_basis		source_record
Ahuja2026:NA32	collection_depth_basis		source_record
Ahuja2026:NA33	collection_depth_basis		source_record
Ahuja2026:NA34	collection_depth_basis		source_record
Ahuja2026:NA35	collection_depth_basis		source_record
Ahuja2026:NA36	collection_depth_basis		source_record
Ahuja2026:NA37	collection_depth_basis		source_record
Ahuja2026:NA38	collection_depth_basis		source_record
Ahuja2026:WS10	collection_depth_basis		source_record
Ahuja2026:WS2	collection_depth_basis		source_record
Ahuja2026:WS3	collection_depth_basis		source_record
Ahuja2026:WS4	collection_depth_basis		source_record
Ahuja2026:WS7	collection_depth_basis		source_record
Ahuja2026:WS8	collection_depth_basis		source_record
Ahuja2026:WS9	collection_depth_basis		source_record
