path	sha256	bytes
manifest.csv	926bcbf2c6dffc18d9da0faa1877bd67349d057599aead88ba4472c40279b72d	188733
data/metadata/sample_metadata_updates.tsv	7c5ea70abf78e6b0c6f2cb26cf9ce0638cdfba14dbd7a5f2dd56d783aa73d1e3	726895
data/metadata/enrichment/2026-10-04/manifest.csv	4d7d14a445d1c5042d4d2b904c9bcd2d2a22480b68986d4436656093f87caff4	178979
data/metadata/enrichment/2026-10-04/sample_metadata_updates.tsv	8f07c781fe700aa4b9d33a1a6618ee58a9ed7ffbc1c08634023ebfc079007514	550293
data/sources/metadata_enrichment/physalia_depth_scoring.tsv	d50a659ebf6f8d3075ab64a6a4afcd5b9d36e823baa171e6315f7e33f646ddd5	139055
docs/metadata_depth_conventions.md	a613ac97de255f4fce766f6c1611f493c40eb1bd9987ddf43d90cb82fa6bed90	1762
scripts/score_physalia_depths.py	673c5ce0944001603d6b80c93d4a6198cc0b9cddc9703d625abe7621415d430c	2918
scripts/merge_sample_metadata.py	3da3f2b8c34f58fe22acf860cc3934f9fdfcca8bfc26324b17764d2257f7c3a5	17248
scripts/build_manifest.py	898a36a9b06f5830951fc71e20424e5d612148605d988377850c6b9f553ea856	19615
scripts/freeze_manifest.py	ca4fbb2eb309765c5ce05cc67e308b494ffee37da91a1cb605578b05f448a9e9	2230
figures/build_cohort.py	7600d8978725ce4ea214a05b25656863feafc27a2a5ac275dbf68a5da4e09c63	11246
tests/test_physalia_depths.py	4739415cbd7ec053a1734be5d1cd8f61945b1d89870e8b9dea08ad42fd2dff9d	1749
