sample_id	host	display_row	reporting_unit	grade
Ahuja2024__NA4	Praya	39	Arthropoda	high_confidence
Ahuja2026__NA31	Nanomia bijuga	36	Amorphea;Obazoa;Opisthokonta;Nucletmycea;Fungi	validated
Ahuja2026__NA31	Nanomia bijuga	36	SAR;Alveolata;Dinoflagellata;Dinophyceae;Peridiniphycidae	validated
Ahuja2026__NA37	Nanomia sp.	38	Amorphea;Amoebozoa;Discosea;Flabellinia;Dactylopodida	validated
Ahuja2026__NA37	Nanomia sp.	38	Amorphea;Obazoa;Opisthokonta;Nucletmycea;Fungi	validated
Ahuja2026__NA37	Nanomia sp.	38	Archaeplastida;Chloroplastida;Chlorophyta;Trebouxiophyceae	validated
Ahuja2026__NA37	Nanomia sp.	38	Arthropoda	high_confidence
Ahuja2026__NA37	Nanomia sp.	38	Discoba;Discicristata;Euglenozoa;Kinetoplastea;Prokinetoplastina	validated
Ahuja2026__WS6	Nanomia septata	37	SAR;Alveolata;Ciliophora;Intramacronucleata;Conthreep	validated
Ahuja2026__WS6	Nanomia septata	37	SAR;Alveolata;Protalveolata;Syndiniales;Syndiniales Group II	validated
Church2025__NIWA-173305	Physalia minuta	8	Amorphea;Amoebozoa;Discosea;Flabellinia;Dactylopodida	high_confidence
Church2025__NIWA-173305	Physalia minuta	8	Discoba;Discicristata;Euglenozoa;Kinetoplastea;Prokinetoplastina	high_confidence
Church2025__TMAG-K5632	Physalia megalista	1	Amorphea;Amoebozoa;Discosea;Flabellinia;Dactylopodida	high_confidence
Church2025__TMAG-K5632	Physalia megalista	1	Discoba;Discicristata;Euglenozoa;Kinetoplastea;Prokinetoplastina	high_confidence
Church2025__TMAG-K5632	Physalia megalista	1	Nematozoa	high_confidence
Church2025__TMAG-K5633	Physalia minuta	9	Discoba;Discicristata;Euglenozoa;Kinetoplastea;Prokinetoplastina	validated
Church2025__TMAG-K5633	Physalia minuta	9	Nematozoa	high_confidence
Church2025__WAM-Z97901	Physalia megalista	2	Amorphea;Amoebozoa;Discosea;Flabellinia;Dactylopodida	high_confidence
Church2025__WAM-Z97901	Physalia megalista	2	Discoba;Discicristata;Euglenozoa;Kinetoplastea;Prokinetoplastina	high_confidence
Church2025__WAM-Z97902	Physalia utriculus	23	Entoprocta	validated
Church2025__WAM-Z97902	Physalia utriculus	23	Nematozoa	high_confidence
Church2025__WAM-Z97917	Physalia utriculus	24	Chordata	validated
Church2025__YPM-IZ-104464	Physalia utriculus	25	Platyhelminthes	high_confidence
Church2025__YPM-IZ-110436	Physalia physalis	18	Platyhelminthes	high_confidence
Church2025__YPM-IZ-110460	Physalia utriculus	26	Platyhelminthes	high_confidence
Church2025__YPM-IZ-110469	Physalia minuta	10	Amorphea;Amoebozoa;Discosea;Flabellinia;Dactylopodida	high_confidence
Church2025__YPM-IZ-110469	Physalia minuta	10	Archaeplastida;Rhodophyceae;Florideophycidae;Rhodymeniophycidae	validated
Church2025__YPM-IZ-110469	Physalia minuta	10	Discoba;Discicristata;Euglenozoa;Kinetoplastea;Prokinetoplastina	high_confidence
Church2025__YPM-IZ-110556	Physalia minuta	11	Nematozoa	validated
Church2025__YPM-IZ-110557	Physalia minuta	12	Platyhelminthes	high_confidence
Church2025__YPM-IZ-110613	Physalia utriculus	27	Platyhelminthes	validated
Church2025__YPM-IZ-110616	Physalia utriculus	28	Arthropoda	validated
Church2025__YPM-IZ-110631	Physalia physalis	19	Platyhelminthes	high_confidence
Church2025__YPM-IZ-110694	Physalia physalis	20	Platyhelminthes	high_confidence
Church2025__YPM-IZ-110777	Physalia utriculus	29	Platyhelminthes	high_confidence
Church2025__YPM-IZ-110785	Physalia utriculus	30	Amorphea;Amoebozoa;Discosea;Flabellinia;Dactylopodida	high_confidence
Church2025__YPM-IZ-110785	Physalia utriculus	30	Discoba;Discicristata;Euglenozoa;Kinetoplastea;Prokinetoplastina	high_confidence
Church2025__YPM-IZ-110828	Physalia megalista	3	Nematozoa	high_confidence
Church2025__YPM-IZ-110829	Physalia megalista	4	Amorphea;Obazoa;Opisthokonta;Nucletmycea;Fungi	high_confidence
Church2025__YPM-IZ-110829	Physalia megalista	4	Nematozoa	high_confidence
Church2025__YPM-IZ-110846	Physalia physalis	21	Platyhelminthes	high_confidence
Church2025__YPM-IZ-110881	Physalia utriculus	31	Mollusca	high_confidence
Church2025__YPM-IZ-110882	Physalia utriculus	32	Platyhelminthes	high_confidence
Church2025__YPM-IZ-110883	Physalia utriculus	33	Chaetognatha	high_confidence
Church2025__YPM-IZ-110883	Physalia utriculus	33	Mollusca	high_confidence
Church2025__YPM-IZ-110907	Physalia utriculus	34	Chordata	high_confidence
Church2025__YPM-IZ-110931	Physalia sp1	22	Amorphea;Obazoa;Opisthokonta;Nucletmycea;Fungi	high_confidence
Church2025__YPM-IZ-110931	Physalia sp1	22	Platyhelminthes	high_confidence
Church2025__YPM-IZ-111009	Physalia utriculus	35	Discoba;Discicristata;Euglenozoa;Kinetoplastea;Prokinetoplastina	validated
Church2025__YPM-IZ-111156	Physalia megalista	5	Chordata	validated
Church2025__YPM-IZ-111158	Physalia megalista	6	Chordata	validated
Church2025__YPM-IZ-111207	Physalia minuta	13	Amorphea;Amoebozoa;Discosea;Flabellinia;Dactylopodida	high_confidence
Church2025__YPM-IZ-111207	Physalia minuta	13	Discoba;Discicristata;Euglenozoa;Kinetoplastea;Prokinetoplastina	high_confidence
Church2025__YPM-IZ-111208	Physalia minuta	14	Amorphea;Amoebozoa;Discosea;Flabellinia;Dactylopodida	high_confidence
Church2025__YPM-IZ-111208	Physalia minuta	14	Discoba;Discicristata;Euglenozoa;Kinetoplastea;Prokinetoplastina	high_confidence
Church2025__YPM-IZ-111209	Physalia minuta	15	Amorphea;Amoebozoa;Discosea;Flabellinia;Dactylopodida	high_confidence
Church2025__YPM-IZ-111209	Physalia minuta	15	Discoba;Discicristata;Euglenozoa;Kinetoplastea;Prokinetoplastina	high_confidence
Church2025__YPM-IZ-111210	Physalia minuta	16	Amorphea;Amoebozoa;Discosea;Flabellinia;Dactylopodida	high_confidence
Church2025__YPM-IZ-111210	Physalia minuta	16	Discoba;Discicristata;Euglenozoa;Kinetoplastea;Prokinetoplastina	high_confidence
Church2025__YPM-IZ-111243	Physalia minuta	17	Platyhelminthes	high_confidence
Church2025__YPM-IZ-111518	Physalia megalista	7	SAR;Stramenopiles;Ochrophyta;Diatomea;Bacillariophytina	validated
