host	group	positive_libraries	total_libraries	fraction_positive
Physalia megalista	Metamycoplasmataceae	13	26	0.5
Physalia megalista	Cognatishimia	0	26	0.0
Physalia megalista	Vibrio	4	26	0.15384615384615385
Physalia megalista	CAKMZU01	8	26	0.3076923076923077
Physalia megalista	Pseudoalteromonas	2	26	0.07692307692307693
Physalia megalista	Cutibacterium	0	26	0.0
Physalia megalista	Photobacterium	0	26	0.0
Physalia megalista	Alteromonas	0	26	0.0
Physalia megalista	Remaining bacteria	10	26	0.38461538461538464
Physalia megalista	Archaea	2	26	0.07692307692307693
Physalia minuta	Metamycoplasmataceae	17	19	0.8947368421052632
Physalia minuta	Cognatishimia	0	19	0.0
Physalia minuta	Vibrio	1	19	0.05263157894736842
Physalia minuta	CAKMZU01	0	19	0.0
Physalia minuta	Pseudoalteromonas	1	19	0.05263157894736842
Physalia minuta	Cutibacterium	2	19	0.10526315789473684
Physalia minuta	Photobacterium	0	19	0.0
Physalia minuta	Alteromonas	0	19	0.0
Physalia minuta	Remaining bacteria	14	19	0.7368421052631579
Physalia minuta	Archaea	9	19	0.47368421052631576
Physalia physalis	Metamycoplasmataceae	5	37	0.13513513513513514
Physalia physalis	Cognatishimia	7	37	0.1891891891891892
Physalia physalis	Vibrio	8	37	0.21621621621621623
Physalia physalis	CAKMZU01	0	37	0.0
Physalia physalis	Pseudoalteromonas	3	37	0.08108108108108109
Physalia physalis	Cutibacterium	2	37	0.05405405405405406
Physalia physalis	Photobacterium	5	37	0.13513513513513514
Physalia physalis	Alteromonas	2	37	0.05405405405405406
Physalia physalis	Remaining bacteria	2	37	0.05405405405405406
Physalia physalis	Archaea	0	37	0.0
Physalia sp1	Metamycoplasmataceae	3	5	0.6
Physalia sp1	Cognatishimia	3	5	0.6
Physalia sp1	Vibrio	2	5	0.4
Physalia sp1	CAKMZU01	0	5	0.0
Physalia sp1	Pseudoalteromonas	1	5	0.2
Physalia sp1	Cutibacterium	0	5	0.0
Physalia sp1	Photobacterium	2	5	0.4
Physalia sp1	Alteromonas	1	5	0.2
Physalia sp1	Remaining bacteria	2	5	0.4
Physalia sp1	Archaea	0	5	0.0
Physalia utriculus	Metamycoplasmataceae	29	64	0.453125
Physalia utriculus	Cognatishimia	22	64	0.34375
Physalia utriculus	Vibrio	8	64	0.125
Physalia utriculus	CAKMZU01	3	64	0.046875
Physalia utriculus	Pseudoalteromonas	5	64	0.078125
Physalia utriculus	Cutibacterium	4	64	0.0625
Physalia utriculus	Photobacterium	3	64	0.046875
Physalia utriculus	Alteromonas	2	64	0.03125
Physalia utriculus	Remaining bacteria	28	64	0.4375
Physalia utriculus	Archaea	2	64	0.03125
Nanomia bijuga	Metamycoplasmataceae	1	5	0.2
Nanomia bijuga	Cognatishimia	2	5	0.4
Nanomia bijuga	Vibrio	1	5	0.2
Nanomia bijuga	CAKMZU01	2	5	0.4
Nanomia bijuga	Pseudoalteromonas	0	5	0.0
Nanomia bijuga	Cutibacterium	1	5	0.2
Nanomia bijuga	Photobacterium	0	5	0.0
Nanomia bijuga	Alteromonas	2	5	0.4
Nanomia bijuga	Remaining bacteria	2	5	0.4
Nanomia bijuga	Archaea	0	5	0.0
Nanomia septata	Metamycoplasmataceae	7	10	0.7
Nanomia septata	Cognatishimia	0	10	0.0
Nanomia septata	Vibrio	0	10	0.0
Nanomia septata	CAKMZU01	0	10	0.0
Nanomia septata	Pseudoalteromonas	1	10	0.1
Nanomia septata	Cutibacterium	0	10	0.0
Nanomia septata	Photobacterium	0	10	0.0
Nanomia septata	Alteromonas	0	10	0.0
Nanomia septata	Remaining bacteria	2	10	0.2
Nanomia septata	Archaea	0	10	0.0
Nanomia sp.	Metamycoplasmataceae	0	7	0.0
Nanomia sp.	Cognatishimia	0	7	0.0
Nanomia sp.	Vibrio	1	7	0.14285714285714285
Nanomia sp.	CAKMZU01	1	7	0.14285714285714285
Nanomia sp.	Pseudoalteromonas	2	7	0.2857142857142857
Nanomia sp.	Cutibacterium	3	7	0.42857142857142855
Nanomia sp.	Photobacterium	0	7	0.0
Nanomia sp.	Alteromonas	2	7	0.2857142857142857
Nanomia sp.	Remaining bacteria	3	7	0.42857142857142855
Nanomia sp.	Archaea	1	7	0.14285714285714285
Abylopsis tetragona	Metamycoplasmataceae	0	1	0.0
Abylopsis tetragona	Cognatishimia	0	1	0.0
Abylopsis tetragona	Vibrio	0	1	0.0
Abylopsis tetragona	CAKMZU01	0	1	0.0
Abylopsis tetragona	Pseudoalteromonas	0	1	0.0
Abylopsis tetragona	Cutibacterium	0	1	0.0
Abylopsis tetragona	Photobacterium	0	1	0.0
Abylopsis tetragona	Alteromonas	0	1	0.0
Abylopsis tetragona	Remaining bacteria	0	1	0.0
Abylopsis tetragona	Archaea	0	1	0.0
Agalma clausi	Metamycoplasmataceae	0	1	0.0
Agalma clausi	Cognatishimia	0	1	0.0
Agalma clausi	Vibrio	0	1	0.0
Agalma clausi	CAKMZU01	0	1	0.0
Agalma clausi	Pseudoalteromonas	0	1	0.0
Agalma clausi	Cutibacterium	0	1	0.0
Agalma clausi	Photobacterium	0	1	0.0
Agalma clausi	Alteromonas	0	1	0.0
Agalma clausi	Remaining bacteria	0	1	0.0
Agalma clausi	Archaea	0	1	0.0
Agalma elegans	Metamycoplasmataceae	0	2	0.0
Agalma elegans	Cognatishimia	0	2	0.0
Agalma elegans	Vibrio	0	2	0.0
Agalma elegans	CAKMZU01	0	2	0.0
Agalma elegans	Pseudoalteromonas	0	2	0.0
Agalma elegans	Cutibacterium	0	2	0.0
Agalma elegans	Photobacterium	0	2	0.0
Agalma elegans	Alteromonas	0	2	0.0
Agalma elegans	Remaining bacteria	1	2	0.5
Agalma elegans	Archaea	0	2	0.0
Agalma okenii	Metamycoplasmataceae	0	1	0.0
Agalma okenii	Cognatishimia	0	1	0.0
Agalma okenii	Vibrio	0	1	0.0
Agalma okenii	CAKMZU01	0	1	0.0
Agalma okenii	Pseudoalteromonas	0	1	0.0
Agalma okenii	Cutibacterium	0	1	0.0
Agalma okenii	Photobacterium	0	1	0.0
Agalma okenii	Alteromonas	0	1	0.0
Agalma okenii	Remaining bacteria	0	1	0.0
Agalma okenii	Archaea	0	1	0.0
Apolemia rubriversa	Metamycoplasmataceae	0	1	0.0
Apolemia rubriversa	Cognatishimia	0	1	0.0
Apolemia rubriversa	Vibrio	0	1	0.0
Apolemia rubriversa	CAKMZU01	0	1	0.0
Apolemia rubriversa	Pseudoalteromonas	0	1	0.0
Apolemia rubriversa	Cutibacterium	0	1	0.0
Apolemia rubriversa	Photobacterium	0	1	0.0
Apolemia rubriversa	Alteromonas	0	1	0.0
Apolemia rubriversa	Remaining bacteria	0	1	0.0
Apolemia rubriversa	Archaea	0	1	0.0
Apolemia sp. 3 CWD-2005	Metamycoplasmataceae	0	1	0.0
Apolemia sp. 3 CWD-2005	Cognatishimia	0	1	0.0
Apolemia sp. 3 CWD-2005	Vibrio	0	1	0.0
Apolemia sp. 3 CWD-2005	CAKMZU01	0	1	0.0
Apolemia sp. 3 CWD-2005	Pseudoalteromonas	0	1	0.0
Apolemia sp. 3 CWD-2005	Cutibacterium	0	1	0.0
Apolemia sp. 3 CWD-2005	Photobacterium	0	1	0.0
Apolemia sp. 3 CWD-2005	Alteromonas	0	1	0.0
Apolemia sp. 3 CWD-2005	Remaining bacteria	1	1	1.0
Apolemia sp. 3 CWD-2005	Archaea	0	1	0.0
Bargmannia elongata	Metamycoplasmataceae	0	1	0.0
Bargmannia elongata	Cognatishimia	0	1	0.0
Bargmannia elongata	Vibrio	0	1	0.0
Bargmannia elongata	CAKMZU01	0	1	0.0
Bargmannia elongata	Pseudoalteromonas	0	1	0.0
Bargmannia elongata	Cutibacterium	0	1	0.0
Bargmannia elongata	Photobacterium	0	1	0.0
Bargmannia elongata	Alteromonas	0	1	0.0
Bargmannia elongata	Remaining bacteria	0	1	0.0
Bargmannia elongata	Archaea	0	1	0.0
Bargmannia lata	Metamycoplasmataceae	0	1	0.0
Bargmannia lata	Cognatishimia	0	1	0.0
Bargmannia lata	Vibrio	0	1	0.0
Bargmannia lata	CAKMZU01	0	1	0.0
Bargmannia lata	Pseudoalteromonas	0	1	0.0
Bargmannia lata	Cutibacterium	0	1	0.0
Bargmannia lata	Photobacterium	0	1	0.0
Bargmannia lata	Alteromonas	0	1	0.0
Bargmannia lata	Remaining bacteria	0	1	0.0
Bargmannia lata	Archaea	0	1	0.0
Chelophyes appendiculata	Metamycoplasmataceae	0	1	0.0
Chelophyes appendiculata	Cognatishimia	0	1	0.0
Chelophyes appendiculata	Vibrio	0	1	0.0
Chelophyes appendiculata	CAKMZU01	0	1	0.0
Chelophyes appendiculata	Pseudoalteromonas	0	1	0.0
Chelophyes appendiculata	Cutibacterium	0	1	0.0
Chelophyes appendiculata	Photobacterium	0	1	0.0
Chelophyes appendiculata	Alteromonas	0	1	0.0
Chelophyes appendiculata	Remaining bacteria	0	1	0.0
Chelophyes appendiculata	Archaea	0	1	0.0
Chuniphyes multidentata	Metamycoplasmataceae	0	1	0.0
Chuniphyes multidentata	Cognatishimia	0	1	0.0
Chuniphyes multidentata	Vibrio	0	1	0.0
Chuniphyes multidentata	CAKMZU01	0	1	0.0
Chuniphyes multidentata	Pseudoalteromonas	0	1	0.0
Chuniphyes multidentata	Cutibacterium	0	1	0.0
Chuniphyes multidentata	Photobacterium	0	1	0.0
Chuniphyes multidentata	Alteromonas	0	1	0.0
Chuniphyes multidentata	Remaining bacteria	1	1	1.0
Chuniphyes multidentata	Archaea	0	1	0.0
Cordagalma	Metamycoplasmataceae	0	1	0.0
Cordagalma	Cognatishimia	0	1	0.0
Cordagalma	Vibrio	0	1	0.0
Cordagalma	CAKMZU01	0	1	0.0
Cordagalma	Pseudoalteromonas	0	1	0.0
Cordagalma	Cutibacterium	0	1	0.0
Cordagalma	Photobacterium	0	1	0.0
Cordagalma	Alteromonas	0	1	0.0
Cordagalma	Remaining bacteria	0	1	0.0
Cordagalma	Archaea	0	1	0.0
Craseoa lathetica	Metamycoplasmataceae	0	1	0.0
Craseoa lathetica	Cognatishimia	0	1	0.0
Craseoa lathetica	Vibrio	0	1	0.0
Craseoa lathetica	CAKMZU01	0	1	0.0
Craseoa lathetica	Pseudoalteromonas	0	1	0.0
Craseoa lathetica	Cutibacterium	0	1	0.0
Craseoa lathetica	Photobacterium	0	1	0.0
Craseoa lathetica	Alteromonas	0	1	0.0
Craseoa lathetica	Remaining bacteria	1	1	1.0
Craseoa lathetica	Archaea	0	1	0.0
Diphyes dispar	Metamycoplasmataceae	0	1	0.0
Diphyes dispar	Cognatishimia	0	1	0.0
Diphyes dispar	Vibrio	0	1	0.0
Diphyes dispar	CAKMZU01	0	1	0.0
Diphyes dispar	Pseudoalteromonas	0	1	0.0
Diphyes dispar	Cutibacterium	0	1	0.0
Diphyes dispar	Photobacterium	0	1	0.0
Diphyes dispar	Alteromonas	0	1	0.0
Diphyes dispar	Remaining bacteria	0	1	0.0
Diphyes dispar	Archaea	0	1	0.0
Erenna sirena	Metamycoplasmataceae	0	1	0.0
Erenna sirena	Cognatishimia	0	1	0.0
Erenna sirena	Vibrio	0	1	0.0
Erenna sirena	CAKMZU01	0	1	0.0
Erenna sirena	Pseudoalteromonas	0	1	0.0
Erenna sirena	Cutibacterium	0	1	0.0
Erenna sirena	Photobacterium	0	1	0.0
Erenna sirena	Alteromonas	0	1	0.0
Erenna sirena	Remaining bacteria	0	1	0.0
Erenna sirena	Archaea	0	1	0.0
Forskalia	Metamycoplasmataceae	0	1	0.0
Forskalia	Cognatishimia	0	1	0.0
Forskalia	Vibrio	0	1	0.0
Forskalia	CAKMZU01	0	1	0.0
Forskalia	Pseudoalteromonas	0	1	0.0
Forskalia	Cutibacterium	0	1	0.0
Forskalia	Photobacterium	0	1	0.0
Forskalia	Alteromonas	0	1	0.0
Forskalia	Remaining bacteria	0	1	0.0
Forskalia	Archaea	0	1	0.0
Frillagalma vityazi	Metamycoplasmataceae	0	1	0.0
Frillagalma vityazi	Cognatishimia	0	1	0.0
Frillagalma vityazi	Vibrio	0	1	0.0
Frillagalma vityazi	CAKMZU01	0	1	0.0
Frillagalma vityazi	Pseudoalteromonas	0	1	0.0
Frillagalma vityazi	Cutibacterium	0	1	0.0
Frillagalma vityazi	Photobacterium	0	1	0.0
Frillagalma vityazi	Alteromonas	0	1	0.0
Frillagalma vityazi	Remaining bacteria	0	1	0.0
Frillagalma vityazi	Archaea	0	1	0.0
Gymnopraia lapislazula	Metamycoplasmataceae	0	1	0.0
Gymnopraia lapislazula	Cognatishimia	0	1	0.0
Gymnopraia lapislazula	Vibrio	0	1	0.0
Gymnopraia lapislazula	CAKMZU01	0	1	0.0
Gymnopraia lapislazula	Pseudoalteromonas	0	1	0.0
Gymnopraia lapislazula	Cutibacterium	0	1	0.0
Gymnopraia lapislazula	Photobacterium	0	1	0.0
Gymnopraia lapislazula	Alteromonas	0	1	0.0
Gymnopraia lapislazula	Remaining bacteria	0	1	0.0
Gymnopraia lapislazula	Archaea	0	1	0.0
Halistemma rubrum	Metamycoplasmataceae	0	2	0.0
Halistemma rubrum	Cognatishimia	0	2	0.0
Halistemma rubrum	Vibrio	0	2	0.0
Halistemma rubrum	CAKMZU01	0	2	0.0
Halistemma rubrum	Pseudoalteromonas	0	2	0.0
Halistemma rubrum	Cutibacterium	0	2	0.0
Halistemma rubrum	Photobacterium	0	2	0.0
Halistemma rubrum	Alteromonas	0	2	0.0
Halistemma rubrum	Remaining bacteria	0	2	0.0
Halistemma rubrum	Archaea	0	2	0.0
Hippopodius hippopus	Metamycoplasmataceae	0	1	0.0
Hippopodius hippopus	Cognatishimia	0	1	0.0
Hippopodius hippopus	Vibrio	0	1	0.0
Hippopodius hippopus	CAKMZU01	0	1	0.0
Hippopodius hippopus	Pseudoalteromonas	0	1	0.0
Hippopodius hippopus	Cutibacterium	0	1	0.0
Hippopodius hippopus	Photobacterium	0	1	0.0
Hippopodius hippopus	Alteromonas	0	1	0.0
Hippopodius hippopus	Remaining bacteria	0	1	0.0
Hippopodius hippopus	Archaea	0	1	0.0
Lilyopsis fluoracantha	Metamycoplasmataceae	0	1	0.0
Lilyopsis fluoracantha	Cognatishimia	0	1	0.0
Lilyopsis fluoracantha	Vibrio	0	1	0.0
Lilyopsis fluoracantha	CAKMZU01	0	1	0.0
Lilyopsis fluoracantha	Pseudoalteromonas	0	1	0.0
Lilyopsis fluoracantha	Cutibacterium	1	1	1.0
Lilyopsis fluoracantha	Photobacterium	0	1	0.0
Lilyopsis fluoracantha	Alteromonas	0	1	0.0
Lilyopsis fluoracantha	Remaining bacteria	1	1	1.0
Lilyopsis fluoracantha	Archaea	0	1	0.0
Physonectae	Metamycoplasmataceae	0	1	0.0
Physonectae	Cognatishimia	0	1	0.0
Physonectae	Vibrio	0	1	0.0
Physonectae	CAKMZU01	0	1	0.0
Physonectae	Pseudoalteromonas	0	1	0.0
Physonectae	Cutibacterium	0	1	0.0
Physonectae	Photobacterium	0	1	0.0
Physonectae	Alteromonas	0	1	0.0
Physonectae	Remaining bacteria	0	1	0.0
Physonectae	Archaea	0	1	0.0
Praya	Metamycoplasmataceae	0	1	0.0
Praya	Cognatishimia	0	1	0.0
Praya	Vibrio	0	1	0.0
Praya	CAKMZU01	0	1	0.0
Praya	Pseudoalteromonas	0	1	0.0
Praya	Cutibacterium	0	1	0.0
Praya	Photobacterium	0	1	0.0
Praya	Alteromonas	0	1	0.0
Praya	Remaining bacteria	0	1	0.0
Praya	Archaea	0	1	0.0
Praya dubia	Metamycoplasmataceae	0	1	0.0
Praya dubia	Cognatishimia	0	1	0.0
Praya dubia	Vibrio	0	1	0.0
Praya dubia	CAKMZU01	0	1	0.0
Praya dubia	Pseudoalteromonas	0	1	0.0
Praya dubia	Cutibacterium	0	1	0.0
Praya dubia	Photobacterium	0	1	0.0
Praya dubia	Alteromonas	0	1	0.0
Praya dubia	Remaining bacteria	0	1	0.0
Praya dubia	Archaea	0	1	0.0
Resomia ornicephala	Metamycoplasmataceae	2	2	1.0
Resomia ornicephala	Cognatishimia	0	2	0.0
Resomia ornicephala	Vibrio	0	2	0.0
Resomia ornicephala	CAKMZU01	1	2	0.5
Resomia ornicephala	Pseudoalteromonas	0	2	0.0
Resomia ornicephala	Cutibacterium	1	2	0.5
Resomia ornicephala	Photobacterium	0	2	0.0
Resomia ornicephala	Alteromonas	0	2	0.0
Resomia ornicephala	Remaining bacteria	1	2	0.5
Resomia ornicephala	Archaea	0	2	0.0
Rhizophysa eysenhardtii	Metamycoplasmataceae	0	1	0.0
Rhizophysa eysenhardtii	Cognatishimia	0	1	0.0
Rhizophysa eysenhardtii	Vibrio	0	1	0.0
Rhizophysa eysenhardtii	CAKMZU01	0	1	0.0
Rhizophysa eysenhardtii	Pseudoalteromonas	0	1	0.0
Rhizophysa eysenhardtii	Cutibacterium	0	1	0.0
Rhizophysa eysenhardtii	Photobacterium	0	1	0.0
Rhizophysa eysenhardtii	Alteromonas	0	1	0.0
Rhizophysa eysenhardtii	Remaining bacteria	0	1	0.0
Rhizophysa eysenhardtii	Archaea	0	1	0.0
Rhizophysa filiformis	Metamycoplasmataceae	0	1	0.0
Rhizophysa filiformis	Cognatishimia	0	1	0.0
Rhizophysa filiformis	Vibrio	0	1	0.0
Rhizophysa filiformis	CAKMZU01	0	1	0.0
Rhizophysa filiformis	Pseudoalteromonas	0	1	0.0
Rhizophysa filiformis	Cutibacterium	0	1	0.0
Rhizophysa filiformis	Photobacterium	0	1	0.0
Rhizophysa filiformis	Alteromonas	0	1	0.0
Rhizophysa filiformis	Remaining bacteria	0	1	0.0
Rhizophysa filiformis	Archaea	0	1	0.0
Rosacea flaccida	Metamycoplasmataceae	0	1	0.0
Rosacea flaccida	Cognatishimia	0	1	0.0
Rosacea flaccida	Vibrio	0	1	0.0
Rosacea flaccida	CAKMZU01	0	1	0.0
Rosacea flaccida	Pseudoalteromonas	0	1	0.0
Rosacea flaccida	Cutibacterium	0	1	0.0
Rosacea flaccida	Photobacterium	0	1	0.0
Rosacea flaccida	Alteromonas	0	1	0.0
Rosacea flaccida	Remaining bacteria	0	1	0.0
Rosacea flaccida	Archaea	0	1	0.0
Stephalia dilata	Metamycoplasmataceae	0	1	0.0
Stephalia dilata	Cognatishimia	0	1	0.0
Stephalia dilata	Vibrio	0	1	0.0
Stephalia dilata	CAKMZU01	0	1	0.0
Stephalia dilata	Pseudoalteromonas	0	1	0.0
Stephalia dilata	Cutibacterium	0	1	0.0
Stephalia dilata	Photobacterium	0	1	0.0
Stephalia dilata	Alteromonas	0	1	0.0
Stephalia dilata	Remaining bacteria	0	1	0.0
Stephalia dilata	Archaea	0	1	0.0
Stephanomia amphytridis	Metamycoplasmataceae	0	1	0.0
Stephanomia amphytridis	Cognatishimia	0	1	0.0
Stephanomia amphytridis	Vibrio	0	1	0.0
Stephanomia amphytridis	CAKMZU01	0	1	0.0
Stephanomia amphytridis	Pseudoalteromonas	0	1	0.0
Stephanomia amphytridis	Cutibacterium	0	1	0.0
Stephanomia amphytridis	Photobacterium	0	1	0.0
Stephanomia amphytridis	Alteromonas	0	1	0.0
Stephanomia amphytridis	Remaining bacteria	0	1	0.0
Stephanomia amphytridis	Archaea	0	1	0.0
