SRR33215971,2025-05-07 13:37:01,2025-04-18 17:00:12,254345004,76812191208,254345004,302,24691,,https://sra-downloadb.be-md.ncbi.nlm.nih.gov/sos8/sra-pub-zq-820/SRR033/33215/SRR33215971/SRR33215971.lite.1,SRX28463161,WS9,WGS,RANDOM,GENOMIC,PAIRED,0,0,ILLUMINA,Illumina NovaSeq 6000,SRP579764,PRJNA1252167,,1252167,SRS24784471,SAMN48043649,simple,3117660,Nanomia septata,YPM-IZ-107008,,,,,,,no,,,,,YALE UNIVERSITY,SRA2114751,,public,7800EC719ECBCA9E90F8F8EF1C75F1FF,BA66346DE4B2A80C461D1D8F7DC5665D
SRR33215982,2025-05-07 13:37:02,2025-04-18 16:30:23,152222142,45971086884,152222142,302,14923,,https://sra-downloadb.be-md.ncbi.nlm.nih.gov/sos8/sra-pub-zq-820/SRR033/33215/SRR33215982/SRR33215982.lite.1,SRX28463150,WS2,WGS,RANDOM,GENOMIC,PAIRED,0,0,ILLUMINA,Illumina NovaSeq 6000,SRP579764,PRJNA1252167,,1252167,SRS24784462,SAMN48043656,simple,168759,Nanomia bijuga,YPM-IZ-110216,,,,,,,no,,,,,YALE UNIVERSITY,SRA2114751,,public,D1C777D1688599EF9E7FA26782B703DC,6F06977B2597A13F34DA5E099F141334
SRR33215983,2025-05-07 13:37:02,2025-04-18 17:23:41,347173099,104846275898,347173099,302,34431,,https://sra-downloadb.be-md.ncbi.nlm.nih.gov/sos8/sra-pub-zq-820/SRR033/33215/SRR33215983/SRR33215983.lite.1,SRX28463149,NA28,WGS,RANDOM,GENOMIC,PAIRED,0,0,ILLUMINA,Illumina NovaSeq 6000,SRP579764,PRJNA1252167,,1252167,SRS24784459,SAMN48043655,simple,168759,Nanomia bijuga,YPM-IZ-110451,,,,,,,no,,,,,YALE UNIVERSITY,SRA2114751,,public,43A8687EF28FD4DA3A08456773DCFA09,19408731C227730A1AF6A86F58AB0B7F
SRR33215978,2025-05-07 13:37:01,2025-04-18 16:49:53,268286997,81022673094,268286997,302,24878,,https://sra-downloadb.be-md.ncbi.nlm.nih.gov/sos8/sra-pub-zq-820/SRR033/33215/SRR33215978/SRR33215978.lite.1,SRX28463154,NA34,WGS,RANDOM,GENOMIC,PAIRED,0,0,ILLUMINA,Illumina NovaSeq 6000,SRP579764,PRJNA1252167,,1252167,SRS24784465,SAMN48043660,simple,3117660,Nanomia septata,YPM-IZ-111164,,,,,,,no,,,,,YALE UNIVERSITY,SRA2114751,,public,3120D15AA2D035B68327D3BEDD892596,D51078B5EE71D514B81D43C7A287299C
SRR33215977,2025-05-07 13:37:01,2025-04-18 16:49:34,306169783,92463274466,306169783,302,28362,,https://sra-downloadb.be-md.ncbi.nlm.nih.gov/sos8/sra-pub-zq-820/SRR033/33215/SRR33215977/SRR33215977.lite.1,SRX28463155,NA35,WGS,RANDOM,GENOMIC,PAIRED,0,0,ILLUMINA,Illumina NovaSeq 6000,SRP579764,PRJNA1252167,,1252167,SRS24784464,SAMN48043661,simple,3117660,Nanomia septata,YPM-IZ-111165,,,,,,,no,,,,,YALE UNIVERSITY,SRA2114751,,public,686000BD5816068949F5ACC9B58F7186,663B2BEC4A6096AAEC68FAEDF54E9D02
SRR33215976,2025-05-07 13:37:01,2025-04-18 18:17:54,212937761,64307203822,212937761,302,19525,,https://sra-downloadb.be-md.ncbi.nlm.nih.gov/sos8/sra-pub-zq-820/SRR033/33215/SRR33215976/SRR33215976.lite.1,SRX28463156,NA36,WGS,RANDOM,GENOMIC,PAIRED,0,0,ILLUMINA,Illumina NovaSeq 6000,SRP579764,PRJNA1252167,,1252167,SRS24784466,SAMN48043662,simple,3117660,Nanomia septata,YPM-IZ-111166,,,,,,,no,,,,,YALE UNIVERSITY,SRA2114751,,public,9E838D50AA4B9B2EB6B69AA3A4CB6D93,E8C0DC14C87C4AA54B7126697A54AF72
SRR33215975,2025-05-07 13:37:01,2025-04-18 17:07:01,311548114,94087530428,311548114,302,27308,,https://sra-downloadb.be-md.ncbi.nlm.nih.gov/sos8/sra-pub-zq-820/SRR033/33215/SRR33215975/SRR33215975.lite.1,SRX28463157,NA37,WGS,RANDOM,GENOMIC,PAIRED,0,0,ILLUMINA,Illumina NovaSeq 6000,SRP579764,PRJNA1252167,,1252167,SRS24784467,SAMN48043663,simple,168759,Nanomia bijuga,YPM-IZ-111590,,,,,,,no,,,,,YALE UNIVERSITY,SRA2114751,,public,2FA95932B954ABD0FBCF853340806A17,8453254154814527D70DD5A7345DBED0
SRR33215974,2025-05-07 13:37:01,2025-04-18 17:11:37,336852859,101729563418,336852859,302,29500,,https://sra-downloadb.be-md.ncbi.nlm.nih.gov/sos8/sra-pub-zq-820/SRR033/33215/SRR33215974/SRR33215974.lite.1,SRX28463158,NA38,WGS,RANDOM,GENOMIC,PAIRED,0,0,ILLUMINA,Illumina NovaSeq 6000,SRP579764,PRJNA1252167,,1252167,SRS24784468,SAMN48043664,simple,168759,Nanomia bijuga,YPM-IZ-111591,,,,,,,no,,,,,YALE UNIVERSITY,SRA2114751,,public,343F97619B78C38C0646F2A6DD607F81,32DCB21BF7C20E2768FB18F39852939E
SRR33215979,2025-05-07 13:37:01,2025-04-18 17:06:44,340904726,102953227252,340904726,302,33457,,https://sra-downloadb.be-md.ncbi.nlm.nih.gov/sos8/sra-pub-zq-820/SRR033/33215/SRR33215979/SRR33215979.lite.1,SRX28463153,NA30,WGS,RANDOM,GENOMIC,PAIRED,0,0,ILLUMINA,Illumina NovaSeq 6000,SRP579764,PRJNA1252167,,1252167,SRS24784463,SAMN48043659,simple,168759,Nanomia bijuga,YPM-IZ-111732,,,,,,,no,,,,,YALE UNIVERSITY,SRA2114751,,public,732AA27337E5D4A2E06ED64759708C99,3405A149FEFF23A24AE16CE48E1CF7F3
SRR33215966,2025-05-07 13:37:01,2025-04-18 17:25:24,519282453,156823300806,519282453,302,51577,,https://sra-downloadb.be-md.ncbi.nlm.nih.gov/sos8/sra-pub-zq-820/SRR033/33215/SRR33215966/SRR33215966.lite.1,SRX28463166,NA29,WGS,RANDOM,GENOMIC,PAIRED,0,0,ILLUMINA,Illumina NovaSeq 6000,SRP579764,PRJNA1252167,,1252167,SRS24784477,SAMN48043654,simple,3052286,Nanomia sp.,YPM-IZ-111733,,,,,,,no,,,,,YALE UNIVERSITY,SRA2114751,,public,672266599CB534A1C2B2856C829BF29E,1CDC8C717A5EAC3CE8B9B55298760A42
SRR33215981,2025-05-07 13:37:01,2025-04-18 16:33:43,179433564,54188936328,179433564,302,17491,,https://sra-downloadb.be-md.ncbi.nlm.nih.gov/sos8/sra-pub-zq-820/SRR033/33215/SRR33215981/SRR33215981.lite.1,SRX28463151,WS3,WGS,RANDOM,GENOMIC,PAIRED,0,0,ILLUMINA,Illumina NovaSeq 6000,SRP579764,PRJNA1252167,,1252167,SRS24784460,SAMN48043657,simple,168759,Nanomia bijuga,YPM-IZ-111734,,,,,,,no,,,,,YALE UNIVERSITY,SRA2114751,,public,09ED8DCCC48D69F6A0021FD7AD561973,D71EF07BAA08475EF29C25F9E1EBC723
SRR33215980,2025-05-07 13:37:01,2025-04-18 16:59:01,367392421,110952511142,367392421,302,35456,,https://sra-downloadb.be-md.ncbi.nlm.nih.gov/sos8/sra-pub-zq-820/SRR033/33215/SRR33215980/SRR33215980.lite.1,SRX28463152,WS4,WGS,RANDOM,GENOMIC,PAIRED,0,0,ILLUMINA,Illumina NovaSeq 6000,SRP579764,PRJNA1252167,,1252167,SRS24784461,SAMN48043658,simple,645360,Nanomia cara,YPM-IZ-111735,,,,,,,no,,,,,YALE UNIVERSITY,SRA2114751,,public,3A593823699D5128B37C0DC920BBCD56,1469272C47CE165FE3E895CEA47261FB
SRR33215985,2025-05-07 13:37:02,2025-04-18 16:59:35,378026200,114163912400,378026200,302,36898,,https://sra-downloadb.be-md.ncbi.nlm.nih.gov/sos8/sra-pub-zq-820/SRR033/33215/SRR33215985/SRR33215985.lite.1,SRX28463147,WS5,WGS,RANDOM,GENOMIC,PAIRED,0,0,ILLUMINA,Illumina NovaSeq 6000,SRP579764,PRJNA1252167,,1252167,SRS24784458,SAMN48043645,simple,3117660,Nanomia septata,YPM-IZ-111736,,,,,,,no,,,,,YALE UNIVERSITY,SRA2114751,,public,2DB06B1E343BB7BC0D3449FD43CC48D4,4E6D660E6C7DF38732E0644678574D33
SRR33215984,2025-05-07 13:37:02,2025-04-18 17:11:08,368634270,111327549540,368634270,302,36932,,https://sra-downloadb.be-md.ncbi.nlm.nih.gov/sos8/sra-pub-zq-820/SRR033/33215/SRR33215984/SRR33215984.lite.1,SRX28463148,WS6,WGS,RANDOM,GENOMIC,PAIRED,0,0,ILLUMINA,Illumina NovaSeq 6000,SRP579764,PRJNA1252167,,1252167,SRS24784457,SAMN48043646,simple,3117660,Nanomia septata,YPM-IZ-111737,,,,,,,no,,,,,YALE UNIVERSITY,SRA2114751,,public,22AB7361AFBC0EFF2F80270A38E27B3D,CF6684F91076622892FAD9D4F1841C43
SRR33215973,2025-05-07 13:37:01,2025-04-18 16:52:27,329179828,99412308056,329179828,302,32443,,https://sra-downloadb.be-md.ncbi.nlm.nih.gov/sos8/sra-pub-zq-820/SRR033/33215/SRR33215973/SRR33215973.lite.1,SRX28463159,WS7,WGS,RANDOM,GENOMIC,PAIRED,0,0,ILLUMINA,Illumina NovaSeq 6000,SRP579764,PRJNA1252167,,1252167,SRS24784469,SAMN48043647,simple,3117660,Nanomia septata,YPM-IZ-111738,,,,,,,no,,,,,YALE UNIVERSITY,SRA2114751,,public,A22BB0D4BB0B29C7A3DE074043F02A5A,314CF7BB2B0C7F86CD3628B1F952BC47
SRR33215972,2025-05-07 13:37:01,2025-04-18 16:56:50,347903385,105066822270,347903385,302,34501,,https://sra-downloadb.be-md.ncbi.nlm.nih.gov/sos8/sra-pub-zq-820/SRR033/33215/SRR33215972/SRR33215972.lite.1,SRX28463160,WS8,WGS,RANDOM,GENOMIC,PAIRED,0,0,ILLUMINA,Illumina NovaSeq 6000,SRP579764,PRJNA1252167,,1252167,SRS24784470,SAMN48043648,simple,3117660,Nanomia septata,YPM-IZ-111739,,,,,,,no,,,,,YALE UNIVERSITY,SRA2114751,,public,BA0D0F68E1A4A47E145CB2CB6883C561,3D529A6554542C798E1102593CA62FC6
SRR33215968,2025-05-07 13:37:02,2025-04-18 16:47:54,259007346,78220218492,259007346,302,26472,,https://sra-downloadb.be-md.ncbi.nlm.nih.gov/sos8/sra-pub-zq-820/SRR033/33215/SRR33215968/SRR33215968.lite.1,SRX28463164,NA32,WGS,RANDOM,GENOMIC,PAIRED,0,0,ILLUMINA,Illumina NovaSeq 6000,SRP579764,PRJNA1252167,,1252167,SRS24784474,SAMN48043652,simple,168759,Nanomia bijuga,YPM-IZ-111740,,,,,,,no,,,,,YALE UNIVERSITY,SRA2114751,,public,25AD201E9559A4F57AE9E191A8CDA2F2,F9EE7BA98F43A61050CA91F82E48A542
SRR33215967,2025-05-07 13:37:02,2025-04-18 16:52:17,242303025,73175513550,242303025,302,24751,,https://sra-downloadb.be-md.ncbi.nlm.nih.gov/sos8/sra-pub-zq-820/SRR033/33215/SRR33215967/SRR33215967.lite.1,SRX28463165,NA33,WGS,RANDOM,GENOMIC,PAIRED,0,0,ILLUMINA,Illumina NovaSeq 6000,SRP579764,PRJNA1252167,,1252167,SRS24784475,SAMN48043653,simple,168759,Nanomia bijuga,YPM-IZ-111741,,,,,,,no,,,,,YALE UNIVERSITY,SRA2114751,,public,687B957E4F4DE1E28D22C2D6BAE6847F,2C394128A15B8479167D487F52FC67B3
SRR33215969,2025-05-07 13:37:02,2025-04-18 19:06:38,235457344,71108117888,235457344,302,23908,,https://sra-downloadb.be-md.ncbi.nlm.nih.gov/sos8/sra-pub-zq-820/SRR033/33215/SRR33215969/SRR33215969.lite.1,SRX28463163,NA31,WGS,RANDOM,GENOMIC,PAIRED,0,0,ILLUMINA,Illumina NovaSeq 6000,SRP579764,PRJNA1252167,,1252167,SRS24784473,SAMN48043651,simple,168759,Nanomia bijuga,YPM-IZ-111742,,,,,,,no,,,,,YALE UNIVERSITY,SRA2114751,,public,0C30AEBA825E93CCDD6398DD6533EDBA,1076F063C155BBC46559D0524022056A
SRR33215970,2025-05-07 13:37:02,2025-04-18 17:07:52,315228126,95198894052,315228126,302,31497,,https://sra-downloadb.be-md.ncbi.nlm.nih.gov/sos8/sra-pub-zq-820/SRR033/33215/SRR33215970/SRR33215970.lite.1,SRX28463162,WS10,WGS,RANDOM,GENOMIC,PAIRED,0,0,ILLUMINA,Illumina NovaSeq 6000,SRP579764,PRJNA1252167,,1252167,SRS24784472,SAMN48043650,simple,3117660,Nanomia septata,YPM-IZ-111745,,,,,,,no,,,,,YALE UNIVERSITY,SRA2114751,,public,AEDF78673370C51FA219FF65267A52D8,F5BA62B594F296B85D8E292C5E4AE1E3
