SRR23143291,2023-05-12 14:05:16,2023-01-20 01:41:00,104516304,31563923808,104516304,302,10848,,https://sra-downloadb.be-md.ncbi.nlm.nih.gov/sos9/sra-pub-zq-922/SRR023/23143/SRR23143291/SRR23143291.lite.1,SRX19094082,CWD1,WGS,RANDOM,GENOMIC,PAIRED,0,0,ILLUMINA,Illumina NovaSeq 6000,SRP418370,PRJNA925656,,925656,SRS16509392,SAMN32803028,simple,316165,Agalma clausi,CWD1,,,,,,,no,,,,,YALE UNIVERSITY,SRA1577073,,public,61865D0F3ED0339038A0A2EB21B689C9,3DE37B1B0A7B7DD10266EB28EC6C6CC9
SRR23143290,2023-05-12 14:05:15,2023-01-20 01:59:55,147433621,44524953542,147433621,302,15244,,https://sra-downloadb.be-md.ncbi.nlm.nih.gov/sos9/sra-pub-zq-922/SRR023/23143/SRR23143290/SRR23143290.lite.1,SRX19094083,CWD101,WGS,RANDOM,GENOMIC,PAIRED,0,0,ILLUMINA,Illumina NovaSeq 6000,SRP418370,PRJNA925656,,925656,SRS16509393,SAMN32803033,simple,316193,Apolemia sp. 3 CWD-2005,CWD101,,,,,,,no,,,,,YALE UNIVERSITY,SRA1577073,,public,0CA6A583D92FBF172748368673ACED56,67968A93B9EA9EE806EC123AE01A4F6C
SRR23143279,2023-05-12 14:05:15,2023-01-20 04:01:04,301237433,90973704766,301237433,302,30591,,https://sra-downloadb.be-md.ncbi.nlm.nih.gov/sos9/sra-pub-zq-922/SRR023/23143/SRR23143279/SRR23143279.lite.1,SRX19094094,CWD104,WGS,RANDOM,GENOMIC,PAIRED,0,0,ILLUMINA,Illumina NovaSeq 6000,SRP418370,PRJNA925656,,925656,SRS16509404,SAMN32803034,simple,316231,Bargmannia elongata,CWD104,,,,,,,no,,,,,YALE UNIVERSITY,SRA1577073,,public,CC85FD48A7220D6BE7D32631A0EC3B60,BA9683AFD5192BC1AE678AA2F9987877
SRR23143268,2023-05-12 14:05:15,2023-01-20 01:41:48,172085483,51969815866,172085483,302,18279,,https://sra-downloadb.be-md.ncbi.nlm.nih.gov/sos9/sra-pub-zq-922/SRR023/23143/SRR23143268/SRR23143268.lite.1,SRX19094105,CWD11,WGS,RANDOM,GENOMIC,PAIRED,0,0,ILLUMINA,Illumina NovaSeq 6000,SRP418370,PRJNA925656,,925656,SRS16509415,SAMN32803061,simple,645353,Stephanomia amphytridis,CWD11,,,,,,,no,,,,,YALE UNIVERSITY,SRA1577073,,public,254B475A0F2C7852876622117D6939A5,B75DCFC79DCEDDCDFAC5C1483D7FE132
SRR25099392,2023-07-02 12:46:42,2023-07-02 11:48:25,765009358,231032826116,765009358,302,77488,,https://sra-downloadb.be-md.ncbi.nlm.nih.gov/sos5/sra-pub-zq-14/SRR025/25099/SRR25099392/SRR25099392.lite.1,SRX19094111,CWD116,WGS,RANDOM,GENOMIC,PAIRED,0,0,ILLUMINA,Illumina NovaSeq 6000,SRP418370,PRJNA925656,,925656,SRS16509421,SAMN32803030,simple,316166,Agalma elegans,CWD116,,,,,,,no,,,,,YALE UNIVERSITY,SRA1577073,,public,4982A3D21BD6DCDE758C58E56047AEE8,9B5AA3BB0EBED477A889D5AF07F01959
SRR25099393,2023-07-02 07:58:24,2023-07-02 07:42:04,62716963,18940522826,62716963,302,6431,,https://sra-downloadb.be-md.ncbi.nlm.nih.gov/sos5/sra-pub-zq-14/SRR025/25099/SRR25099393/SRR25099393.lite.1,SRX19094111,CWD116,WGS,RANDOM,GENOMIC,PAIRED,0,0,ILLUMINA,Illumina NovaSeq 6000,SRP418370,PRJNA925656,,925656,SRS16509421,SAMN32803030,simple,316166,Agalma elegans,CWD116,,,,,,,no,,,,,YALE UNIVERSITY,SRA1577073,,public,C9BA66ED2D002FEAA24A7F60555F2F54,5702B3E821C3DFFD34C0BF758B5F4036
SRR25099394,2023-07-02 07:38:46,2023-07-02 07:35:47,40291807,12168125714,40291807,302,4262,,https://sra-downloadb.be-md.ncbi.nlm.nih.gov/sos5/sra-pub-zq-14/SRR025/25099/SRR25099394/SRR25099394.lite.1,SRX19094111,CWD116,WGS,RANDOM,GENOMIC,PAIRED,0,0,ILLUMINA,Illumina NovaSeq 6000,SRP418370,PRJNA925656,,925656,SRS16509421,SAMN32803030,simple,316166,Agalma elegans,CWD116,,,,,,,no,,,,,YALE UNIVERSITY,SRA1577073,,public,864EB6D580933AF2114976590AD46B21,F44417B526E0E8E000D1AD6CF5E691D0
SRR25099395,2023-07-02 07:58:24,2023-07-02 07:44:25,48539726,14658997252,48539726,302,4908,,https://sra-downloadb.be-md.ncbi.nlm.nih.gov/sos5/sra-pub-zq-14/SRR025/25099/SRR25099395/SRR25099395.lite.1,SRX19094111,CWD116,WGS,RANDOM,GENOMIC,PAIRED,0,0,ILLUMINA,Illumina NovaSeq 6000,SRP418370,PRJNA925656,,925656,SRS16509421,SAMN32803030,simple,316166,Agalma elegans,CWD116,,,,,,,no,,,,,YALE UNIVERSITY,SRA1577073,,public,56C9158F60171091E6AF822DF40588CF,B51D65291BA102DE43715BC95E0211CE
SRR25099396,2023-07-02 07:59:41,2023-07-02 07:52:53,119652613,36135089126,119652613,302,11964,,https://sra-downloadb.be-md.ncbi.nlm.nih.gov/sos5/sra-pub-zq-14/SRR025/25099/SRR25099396/SRR25099396.lite.1,SRX19094111,CWD116,WGS,RANDOM,GENOMIC,PAIRED,0,0,ILLUMINA,Illumina NovaSeq 6000,SRP418370,PRJNA925656,,925656,SRS16509421,SAMN32803030,simple,316166,Agalma elegans,CWD116,,,,,,,no,,,,,YALE UNIVERSITY,SRA1577073,,public,7079FEE3A5A638DBBDD805377749A2A9,74595AF4ECDF1BEC26CC653CCF6E80E1
SRR23143261,2023-05-12 14:05:16,2023-01-20 04:42:44,270605623,81722898146,270605623,302,27403,,https://sra-downloadb.be-md.ncbi.nlm.nih.gov/sos9/sra-pub-zq-922/SRR023/23143/SRR23143261/SRR23143261.lite.1,SRX19094112,CWD117,WGS,RANDOM,GENOMIC,PAIRED,0,0,ILLUMINA,Illumina NovaSeq 6000,SRP418370,PRJNA925656,,925656,SRS16509422,SAMN32803047,simple,168745,Hippopodius hippopus,CWD117,,,,,,,no,,,,,YALE UNIVERSITY,SRA1577073,,public,2440D13E083A09C8D1668C2A6610C58A,D5546B29A7DE077A2BCBCDC2D281B419
SRR23143260,2023-05-12 14:05:16,2023-01-20 01:24:10,103993703,31406098306,103993703,302,10636,,https://sra-downloadb.be-md.ncbi.nlm.nih.gov/sos9/sra-pub-zq-922/SRR023/23143/SRR23143260/SRR23143260.lite.1,SRX19094113,CWD12,WGS,RANDOM,GENOMIC,PAIRED,0,0,ILLUMINA,Illumina NovaSeq 6000,SRP418370,PRJNA925656,,925656,SRS16509423,SAMN32803045,simple,316183,Halistemma rubrum,CWD12,,,,,,,no,,,,,YALE UNIVERSITY,SRA1577073,,public,94BA45EEAFDF8433DA50E2ED84F159FA,5A7826C8A43FAEFD17CD689939ED397C
SRR23143259,2023-05-12 14:05:16,2023-01-20 01:37:21,106460202,32150981004,106460202,302,10592,,https://sra-downloadb.be-md.ncbi.nlm.nih.gov/sos9/sra-pub-zq-922/SRR023/23143/SRR23143259/SRR23143259.lite.1,SRX19094114,CWD121,WGS,RANDOM,GENOMIC,PAIRED,0,0,ILLUMINA,Illumina NovaSeq 6000,SRP418370,PRJNA925656,,925656,SRS16509424,SAMN32803027,simple,316209,Abylopsis tetragona,CWD121,,,,,,,no,,,,,YALE UNIVERSITY,SRA1577073,,public,70BC69981961832D429BBC30FDBB2EDC,5F767BBEDE843BECB8DDD4C422B87719
SRR23143258,2023-05-12 14:05:16,2023-01-20 04:23:53,353402974,106727698148,353402974,302,34168,,https://sra-downloadb.be-md.ncbi.nlm.nih.gov/sos9/sra-pub-zq-922/SRR023/23143/SRR23143258/SRR23143258.lite.1,SRX19094115,CWD122,WGS,RANDOM,GENOMIC,PAIRED,0,0,ILLUMINA,Illumina NovaSeq 6000,SRP418370,PRJNA925656,,925656,SRS16509425,SAMN32803036,simple,316211,Chelophyes appendiculata,CWD122,,,,,,,no,,,,,YALE UNIVERSITY,SRA1577073,,public,B05FA2453AFC737B56C36B5677CAAE6C,2770926C8D57A36675606D3E8994E81F
SRR23143257,2023-05-12 14:05:16,2023-01-20 02:29:06,239493185,72326941870,239493185,302,23435,,https://sra-downloadb.be-md.ncbi.nlm.nih.gov/sos9/sra-pub-zq-922/SRR023/23143/SRR23143257/SRR23143257.lite.1,SRX19094116,CWD131,WGS,RANDOM,GENOMIC,PAIRED,0,0,ILLUMINA,Illumina NovaSeq 6000,SRP418370,PRJNA925656,,925656,SRS16509426,SAMN32803057,simple,2721092,Rhizophysa eysenhardtii,CWD131,,,,,,,no,,,,,YALE UNIVERSITY,SRA1577073,,public,27A4215251D1825C4F660EA22E784825,EDD51D2167F673A835FE946F92623D1A
SRR23143289,2023-05-12 14:05:15,2023-01-20 02:15:49,220953310,66727899620,220953310,302,22627,,https://sra-downloadb.be-md.ncbi.nlm.nih.gov/sos9/sra-pub-zq-922/SRR023/23143/SRR23143289/SRR23143289.lite.1,SRX19094084,CWD141,WGS,RANDOM,GENOMIC,PAIRED,0,0,ILLUMINA,Illumina NovaSeq 6000,SRP418370,PRJNA925656,,925656,SRS16509394,SAMN32803060,simple,316222,Stephalia dilata,CWD141,,,,,,,no,,,,,YALE UNIVERSITY,SRA1577073,,public,465E4CF9D7A8D32A74DA2D1709E6827C,C2FFB31AF6E23910DC6D4164A6F07E5E
SRR25099388,2023-07-02 07:58:24,2023-07-02 07:41:49,87168095,26324764690,87168095,302,8722,,https://sra-downloadb.be-md.ncbi.nlm.nih.gov/sos5/sra-pub-zq-14/SRR025/25099/SRR25099388/SRR25099388.lite.1,SRX19094085,CWD144,WGS,RANDOM,GENOMIC,PAIRED,0,0,ILLUMINA,Illumina NovaSeq 6000,SRP418370,PRJNA925656,,925656,SRS16509395,SAMN32803044,simple,316224,Gymnopraia lapislazula,CWD144,,,,,,,no,,,,,YALE UNIVERSITY,SRA1577073,,public,1D83C06D07871E526855CA70719D6B1C,958FCB5B52618799717E232B1177D092
SRR25099389,2023-07-02 07:41:41,2023-07-02 07:36:31,77261087,23332848274,77261087,302,7994,,https://sra-downloadb.be-md.ncbi.nlm.nih.gov/sos5/sra-pub-zq-14/SRR025/25099/SRR25099389/SRR25099389.lite.1,SRX19094085,CWD144,WGS,RANDOM,GENOMIC,PAIRED,0,0,ILLUMINA,Illumina NovaSeq 6000,SRP418370,PRJNA925656,,925656,SRS16509395,SAMN32803044,simple,316224,Gymnopraia lapislazula,CWD144,,,,,,,no,,,,,YALE UNIVERSITY,SRA1577073,,public,B465E52E4B142AF08C33B5D3FDFF8B4F,1CB266A98EC581F0BB9F7AB6DEA415E4
SRR25099390,2023-07-02 08:10:14,2023-07-02 07:56:51,158733632,47937556864,158733632,302,15621,,https://sra-downloadb.be-md.ncbi.nlm.nih.gov/sos5/sra-pub-zq-14/SRR025/25099/SRR25099390/SRR25099390.lite.1,SRX19094085,CWD144,WGS,RANDOM,GENOMIC,PAIRED,0,0,ILLUMINA,Illumina NovaSeq 6000,SRP418370,PRJNA925656,,925656,SRS16509395,SAMN32803044,simple,316224,Gymnopraia lapislazula,CWD144,,,,,,,no,,,,,YALE UNIVERSITY,SRA1577073,,public,332BA0AE7F31D9C627DCD72BBBA2C9FF,E492CD4407E8B735FE5DBD24B2F3E56F
SRR25099391,2023-07-02 10:13:41,2023-07-02 09:57:37,558018197,168521495494,558018197,302,57368,,https://sra-downloadb.be-md.ncbi.nlm.nih.gov/sos5/sra-pub-zq-14/SRR025/25099/SRR25099391/SRR25099391.lite.1,SRX19094085,CWD144,WGS,RANDOM,GENOMIC,PAIRED,0,0,ILLUMINA,Illumina NovaSeq 6000,SRP418370,PRJNA925656,,925656,SRS16509395,SAMN32803044,simple,316224,Gymnopraia lapislazula,CWD144,,,,,,,no,,,,,YALE UNIVERSITY,SRA1577073,,public,4A6564A3DCE963905DCE70E22325D7FE,7FD1DDDD507277F96609C9C866BE4EB7
SRR23143287,2023-05-12 14:05:15,2023-01-20 04:39:25,335244845,101243943190,335244845,302,33267,,https://sra-downloadb.be-md.ncbi.nlm.nih.gov/sos9/sra-pub-zq-922/SRR023/23143/SRR23143287/SRR23143287.lite.1,SRX19094086,CWD146,WGS,RANDOM,GENOMIC,PAIRED,0,0,ILLUMINA,Illumina NovaSeq 6000,SRP418370,PRJNA925656,,925656,SRS16509396,SAMN32803041,simple,1922290,Erenna sirena,CWD146,,,,,,,no,,,,,YALE UNIVERSITY,SRA1577073,,public,80248B1EC4C1BBAD6950EA1AAF09BA29,B1B6B748D1FB1964E80E902980290EB2
SRR23143286,2023-05-12 14:05:15,2023-01-20 07:00:14,313143022,94569192644,313143022,302,29842,,https://sra-downloadb.be-md.ncbi.nlm.nih.gov/sos9/sra-pub-zq-922/SRR023/23143/SRR23143286/SRR23143286.lite.1,SRX19094087,CWD16,WGS,RANDOM,GENOMIC,PAIRED,0,0,ILLUMINA,Illumina NovaSeq 6000,SRP418370,PRJNA925656,,925656,SRS16509397,SAMN32803050,simple,168759,Nanomia bijuga,CWD16,,,,,,,no,,,,,YALE UNIVERSITY,SRA1577073,,public,4B98BDBC5849CF90D801CDE66F86B2EF,5C7D843186E4BDDB7C797D1DBED20802
SRR23143285,2023-05-12 14:05:15,2023-01-20 01:55:22,171500636,51793192072,171500636,302,17310,,https://sra-downloadb.be-md.ncbi.nlm.nih.gov/sos9/sra-pub-zq-922/SRR023/23143/SRR23143285/SRR23143285.lite.1,SRX19094088,CWD17,WGS,RANDOM,GENOMIC,PAIRED,0,0,ILLUMINA,Illumina NovaSeq 6000,SRP418370,PRJNA925656,,925656,SRS16509398,SAMN32803046,simple,316183,Halistemma rubrum,CWD17,,,,,,,no,,,,,YALE UNIVERSITY,SRA1577073,,public,1E3EAFB37073A015EFB59BBF466CDE8B,EC2F3E78081D497FA201F7E197C904D3
SRR23143284,2023-05-12 14:05:15,2023-01-20 06:05:51,384583011,116144069322,384583011,302,39635,,https://sra-downloadb.be-md.ncbi.nlm.nih.gov/sos9/sra-pub-zq-922/SRR023/23143/SRR23143284/SRR23143284.lite.1,SRX19094089,CWD19,WGS,RANDOM,GENOMIC,PAIRED,0,0,ILLUMINA,Illumina NovaSeq 6000,SRP418370,PRJNA925656,,925656,SRS16509399,SAMN32803054,simple,316184,Praya dubia,CWD19,,,,,,,no,,,,,YALE UNIVERSITY,SRA1577073,,public,FA673CB50DD1B69EAD9F4FD97C3623BC,023D2600E227AF7FBADF0C14EF43DC52
SRR23143283,2023-05-12 14:05:15,2023-01-20 01:34:26,97168657,29344934414,97168657,302,9941,,https://sra-downloadb.be-md.ncbi.nlm.nih.gov/sos9/sra-pub-zq-922/SRR023/23143/SRR23143283/SRR23143283.lite.1,SRX19094090,CWD2,WGS,RANDOM,GENOMIC,PAIRED,0,0,ILLUMINA,Illumina NovaSeq 6000,SRP418370,PRJNA925656,,925656,SRS16509400,SAMN32803029,simple,316166,Agalma elegans,CWD2,,,,,,,no,,,,,YALE UNIVERSITY,SRA1577073,,public,712BEB0796E15861005F73A029A94949,9FF683BB0A149EAA05BBE85FD55A786B
SRR23143282,2023-05-12 14:05:15,2023-01-20 05:06:17,159263913,48097701726,159263913,302,16106,,https://sra-downloadb.be-md.ncbi.nlm.nih.gov/sos9/sra-pub-zq-922/SRR023/23143/SRR23143282/SRR23143282.lite.1,SRX19094091,CWD20,WGS,RANDOM,GENOMIC,PAIRED,0,0,ILLUMINA,Illumina NovaSeq 6000,SRP418370,PRJNA925656,,925656,SRS16509401,SAMN32803058,simple,316187,Rhizophysa filiformis,CWD20,,,,,,,no,,,,,YALE UNIVERSITY,SRA1577073,,public,F74F1BD0FFF46AE80BB76416077C208C,D8E5922E31174FDAF334C61DA3678A8D
SRR23143281,2023-05-12 14:05:15,2023-01-20 01:44:57,101601341,30683604982,101601341,302,10348,,https://sra-downloadb.be-md.ncbi.nlm.nih.gov/sos9/sra-pub-zq-922/SRR023/23143/SRR23143281/SRR23143281.lite.1,SRX19094092,CWD21,WGS,RANDOM,GENOMIC,PAIRED,0,0,ILLUMINA,Illumina NovaSeq 6000,SRP418370,PRJNA925656,,925656,SRS16509402,SAMN32803059,simple,316189,Rosacea flaccida,CWD21,,,,,,,no,,,,,YALE UNIVERSITY,SRA1577073,,public,69BAF3C96125373F9C401809D7F91A22,8D26B3A849F6C71D1672FCE8266762D4
SRR23143280,2023-05-12 14:05:15,2023-01-20 03:20:48,257005662,77615709924,257005662,302,25523,,https://sra-downloadb.be-md.ncbi.nlm.nih.gov/sos9/sra-pub-zq-922/SRR023/23143/SRR23143280/SRR23143280.lite.1,SRX19094093,CWD3,WGS,RANDOM,GENOMIC,PAIRED,0,0,ILLUMINA,Illumina NovaSeq 6000,SRP418370,PRJNA925656,,925656,SRS16509403,SAMN32803031,simple,2721091,Agalma okenii,CWD3,,,,,,,no,,,,,YALE UNIVERSITY,SRA1577073,,public,C81C7050DC3EE349BCCB8DB07A4078C7,379242F27410A226EBDBB0698FBFD37C
SRR23143278,2023-05-12 14:05:15,2023-01-20 01:45:14,151311569,45696093838,151311569,302,14872,,https://sra-downloadb.be-md.ncbi.nlm.nih.gov/sos9/sra-pub-zq-922/SRR023/23143/SRR23143278/SRR23143278.lite.1,SRX19094095,CWD6,WGS,RANDOM,GENOMIC,PAIRED,0,0,ILLUMINA,Illumina NovaSeq 6000,SRP418370,PRJNA925656,,925656,SRS16509405,SAMN32803038,simple,316174,Cordagalma,CWD6,,,,,,,no,,,,,YALE UNIVERSITY,SRA1577073,,public,FC9B7DA054821D6FC535AFE2F32D6E60,78B19B1C826603E7D72E963A7A78B642
SRR23143277,2023-05-12 14:05:15,2023-01-20 02:08:43,199108254,60130692708,199108254,302,19838,,https://sra-downloadb.be-md.ncbi.nlm.nih.gov/sos9/sra-pub-zq-922/SRR023/23143/SRR23143277/SRR23143277.lite.1,SRX19094096,CWD7,WGS,RANDOM,GENOMIC,PAIRED,0,0,ILLUMINA,Illumina NovaSeq 6000,SRP418370,PRJNA925656,,925656,SRS16509406,SAMN32803040,simple,316177,Diphyes dispar,CWD7,,,,,,,no,,,,,YALE UNIVERSITY,SRA1577073,,public,52C33621693C61C6730AF8709652A271,97BFBC246A18E89812C64B1DEFAB57D1
SRR23143276,2023-05-12 14:05:15,2023-01-20 02:24:01,222668998,67246037396,222668998,302,21952,,https://sra-downloadb.be-md.ncbi.nlm.nih.gov/sos9/sra-pub-zq-922/SRR023/23143/SRR23143276/SRR23143276.lite.1,SRX19094097,NA1,WGS,RANDOM,GENOMIC,PAIRED,0,0,ILLUMINA,Illumina NovaSeq 6000,SRP418370,PRJNA925656,,925656,SRS16509407,SAMN32803037,simple,316200,Chuniphyes multidentata,NA1,,,,,,,no,,,,,YALE UNIVERSITY,SRA1577073,,public,B505CF180403F836B32CE2A79BA4C482,7E61FDAB081AD97EC81BC4149CD5FF7C
SRR23143275,2023-05-12 14:05:15,2023-01-20 08:24:56,572564997,172914629094,572564997,302,57042,,https://sra-downloadb.be-md.ncbi.nlm.nih.gov/sos9/sra-pub-zq-922/SRR023/23143/SRR23143275/SRR23143275.lite.1,SRX19094098,NA10,WGS,RANDOM,GENOMIC,PAIRED,0,0,ILLUMINA,Illumina NovaSeq 6000,SRP418370,PRJNA925656,,925656,SRS16509408,SAMN32803055,simple,557396,Resomia ornicephala,NA10,,,,,,,no,,,,,YALE UNIVERSITY,SRA1577073,,public,71DD99838FF2BCFB4FD6B228CDEB2281,7B50F84A6EDCBD64B3019CA521AE738E
SRR23143274,2023-05-12 14:05:15,2023-01-20 02:28:10,169072426,51059872652,169072426,302,17315,,https://sra-downloadb.be-md.ncbi.nlm.nih.gov/sos9/sra-pub-zq-922/SRR023/23143/SRR23143274/SRR23143274.lite.1,SRX19094099,NA11,WGS,RANDOM,GENOMIC,PAIRED,0,0,ILLUMINA,Illumina NovaSeq 6000,SRP418370,PRJNA925656,,925656,SRS16509409,SAMN32803056,simple,557396,Resomia ornicephala,NA11,,,,,,,no,,,,,YALE UNIVERSITY,SRA1577073,,public,087883B4F664793E5B464805E5456A68,C291048B105D9F1FC34736F231DE7DA1
SRR23143273,2023-05-12 14:05:15,2023-01-20 03:08:16,290181437,87634793974,290181437,302,30221,,https://sra-downloadb.be-md.ncbi.nlm.nih.gov/sos9/sra-pub-zq-922/SRR023/23143/SRR23143273/SRR23143273.lite.1,SRX19094100,NA19,WGS,RANDOM,GENOMIC,PAIRED,0,0,ILLUMINA,Illumina NovaSeq 6000,SRP418370,PRJNA925656,,925656,SRS16509410,SAMN32803049,simple,168758,Nanomia,NA19,,,,,,,no,,,,,YALE UNIVERSITY,SRA1577073,,public,340D80F65B885524243BE36F9E3CC244,42A96794438F15DC022E2B3A4F5753BE
SRR23143272,2023-05-12 14:05:15,2023-01-20 02:16:49,230563805,69630269110,230563805,302,23091,,https://sra-downloadb.be-md.ncbi.nlm.nih.gov/sos9/sra-pub-zq-922/SRR023/23143/SRR23143272/SRR23143272.lite.1,SRX19094101,NA2,WGS,RANDOM,GENOMIC,PAIRED,0,0,ILLUMINA,Illumina NovaSeq 6000,SRP418370,PRJNA925656,,925656,SRS16509411,SAMN32803052,simple,42760,Physonectae,NA2,,,,,,,no,,,,,YALE UNIVERSITY,SRA1577073,,public,9B990F7EAF177AE604956589D9448393,B86CCEE1EF63E6A5E6BCD6C9F65B5032
SRR23143271,2023-05-12 14:05:15,2023-01-20 09:18:04,670929213,202620622326,670929213,302,69577,,https://sra-downloadb.be-md.ncbi.nlm.nih.gov/sos9/sra-pub-zq-922/SRR023/23143/SRR23143271/SRR23143271.lite.1,SRX19094102,NA22,WGS,RANDOM,GENOMIC,PAIRED,0,0,ILLUMINA,Illumina NovaSeq 6000,SRP418370,PRJNA925656,,925656,SRS16509412,SAMN32803051,simple,168774,Physalia,NA22,,,,,,,no,,,,,YALE UNIVERSITY,SRA1577073,,public,2B46A89BBD58CA434FC3B76135C5D5AE,4FA02F38550387F247097916E96A55C4
SRR23143270,2023-05-12 14:05:15,2023-01-20 02:45:12,271237766,81913805332,271237766,302,27289,,https://sra-downloadb.be-md.ncbi.nlm.nih.gov/sos9/sra-pub-zq-922/SRR023/23143/SRR23143270/SRR23143270.lite.1,SRX19094103,NA3,WGS,RANDOM,GENOMIC,PAIRED,0,0,ILLUMINA,Illumina NovaSeq 6000,SRP418370,PRJNA925656,,925656,SRS16509413,SAMN32803042,simple,6153,Forskalia,NA3,,,,,,,no,,,,,YALE UNIVERSITY,SRA1577073,,public,1952526A48C3566BC238EA4B3F411FD1,7912B8D99677A9038CA2BC12F06B9654
SRR23143269,2023-05-12 14:05:15,2023-01-20 02:19:27,238886650,72143768300,238886650,302,24802,,https://sra-downloadb.be-md.ncbi.nlm.nih.gov/sos9/sra-pub-zq-922/SRR023/23143/SRR23143269/SRR23143269.lite.1,SRX19094104,NA4,WGS,RANDOM,GENOMIC,PAIRED,0,0,ILLUMINA,Illumina NovaSeq 6000,SRP418370,PRJNA925656,,925656,SRS16509414,SAMN32803053,simple,168784,Praya,NA4,,,,,,,no,,,,,YALE UNIVERSITY,SRA1577073,,public,29BE84EDE6170E0D0EC20A7D7004BBAE,C89CECB0390A1654B4E164FD0302F3B6
SRR23143267,2023-05-12 14:05:14,2023-01-20 03:13:30,253243374,76479498948,253243374,302,24778,,https://sra-downloadb.be-md.ncbi.nlm.nih.gov/sos9/sra-pub-zq-922/SRR023/23143/SRR23143267/SRR23143267.lite.1,SRX19094106,NA5,WGS,RANDOM,GENOMIC,PAIRED,0,0,ILLUMINA,Illumina NovaSeq 6000,SRP418370,PRJNA925656,,925656,SRS16509416,SAMN32803032,simple,1390100,Apolemia rubriversa,NA5,,,,,,,no,,,,,YALE UNIVERSITY,SRA1577073,,public,2B9C1A812527AD819BB807424B39D50D,35B554C3452E5F9C89602DCB5ACA8EFD
SRR23143266,2023-05-12 14:05:15,2023-01-20 01:46:12,171991413,51941406726,171991413,302,17416,,https://sra-downloadb.be-md.ncbi.nlm.nih.gov/sos9/sra-pub-zq-922/SRR023/23143/SRR23143266/SRR23143266.lite.1,SRX19094107,NA6,WGS,RANDOM,GENOMIC,PAIRED,0,0,ILLUMINA,Illumina NovaSeq 6000,SRP418370,PRJNA925656,,925656,SRS16509417,SAMN32803039,simple,316205,Craseoa lathetica,NA6,,,,,,,no,,,,,YALE UNIVERSITY,SRA1577073,,public,FD60287944AB394C10626E6D033CCADF,95DE87DC746CC63EC1FC5C6D08327FE0
SRR23143265,2023-05-12 14:05:16,2023-01-20 03:20:35,285295476,86159233752,285295476,302,28846,,https://sra-downloadb.be-md.ncbi.nlm.nih.gov/sos9/sra-pub-zq-922/SRR023/23143/SRR23143265/SRR23143265.lite.1,SRX19094108,NA7,WGS,RANDOM,GENOMIC,PAIRED,0,0,ILLUMINA,Illumina NovaSeq 6000,SRP418370,PRJNA925656,,925656,SRS16509418,SAMN32803048,simple,326734,Lilyopsis fluoracantha,NA7,,,,,,,no,,,,,YALE UNIVERSITY,SRA1577073,,public,45E581C6C37CA255AC7E2BE4A75EB95A,A874F56161707F2D33CEE4467C7DE291
SRR23143264,2023-05-12 14:05:16,2023-01-20 02:06:50,151962850,45892780700,151962850,302,15330,,https://sra-downloadb.be-md.ncbi.nlm.nih.gov/sos9/sra-pub-zq-922/SRR023/23143/SRR23143264/SRR23143264.lite.1,SRX19094109,NA8,WGS,RANDOM,GENOMIC,PAIRED,0,0,ILLUMINA,Illumina NovaSeq 6000,SRP418370,PRJNA925656,,925656,SRS16509419,SAMN32803035,simple,2078594,Bargmannia lata,NA8,,,,,,,no,,,,,YALE UNIVERSITY,SRA1577073,,public,255099858C0F289C98DEBDC37D699C2B,4ADF5F0E3D9A140BAF2194EF12CEE05B
SRR23143263,2023-05-12 14:05:16,2023-01-20 03:06:42,288799888,87217566176,288799888,302,28824,,https://sra-downloadb.be-md.ncbi.nlm.nih.gov/sos9/sra-pub-zq-922/SRR023/23143/SRR23143263/SRR23143263.lite.1,SRX19094110,NA9,WGS,RANDOM,GENOMIC,PAIRED,0,0,ILLUMINA,Illumina NovaSeq 6000,SRP418370,PRJNA925656,,925656,SRS16509420,SAMN32803043,simple,1521549,Frillagalma vityazi,NA9,,,,,,,no,,,,,YALE UNIVERSITY,SRA1577073,,public,412C60D22BC01BB1B8ACF043EB59D57F,2AE8AF4503009A998CF4DA346F9F0FAF
