SRR28498736,2024-07-11 00:11:07,2024-03-29 16:25:18,143590741,43364403782,143590741,302,12547,,https://sra-downloadb.be-md.ncbi.nlm.nih.gov/sos11/sra-pub-zq-1140/SRR028/28498/SRR28498736/SRR28498736.lite.1,SRX24100726,FM16644,WGS,RANDOM,GENOMIC,PAIRED,0,0,ILLUMINA,Illumina NovaSeq 6000,SRP498670,PRJNA1092115,,1092115,SRS20889135,SAMN40621277,simple,168775,Physalia physalis,FM16644,,,,,,,no,,,,,YALE UNIVERSITY,SRA1835931,,public,8B393B6F1AFA30B56611879293CE7F66,5AAFCC067C23016D797F81E51F6C61B0
SRR29478749,2024-07-11 00:11:15,2024-06-20 17:47:37,98500887,29747267874,98500887,302,8902,,https://sra-downloadb.be-md.ncbi.nlm.nih.gov/sos11/sra-pub-zq-1140/SRR029/29478/SRR29478749/SRR29478749.lite.1,SRX24989890,NIWA-173304,WGS,RANDOM,GENOMIC,PAIRED,0,0,ILLUMINA,Illumina NovaSeq 6000,SRP498670,PRJNA1092115,,1092115,SRS21691697,SAMN41900828,simple,3136164,Physalia sp. C2,NIWA-173304,,,,,,,no,,,,,YALE UNIVERSITY,SRA1903610,,public,A2ED87EB403A2766AD4B67E843504793,2EBC6F1C601817492FA280C1D69AA9E0
SRR29478748,2024-07-11 00:11:15,2024-06-20 17:45:33,109283910,33003740820,109283910,302,9937,,https://sra-downloadb.be-md.ncbi.nlm.nih.gov/sos11/sra-pub-zq-1140/SRR029/29478/SRR29478748/SRR29478748.lite.1,SRX24989891,NIWA-173305,WGS,RANDOM,GENOMIC,PAIRED,0,0,ILLUMINA,Illumina NovaSeq 6000,SRP498670,PRJNA1092115,,1092115,SRS21691693,SAMN41900829,simple,3136164,Physalia sp. C2,NIWA-173305,,,,,,,no,,,,,YALE UNIVERSITY,SRA1903610,,public,4C6A8F0649AF2C3DC0A8C49E372B5579,68F397AB690858D98ED8CB70071776F9
SRR28498728,2024-07-11 00:11:07,2024-03-29 17:00:48,255466214,77150796628,255466214,302,25549,,https://sra-downloadb.be-md.ncbi.nlm.nih.gov/sos11/sra-pub-zq-1140/SRR028/28498/SRR28498728/SRR28498728.lite.1,SRX24100734,TMAG-K5632,WGS,RANDOM,GENOMIC,PAIRED,0,0,ILLUMINA,Illumina NovaSeq 6000,SRP498670,PRJNA1092115,,1092115,SRS20889142,SAMN40621278,simple,168775,Physalia physalis,TMAG-K5632,,,,,,,no,,,,,YALE UNIVERSITY,SRA1835931,,public,37C6B1350103D24A1B13F57348DB5050,6D95D7778284D0BE2CDB63D62EF63643
SRR28498727,2024-07-11 00:11:07,2024-03-29 17:55:23,353846682,106861697964,353846682,302,35346,,https://sra-downloadb.be-md.ncbi.nlm.nih.gov/sos11/sra-pub-zq-1140/SRR028/28498/SRR28498727/SRR28498727.lite.1,SRX24100735,TMAG-K5633,WGS,RANDOM,GENOMIC,PAIRED,0,0,ILLUMINA,Illumina NovaSeq 6000,SRP498670,PRJNA1092115,,1092115,SRS20889144,SAMN40621279,simple,3136164,Physalia sp. C2,TMAG-K5633,,,,,,,no,,,,,YALE UNIVERSITY,SRA1835931,,public,284853DCD4A31BA2DC1C35E1AD0DC597,71F7B9123E1F64A4294AEA9FB350272F
SRR28498726,2024-07-11 00:11:07,2024-03-29 16:14:55,52936896,15986942592,52936896,302,5543,,https://sra-downloadb.be-md.ncbi.nlm.nih.gov/sos11/sra-pub-zq-1140/SRR028/28498/SRR28498726/SRR28498726.lite.1,SRX24100736,TMAG-K5634,WGS,RANDOM,GENOMIC,PAIRED,0,0,ILLUMINA,Illumina NovaSeq 6000,SRP498670,PRJNA1092115,,1092115,SRS20889145,SAMN40621280,simple,3136164,Physalia sp. C2,TMAG-K5634,,,,,,,no,,,,,YALE UNIVERSITY,SRA1835931,,public,C32D43738DCB156F2DA65D3014F3A6D7,B06E6BEB13386CCCC1C7E874E2AEE044
SRR28498785,2024-07-11 00:11:03,2024-03-29 16:22:42,152149795,45949238090,152149795,302,15638,,https://sra-downloadb.be-md.ncbi.nlm.nih.gov/sos11/sra-pub-zq-1140/SRR028/28498/SRR28498785/SRR28498785.lite.1,SRX24100677,TMAG-K5635,WGS,RANDOM,GENOMIC,PAIRED,0,0,ILLUMINA,Illumina NovaSeq 6000,SRP498670,PRJNA1092115,,1092115,SRS20889086,SAMN40621281,simple,3136164,Physalia sp. C2,TMAG-K5635,,,,,,,no,,,,,YALE UNIVERSITY,SRA1835931,,public,E908911DCD72381B7E5FE9242AE2D293,87602E064D821B0B1455E1E6E8DD3601
SRR28498784,2024-07-11 00:11:03,2024-03-29 16:38:52,129828346,39208160492,129828346,302,13352,,https://sra-downloadb.be-md.ncbi.nlm.nih.gov/sos11/sra-pub-zq-1140/SRR028/28498/SRR28498784/SRR28498784.lite.1,SRX24100678,TMAG-K5636,WGS,RANDOM,GENOMIC,PAIRED,0,0,ILLUMINA,Illumina NovaSeq 6000,SRP498670,PRJNA1092115,,1092115,SRS20889087,SAMN40621282,simple,3136164,Physalia sp. C2,TMAG-K5636,,,,,,,no,,,,,YALE UNIVERSITY,SRA1835931,,public,56C3940944D4F4736443118375E93F10,EE23EE0ABF26F2C38EC3513C5F525264
SRR28498735,2024-07-11 00:11:07,2024-03-29 16:15:33,71868159,21704184018,71868159,302,7025,,https://sra-downloadb.be-md.ncbi.nlm.nih.gov/sos11/sra-pub-zq-1140/SRR028/28498/SRR28498735/SRR28498735.lite.1,SRX24100727,YPM-IZ-104460,WGS,RANDOM,GENOMIC,PAIRED,0,0,ILLUMINA,Illumina NovaSeq 6000,SRP498670,PRJNA1092115,,1092115,SRS20889136,SAMN40621299,simple,168775,Physalia physalis,YPM-IZ-104460,,,,,,,no,,,,,YALE UNIVERSITY,SRA1835931,,public,BCBA3D22DE29E374EA04A65514191990,EEB6901E9CCA2816187BD733309BFD06
SRR28498734,2024-07-11 00:11:07,2024-03-29 16:09:27,51036101,15412902502,51036101,302,5077,,https://sra-downloadb.be-md.ncbi.nlm.nih.gov/sos11/sra-pub-zq-1140/SRR028/28498/SRR28498734/SRR28498734.lite.1,SRX24100728,YPM-IZ-104461,WGS,RANDOM,GENOMIC,PAIRED,0,0,ILLUMINA,Illumina NovaSeq 6000,SRP498670,PRJNA1092115,,1092115,SRS20889137,SAMN40621300,simple,168775,Physalia physalis,YPM-IZ-104461,,,,,,,no,,,,,YALE UNIVERSITY,SRA1835931,,public,AFF5920ECCAB70967EDBF12D83DE1A1E,E2D625616BCBFD7CBE6FE8259A5A9E10
SRR28498747,2024-07-11 00:11:06,2024-03-29 16:22:54,81700526,24673558852,81700526,302,8041,,https://sra-downloadb.be-md.ncbi.nlm.nih.gov/sos11/sra-pub-zq-1140/SRR028/28498/SRR28498747/SRR28498747.lite.1,SRX24100715,YPM-IZ-106919,WGS,RANDOM,GENOMIC,PAIRED,0,0,ILLUMINA,Illumina NovaSeq 6000,SRP498670,PRJNA1092115,,1092115,SRS20889123,SAMN40621302,simple,168775,Physalia physalis,YPM-IZ-106919,,,,,,,no,,,,,YALE UNIVERSITY,SRA1835931,,public,84B97899CC772ECA9934EB3A4983C35C,82A6DD37F5652BC03126820553B1F8CB
SRR28498746,2024-07-11 00:11:06,2024-03-29 17:09:05,252221313,76170836526,252221313,302,26135,,https://sra-downloadb.be-md.ncbi.nlm.nih.gov/sos11/sra-pub-zq-1140/SRR028/28498/SRR28498746/SRR28498746.lite.1,SRX24100716,YPM-IZ-106920,WGS,RANDOM,GENOMIC,PAIRED,0,0,ILLUMINA,Illumina NovaSeq 6000,SRP498670,PRJNA1092115,,1092115,SRS20889125,SAMN40621303,simple,168775,Physalia physalis,YPM-IZ-106920,,,,,,,no,,,,,YALE UNIVERSITY,SRA1835931,,public,80315474B92F23A1B74DBA094721B648,86359B3CFC68AD19E73E1B66A27E4520
SRR28498740,2024-07-11 00:11:06,2024-03-29 17:29:04,248533295,75057055090,248533295,302,25547,,https://sra-downloadb.be-md.ncbi.nlm.nih.gov/sos11/sra-pub-zq-1140/SRR028/28498/SRR28498740/SRR28498740.lite.1,SRX24100722,YPM-IZ-106923,WGS,RANDOM,GENOMIC,PAIRED,0,0,ILLUMINA,Illumina NovaSeq 6000,SRP498670,PRJNA1092115,,1092115,SRS20889131,SAMN40621304,simple,168775,Physalia physalis,YPM-IZ-106923,,,,,,,no,,,,,YALE UNIVERSITY,SRA1835931,,public,2D3D1DFABC8D4923BF8DDF2D5C55CC70,3BF9EB23024BF547261F77B4DC8E291E
SRR28498749,2024-07-11 00:11:06,2024-03-29 16:26:14,87054300,26290398600,87054300,302,8416,,https://sra-downloadb.be-md.ncbi.nlm.nih.gov/sos11/sra-pub-zq-1140/SRR028/28498/SRR28498749/SRR28498749.lite.1,SRX24100713,YPM-IZ-106935,WGS,RANDOM,GENOMIC,PAIRED,0,0,ILLUMINA,Illumina NovaSeq 6000,SRP498670,PRJNA1092115,,1092115,SRS20889122,SAMN40621305,simple,168775,Physalia physalis,YPM-IZ-106935,,,,,,,no,,,,,YALE UNIVERSITY,SRA1835931,,public,4281F7B895B18BCB4B1D74E656B8A2AF,B7D501DBB0F9566D9F16594020891996
SRR28498745,2024-07-11 00:11:06,2024-03-29 16:11:57,83195363,25124999626,83195363,302,7973,,https://sra-downloadb.be-md.ncbi.nlm.nih.gov/sos11/sra-pub-zq-1140/SRR028/28498/SRR28498745/SRR28498745.lite.1,SRX24100717,YPM-IZ-106936,WGS,RANDOM,GENOMIC,PAIRED,0,0,ILLUMINA,Illumina NovaSeq 6000,SRP498670,PRJNA1092115,,1092115,SRS20889126,SAMN40621306,simple,168775,Physalia physalis,YPM-IZ-106936,,,,,,,no,,,,,YALE UNIVERSITY,SRA1835931,,public,413341E6BC59CBF17D216554B94C1E0A,0E3FBA3D7917EE5D09E1B6A830D1D9C1
SRR28498743,2024-07-11 00:11:06,2024-03-29 16:23:12,81902636,24734596072,81902636,302,8056,,https://sra-downloadb.be-md.ncbi.nlm.nih.gov/sos11/sra-pub-zq-1140/SRR028/28498/SRR28498743/SRR28498743.lite.1,SRX24100719,YPM-IZ-106937,WGS,RANDOM,GENOMIC,PAIRED,0,0,ILLUMINA,Illumina NovaSeq 6000,SRP498670,PRJNA1092115,,1092115,SRS20889128,SAMN40621307,simple,168775,Physalia physalis,YPM-IZ-106937,,,,,,,no,,,,,YALE UNIVERSITY,SRA1835931,,public,F0456F2734D08EB739BB02EDB084DF98,686AF2580DFF0AAAAE39F88C1FFF2845
SRR28498742,2024-07-11 00:11:06,2024-03-29 16:23:09,68760656,20765718112,68760656,302,6655,,https://sra-downloadb.be-md.ncbi.nlm.nih.gov/sos11/sra-pub-zq-1140/SRR028/28498/SRR28498742/SRR28498742.lite.1,SRX24100720,YPM-IZ-106941,WGS,RANDOM,GENOMIC,PAIRED,0,0,ILLUMINA,Illumina NovaSeq 6000,SRP498670,PRJNA1092115,,1092115,SRS20889130,SAMN40621308,simple,168775,Physalia physalis,YPM-IZ-106941,,,,,,,no,,,,,YALE UNIVERSITY,SRA1835931,,public,7F91779207AFC52121B37C7231102AA8,65DB79CDBFFF1A39EC9E68B4C889CF2D
SRR28498741,2024-07-11 00:11:06,2024-03-29 16:57:02,270656924,81738391048,270656924,302,27788,,https://sra-downloadb.be-md.ncbi.nlm.nih.gov/sos11/sra-pub-zq-1140/SRR028/28498/SRR28498741/SRR28498741.lite.1,SRX24100721,YPM-IZ-106943,WGS,RANDOM,GENOMIC,PAIRED,0,0,ILLUMINA,Illumina NovaSeq 6000,SRP498670,PRJNA1092115,,1092115,SRS20889129,SAMN40621309,simple,168775,Physalia physalis,YPM-IZ-106943,,,,,,,no,,,,,YALE UNIVERSITY,SRA1835931,,public,62C79D416E142C83B3AF235C0E435F1E,D56CC1803BA7C0748189DF7A34265A6B
SRR28498738,2024-07-11 00:11:06,2024-03-29 19:17:53,344905418,104161436236,344905418,302,35301,,https://sra-downloadb.be-md.ncbi.nlm.nih.gov/sos11/sra-pub-zq-1140/SRR028/28498/SRR28498738/SRR28498738.lite.1,SRX24100724,YPM-IZ-106954,WGS,RANDOM,GENOMIC,PAIRED,0,0,ILLUMINA,Illumina NovaSeq 6000,SRP498670,PRJNA1092115,,1092115,SRS20889134,SAMN40621310,simple,168775,Physalia physalis,YPM-IZ-106954,,,,,,,no,,,,,YALE UNIVERSITY,SRA1835931,,public,7F0390318E847BCAFDAD48BC7DCCBB55,0543CA08CF7B817F0B78D664A2767297
SRR28498739,2024-07-11 00:11:06,2024-03-29 16:21:26,69835975,21090464450,69835975,302,6621,,https://sra-downloadb.be-md.ncbi.nlm.nih.gov/sos11/sra-pub-zq-1140/SRR028/28498/SRR28498739/SRR28498739.lite.1,SRX24100723,YPM-IZ-106958,WGS,RANDOM,GENOMIC,PAIRED,0,0,ILLUMINA,Illumina NovaSeq 6000,SRP498670,PRJNA1092115,,1092115,SRS20889133,SAMN40621311,simple,168775,Physalia physalis,YPM-IZ-106958,,,,,,,no,,,,,YALE UNIVERSITY,SRA1835931,,public,4B1B48EFCD321551F47109CAB753AF0C,8EC8270B83E1B8D88B717C0F3F3F4462
SRR28498766,2024-07-11 00:11:04,2024-03-29 16:24:28,76049548,22966963496,76049548,302,7543,,https://sra-downloadb.be-md.ncbi.nlm.nih.gov/sos11/sra-pub-zq-1140/SRR028/28498/SRR28498766/SRR28498766.lite.1,SRX24100696,YPM-IZ-110433,WGS,RANDOM,GENOMIC,PAIRED,0,0,ILLUMINA,Illumina NovaSeq 6000,SRP498670,PRJNA1092115,,1092115,SRS20889105,SAMN40621320,simple,168775,Physalia physalis,YPM-IZ-110433,,,,,,,no,,,,,YALE UNIVERSITY,SRA1835931,,public,3BAFA45D54444DE9BFFDAC441B3CFFC6,592C7CE72B6A430CB4F436C534DE1B2F
SRR28498755,2024-07-11 00:11:05,2024-03-29 16:14:52,62342188,18827340776,62342188,302,6323,,https://sra-downloadb.be-md.ncbi.nlm.nih.gov/sos11/sra-pub-zq-1140/SRR028/28498/SRR28498755/SRR28498755.lite.1,SRX24100707,YPM-IZ-110438,WGS,RANDOM,GENOMIC,PAIRED,0,0,ILLUMINA,Illumina NovaSeq 6000,SRP498670,PRJNA1092115,,1092115,SRS20889117,SAMN40621321,simple,168775,Physalia physalis,YPM-IZ-110438,,,,,,,no,,,,,YALE UNIVERSITY,SRA1835931,,public,13DC7C8764DEAE01A88A473713BD4017,8E37BE7A8A2FCF216E3097ADADCE96B2
SRR28498744,2024-07-11 00:11:06,2024-03-29 16:06:22,48458911,14634591122,48458911,302,4761,,https://sra-downloadb.be-md.ncbi.nlm.nih.gov/sos11/sra-pub-zq-1140/SRR028/28498/SRR28498744/SRR28498744.lite.1,SRX24100718,YPM-IZ-110443,WGS,RANDOM,GENOMIC,PAIRED,0,0,ILLUMINA,Illumina NovaSeq 6000,SRP498670,PRJNA1092115,,1092115,SRS20889127,SAMN40621322,simple,168775,Physalia physalis,YPM-IZ-110443,,,,,,,no,,,,,YALE UNIVERSITY,SRA1835931,,public,A5FCA21CBC597223E00CEA29BB50E0CD,DD85EA1AB35B3C4CBE820CFCFF78412D
SRR28498733,2024-07-11 00:11:07,2024-03-29 16:28:30,121108532,36574776664,121108532,302,12014,,https://sra-downloadb.be-md.ncbi.nlm.nih.gov/sos11/sra-pub-zq-1140/SRR028/28498/SRR28498733/SRR28498733.lite.1,SRX24100729,YPM-IZ-110460,WGS,RANDOM,GENOMIC,PAIRED,0,0,ILLUMINA,Illumina NovaSeq 6000,SRP498670,PRJNA1092115,,1092115,SRS20889138,SAMN40621323,simple,168775,Physalia physalis,YPM-IZ-110460,,,,,,,no,,,,,YALE UNIVERSITY,SRA1835931,,public,A6FC78C3AAE56D26CD1D1C2066241318,36B7C89DD47CF67FEC0A97191ABE1CE3
SRR28498748,2024-07-11 00:11:06,2024-03-29 16:12:43,63395814,19145535828,63395814,302,5870,,https://sra-downloadb.be-md.ncbi.nlm.nih.gov/sos11/sra-pub-zq-1140/SRR028/28498/SRR28498748/SRR28498748.lite.1,SRX24100714,YPM-IZ-110876,WGS,RANDOM,GENOMIC,PAIRED,0,0,ILLUMINA,Illumina NovaSeq 6000,SRP498670,PRJNA1092115,,1092115,SRS20889124,SAMN40621366,simple,168775,Physalia physalis,YPM-IZ-110876,,,,,,,no,,,,,YALE UNIVERSITY,SRA1835931,,public,C9FED39A33A22B7F283802565E97BB36,01D0B3A8B104C4277BE43F9109456CF8
SRR28498732,2024-07-11 00:11:07,2024-03-29 16:44:45,158402847,47837659794,158402847,302,13746,,https://sra-downloadb.be-md.ncbi.nlm.nih.gov/sos11/sra-pub-zq-1140/SRR028/28498/SRR28498732/SRR28498732.lite.1,SRX24100730,YPM-IZ-110878,WGS,RANDOM,GENOMIC,PAIRED,0,0,ILLUMINA,Illumina NovaSeq 6000,SRP498670,PRJNA1092115,,1092115,SRS20889139,SAMN40621368,simple,168775,Physalia physalis,YPM-IZ-110878,,,,,,,no,,,,,YALE UNIVERSITY,SRA1835931,,public,DBA6D10AB2DDEFD04513AC45933ACA2A,9F28AC85C75687B6EE583F41F2A09A7F
SRR28498737,2024-07-11 00:11:07,2024-03-29 16:23:58,174801674,52790105548,174801674,302,15311,,https://sra-downloadb.be-md.ncbi.nlm.nih.gov/sos11/sra-pub-zq-1140/SRR028/28498/SRR28498737/SRR28498737.lite.1,SRX24100725,YPM-IZ-110880,WGS,RANDOM,GENOMIC,PAIRED,0,0,ILLUMINA,Illumina NovaSeq 6000,SRP498670,PRJNA1092115,,1092115,SRS20889132,SAMN40621369,simple,168775,Physalia physalis,YPM-IZ-110880,,,,,,,no,,,,,YALE UNIVERSITY,SRA1835931,,public,D31119BF0DAF7D368794BCFF9FE9F371,380F94551DE2A64B604DFFB45A0AECC8
SRR28498731,2024-07-11 00:11:07,2024-03-29 16:24:26,112810930,34068900860,112810930,302,9463,,https://sra-downloadb.be-md.ncbi.nlm.nih.gov/sos11/sra-pub-zq-1140/SRR028/28498/SRR28498731/SRR28498731.lite.1,SRX24100731,YPM-IZ-110881,WGS,RANDOM,GENOMIC,PAIRED,0,0,ILLUMINA,Illumina NovaSeq 6000,SRP498670,PRJNA1092115,,1092115,SRS20889140,SAMN40621370,simple,168775,Physalia physalis,YPM-IZ-110881,,,,,,,no,,,,,YALE UNIVERSITY,SRA1835931,,public,4DD8404361EC3193436610A1677ABC71,D1D50F1043A21A1DFF18A0D737405DF3
SRR28498730,2024-07-11 00:11:07,2024-03-29 16:21:58,120298479,36330140658,120298479,302,12060,,https://sra-downloadb.be-md.ncbi.nlm.nih.gov/sos11/sra-pub-zq-1140/SRR028/28498/SRR28498730/SRR28498730.lite.1,SRX24100732,YPM-IZ-110882,WGS,RANDOM,GENOMIC,PAIRED,0,0,ILLUMINA,Illumina NovaSeq 6000,SRP498670,PRJNA1092115,,1092115,SRS20889141,SAMN40621371,simple,168775,Physalia physalis,YPM-IZ-110882,,,,,,,no,,,,,YALE UNIVERSITY,SRA1835931,,public,A0C7006633967A8A926E4F9B4A6364C2,16DF17C9554EB83B1286F21A14E7BEE9
SRR28498729,2024-07-11 00:11:07,2024-03-29 16:27:33,113913469,34401867638,113913469,302,9575,,https://sra-downloadb.be-md.ncbi.nlm.nih.gov/sos11/sra-pub-zq-1140/SRR028/28498/SRR28498729/SRR28498729.lite.1,SRX24100733,YPM-IZ-110883,WGS,RANDOM,GENOMIC,PAIRED,0,0,ILLUMINA,Illumina NovaSeq 6000,SRP498670,PRJNA1092115,,1092115,SRS20889143,SAMN40621372,simple,168775,Physalia physalis,YPM-IZ-110883,,,,,,,no,,,,,YALE UNIVERSITY,SRA1835931,,public,0F5916992A297915B4670AB38D29F52B,AABEFD336CF73056103F0E4ACD16E438
SRR28498771,2024-07-11 00:11:04,2024-03-29 16:07:12,52835261,15956248822,52835261,302,4686,,https://sra-downloadb.be-md.ncbi.nlm.nih.gov/sos11/sra-pub-zq-1140/SRR028/28498/SRR28498771/SRR28498771.lite.1,SRX24100691,YPM-IZ-110925,WGS,RANDOM,GENOMIC,PAIRED,0,0,ILLUMINA,Illumina NovaSeq 6000,SRP498670,PRJNA1092115,,1092115,SRS20889100,SAMN40621375,simple,168775,Physalia physalis,YPM-IZ-110925,,,,,,,no,,,,,YALE UNIVERSITY,SRA1835931,,public,C377D9627B55056DE667729E8DF0C52F,5D5167BB3DBBE6F4A2DE52549EEE7566
SRR28498770,2024-07-11 00:11:04,2024-03-29 16:05:34,31522905,9519917310,31522905,302,2807,,https://sra-downloadb.be-md.ncbi.nlm.nih.gov/sos11/sra-pub-zq-1140/SRR028/28498/SRR28498770/SRR28498770.lite.1,SRX24100692,YPM-IZ-110926,WGS,RANDOM,GENOMIC,PAIRED,0,0,ILLUMINA,Illumina NovaSeq 6000,SRP498670,PRJNA1092115,,1092115,SRS20889101,SAMN40621376,simple,168775,Physalia physalis,YPM-IZ-110926,,,,,,,no,,,,,YALE UNIVERSITY,SRA1835931,,public,DEA88D57355C65F22A4A56FA51EBC63A,76B18BB6EDAF835D03C91D24953E7900
SRR28498769,2024-07-11 00:11:04,2024-03-29 16:08:23,38411205,11600183910,38411205,302,3404,,https://sra-downloadb.be-md.ncbi.nlm.nih.gov/sos11/sra-pub-zq-1140/SRR028/28498/SRR28498769/SRR28498769.lite.1,SRX24100693,YPM-IZ-110930,WGS,RANDOM,GENOMIC,PAIRED,0,0,ILLUMINA,Illumina NovaSeq 6000,SRP498670,PRJNA1092115,,1092115,SRS20889102,SAMN40621377,simple,168775,Physalia physalis,YPM-IZ-110930,,,,,,,no,,,,,YALE UNIVERSITY,SRA1835931,,public,346E8ACD109AB413B88259749F805148,DB4E4B2ED9372DB3D890EDB75F09648F
SRR28498768,2024-07-11 00:11:04,2024-03-29 16:40:51,158283324,47801563848,158283324,302,15470,,https://sra-downloadb.be-md.ncbi.nlm.nih.gov/sos11/sra-pub-zq-1140/SRR028/28498/SRR28498768/SRR28498768.lite.1,SRX24100694,YPM-IZ-110931,WGS,RANDOM,GENOMIC,PAIRED,0,0,ILLUMINA,Illumina NovaSeq 6000,SRP498670,PRJNA1092115,,1092115,SRS20889103,SAMN40621378,simple,168775,Physalia physalis,YPM-IZ-110931,,,,,,,no,,,,,YALE UNIVERSITY,SRA1835931,,public,4FFDE59BBC2EBD3E41ED29B310710842,FFCF3B3814174DC6A11BF2F5C34335E6
SRR28498767,2024-07-11 00:11:04,2024-03-29 16:09:35,68910597,20811000294,68910597,302,6111,,https://sra-downloadb.be-md.ncbi.nlm.nih.gov/sos11/sra-pub-zq-1140/SRR028/28498/SRR28498767/SRR28498767.lite.1,SRX24100695,YPM-IZ-110933,WGS,RANDOM,GENOMIC,PAIRED,0,0,ILLUMINA,Illumina NovaSeq 6000,SRP498670,PRJNA1092115,,1092115,SRS20889104,SAMN40621379,simple,168775,Physalia physalis,YPM-IZ-110933,,,,,,,no,,,,,YALE UNIVERSITY,SRA1835931,,public,63FA9F1170CDBF36F6692B4BA37A4BB9,F0E376543C6207C8540A92698AE9FC5A
SRR28498765,2024-07-11 00:11:04,2024-03-29 17:19:51,177771144,53686885488,177771144,302,17556,,https://sra-downloadb.be-md.ncbi.nlm.nih.gov/sos11/sra-pub-zq-1140/SRR028/28498/SRR28498765/SRR28498765.lite.1,SRX24100697,YPM-IZ-110937,WGS,RANDOM,GENOMIC,PAIRED,0,0,ILLUMINA,Illumina NovaSeq 6000,SRP498670,PRJNA1092115,,1092115,SRS20889106,SAMN40621380,simple,168775,Physalia physalis,YPM-IZ-110937,,,,,,,no,,,,,YALE UNIVERSITY,SRA1835931,,public,72DA833DE85032182786A1A19AE113E3,5F30872A8F341DD992323696EE51137B
SRR28498764,2024-07-11 00:11:04,2024-03-29 16:14:17,71929403,21722679706,71929403,302,6355,,https://sra-downloadb.be-md.ncbi.nlm.nih.gov/sos11/sra-pub-zq-1140/SRR028/28498/SRR28498764/SRR28498764.lite.1,SRX24100698,YPM-IZ-110938,WGS,RANDOM,GENOMIC,PAIRED,0,0,ILLUMINA,Illumina NovaSeq 6000,SRP498670,PRJNA1092115,,1092115,SRS20889107,SAMN40621381,simple,168775,Physalia physalis,YPM-IZ-110938,,,,,,,no,,,,,YALE UNIVERSITY,SRA1835931,,public,627C9E6BC46FC2104B9FFB1B95ECE39E,128CB5259F87AE049D2035D37C5990C0
SRR28498763,2024-07-11 00:11:05,2024-03-29 16:15:22,74462768,22487755936,74462768,302,6538,,https://sra-downloadb.be-md.ncbi.nlm.nih.gov/sos11/sra-pub-zq-1140/SRR028/28498/SRR28498763/SRR28498763.lite.1,SRX24100699,YPM-IZ-110943,WGS,RANDOM,GENOMIC,PAIRED,0,0,ILLUMINA,Illumina NovaSeq 6000,SRP498670,PRJNA1092115,,1092115,SRS20889109,SAMN40621382,simple,168775,Physalia physalis,YPM-IZ-110943,,,,,,,no,,,,,YALE UNIVERSITY,SRA1835931,,public,97131DDC0447FD02D62FE99A574279B0,C57181A03E7B563172539AB712BB52B6
SRR28498762,2024-07-11 00:11:05,2024-03-29 16:47:46,153474343,46349251586,153474343,302,15575,,https://sra-downloadb.be-md.ncbi.nlm.nih.gov/sos11/sra-pub-zq-1140/SRR028/28498/SRR28498762/SRR28498762.lite.1,SRX24100700,YPM-IZ-110972,WGS,RANDOM,GENOMIC,PAIRED,0,0,ILLUMINA,Illumina NovaSeq 6000,SRP498670,PRJNA1092115,,1092115,SRS20889108,SAMN40621383,simple,168775,Physalia physalis,YPM-IZ-110972,,,,,,,no,,,,,YALE UNIVERSITY,SRA1835931,,public,55F894AE0BB2E1D65C977180E7B9952A,4C689A476F25CF392E9440AFB9359E2D
SRR28498761,2024-07-11 00:11:05,2024-03-29 17:12:02,165695988,50040188376,165695988,302,16434,,https://sra-downloadb.be-md.ncbi.nlm.nih.gov/sos11/sra-pub-zq-1140/SRR028/28498/SRR28498761/SRR28498761.lite.1,SRX24100701,YPM-IZ-111006,WGS,RANDOM,GENOMIC,PAIRED,0,0,ILLUMINA,Illumina NovaSeq 6000,SRP498670,PRJNA1092115,,1092115,SRS20889110,SAMN40621384,simple,168775,Physalia physalis,YPM-IZ-111006,,,,,,,no,,,,,YALE UNIVERSITY,SRA1835931,,public,57C67FD77DFC0FA8796CD2FC9DE148BE,01A4B6763D85EC70003214EA6FE6326D
SRR28498760,2024-07-11 00:11:05,2024-03-29 16:32:38,153711703,46420934306,153711703,302,15371,,https://sra-downloadb.be-md.ncbi.nlm.nih.gov/sos11/sra-pub-zq-1140/SRR028/28498/SRR28498760/SRR28498760.lite.1,SRX24100702,YPM-IZ-111007,WGS,RANDOM,GENOMIC,PAIRED,0,0,ILLUMINA,Illumina NovaSeq 6000,SRP498670,PRJNA1092115,,1092115,SRS20889111,SAMN40621385,simple,168775,Physalia physalis,YPM-IZ-111007,,,,,,,no,,,,,YALE UNIVERSITY,SRA1835931,,public,21096F4A49011C65F61C6E03C1502EDD,BAD65D673E91C57BE2A67B00501FDA29
SRR28498759,2024-07-11 00:11:05,2024-03-29 16:29:37,180436649,54491867998,180436649,302,17700,,https://sra-downloadb.be-md.ncbi.nlm.nih.gov/sos11/sra-pub-zq-1140/SRR028/28498/SRR28498759/SRR28498759.lite.1,SRX24100703,YPM-IZ-111008,WGS,RANDOM,GENOMIC,PAIRED,0,0,ILLUMINA,Illumina NovaSeq 6000,SRP498670,PRJNA1092115,,1092115,SRS20889113,SAMN40621386,simple,168775,Physalia physalis,YPM-IZ-111008,,,,,,,no,,,,,YALE UNIVERSITY,SRA1835931,,public,E5A347063DCC9BB25F2C4D3D9CD6E236,FE2EDCA71C4A7C4914924FED017CD869
SRR28498758,2024-07-11 00:11:05,2024-03-29 16:29:20,183559214,55434882628,183559214,302,17876,,https://sra-downloadb.be-md.ncbi.nlm.nih.gov/sos11/sra-pub-zq-1140/SRR028/28498/SRR28498758/SRR28498758.lite.1,SRX24100704,YPM-IZ-111009,WGS,RANDOM,GENOMIC,PAIRED,0,0,ILLUMINA,Illumina NovaSeq 6000,SRP498670,PRJNA1092115,,1092115,SRS20889112,SAMN40621387,simple,168775,Physalia physalis,YPM-IZ-111009,,,,,,,no,,,,,YALE UNIVERSITY,SRA1835931,,public,910233E186CCF72738A77C0F1CB742D8,FA8E9289C65343D5473D5200FF8B3D50
SRR28498757,2024-07-11 00:11:05,2024-03-29 16:26:41,107734869,32535930438,107734869,302,11066,,https://sra-downloadb.be-md.ncbi.nlm.nih.gov/sos11/sra-pub-zq-1140/SRR028/28498/SRR28498757/SRR28498757.lite.1,SRX24100705,YPM-IZ-111010,WGS,RANDOM,GENOMIC,PAIRED,0,0,ILLUMINA,Illumina NovaSeq 6000,SRP498670,PRJNA1092115,,1092115,SRS20889114,SAMN40621388,simple,168775,Physalia physalis,YPM-IZ-111010,,,,,,,no,,,,,YALE UNIVERSITY,SRA1835931,,public,5AB7146BF664D0D123A4ACA80317FB91,264C22E82447C7B5E13BAAAF667C31F5
SRR28498756,2024-07-11 00:11:05,2024-03-29 16:27:22,115445013,34864393926,115445013,302,10343,,https://sra-downloadb.be-md.ncbi.nlm.nih.gov/sos11/sra-pub-zq-1140/SRR028/28498/SRR28498756/SRR28498756.lite.1,SRX24100706,YPM-IZ-111012,WGS,RANDOM,GENOMIC,PAIRED,0,0,ILLUMINA,Illumina NovaSeq 6000,SRP498670,PRJNA1092115,,1092115,SRS20889115,SAMN40621389,simple,168775,Physalia physalis,YPM-IZ-111012,,,,,,,no,,,,,YALE UNIVERSITY,SRA1835931,,public,BE39CC11D5C4D51E9B44C82C0E4D4B84,D424E5D53D45985FCFD06131F885E345
SRR28498754,2024-07-11 00:11:05,2024-03-29 16:14:55,61727922,18641832444,61727922,302,5464,,https://sra-downloadb.be-md.ncbi.nlm.nih.gov/sos11/sra-pub-zq-1140/SRR028/28498/SRR28498754/SRR28498754.lite.1,SRX24100708,YPM-IZ-111013,WGS,RANDOM,GENOMIC,PAIRED,0,0,ILLUMINA,Illumina NovaSeq 6000,SRP498670,PRJNA1092115,,1092115,SRS20889116,SAMN40621390,simple,168775,Physalia physalis,YPM-IZ-111013,,,,,,,no,,,,,YALE UNIVERSITY,SRA1835931,,public,43723DA5A9225A1B28D8CBEE5F49AF74,FD54650FB403C002ED881FF5A407E4AB
SRR28498753,2024-07-11 00:11:05,2024-03-29 16:07:14,61508995,18575716490,61508995,302,5418,,https://sra-downloadb.be-md.ncbi.nlm.nih.gov/sos11/sra-pub-zq-1140/SRR028/28498/SRR28498753/SRR28498753.lite.1,SRX24100709,YPM-IZ-111014,WGS,RANDOM,GENOMIC,PAIRED,0,0,ILLUMINA,Illumina NovaSeq 6000,SRP498670,PRJNA1092115,,1092115,SRS20889118,SAMN40621391,simple,168775,Physalia physalis,YPM-IZ-111014,,,,,,,no,,,,,YALE UNIVERSITY,SRA1835931,,public,28B86A0ED7FD0C83E96C1F42AD09C47D,9229B56F1F7A62A1A41AE4EB75EF811A
SRR28498752,2024-07-11 00:11:05,2024-03-29 16:19:24,81323568,24559717536,81323568,302,7176,,https://sra-downloadb.be-md.ncbi.nlm.nih.gov/sos11/sra-pub-zq-1140/SRR028/28498/SRR28498752/SRR28498752.lite.1,SRX24100710,YPM-IZ-111016,WGS,RANDOM,GENOMIC,PAIRED,0,0,ILLUMINA,Illumina NovaSeq 6000,SRP498670,PRJNA1092115,,1092115,SRS20889119,SAMN40621392,simple,168775,Physalia physalis,YPM-IZ-111016,,,,,,,no,,,,,YALE UNIVERSITY,SRA1835931,,public,5B9686D0A69784131CE0825ACFE5D9A2,C697F89AC6C5A190F9C9F256AB9AD220
SRR28498751,2024-07-11 00:11:05,2024-03-29 16:16:57,89196610,26937376220,89196610,302,7827,,https://sra-downloadb.be-md.ncbi.nlm.nih.gov/sos11/sra-pub-zq-1140/SRR028/28498/SRR28498751/SRR28498751.lite.1,SRX24100711,YPM-IZ-111017,WGS,RANDOM,GENOMIC,PAIRED,0,0,ILLUMINA,Illumina NovaSeq 6000,SRP498670,PRJNA1092115,,1092115,SRS20889120,SAMN40621393,simple,168775,Physalia physalis,YPM-IZ-111017,,,,,,,no,,,,,YALE UNIVERSITY,SRA1835931,,public,F6B7B7F146774E1C1758F9B3FD7736F7,9E5257C6D9E33CC3FBEE98AE20415A60
SRR28498750,2024-07-11 00:11:06,2024-03-29 16:14:25,76058516,22969671832,76058516,302,6723,,https://sra-downloadb.be-md.ncbi.nlm.nih.gov/sos11/sra-pub-zq-1140/SRR028/28498/SRR28498750/SRR28498750.lite.1,SRX24100712,YPM-IZ-111018,WGS,RANDOM,GENOMIC,PAIRED,0,0,ILLUMINA,Illumina NovaSeq 6000,SRP498670,PRJNA1092115,,1092115,SRS20889121,SAMN40621394,simple,168775,Physalia physalis,YPM-IZ-111018,,,,,,,no,,,,,YALE UNIVERSITY,SRA1835931,,public,3CC582022069AECBDF223C9D6FEFA275,E25B125E75959D924465D56447240C00
SRR29478751,2024-07-11 00:11:15,2024-06-20 17:49:36,92301448,27875037296,92301448,302,8565,,https://sra-downloadb.be-md.ncbi.nlm.nih.gov/sos11/sra-pub-zq-1140/SRR029/29478/SRR29478751/SRR29478751.lite.1,SRX24989888,YPM-IZ-111156,WGS,RANDOM,GENOMIC,PAIRED,0,0,ILLUMINA,Illumina NovaSeq 6000,SRP498670,PRJNA1092115,,1092115,SRS21691689,SAMN41900818,simple,168775,Physalia physalis,YPM-IZ-111156,,,,,,,no,,,,,YALE UNIVERSITY,SRA1903610,,public,9753BA4975407B5588090E4F33EDC867,7344029230B3DDCD19E8F54C534721AC
SRR29478750,2024-07-11 00:11:15,2024-06-20 18:10:54,153376841,46319805982,153376841,302,14022,,https://sra-downloadb.be-md.ncbi.nlm.nih.gov/sos11/sra-pub-zq-1140/SRR029/29478/SRR29478750/SRR29478750.lite.1,SRX24989889,YPM-IZ-111157,WGS,RANDOM,GENOMIC,PAIRED,0,0,ILLUMINA,Illumina NovaSeq 6000,SRP498670,PRJNA1092115,,1092115,SRS21691692,SAMN41900819,simple,168775,Physalia physalis,YPM-IZ-111157,,,,,,,no,,,,,YALE UNIVERSITY,SRA1903610,,public,F5C7079EC2CD8C66A9C431B6E414F759,563C9603784BD3E601F0A85E1A5C340A
SRR29478747,2024-07-11 00:11:15,2024-06-20 17:48:07,126229657,38121356414,126229657,302,11596,,https://sra-downloadb.be-md.ncbi.nlm.nih.gov/sos11/sra-pub-zq-1140/SRR029/29478/SRR29478747/SRR29478747.lite.1,SRX24989892,YPM-IZ-111158,WGS,RANDOM,GENOMIC,PAIRED,0,0,ILLUMINA,Illumina NovaSeq 6000,SRP498670,PRJNA1092115,,1092115,SRS21691700,SAMN41900820,simple,168775,Physalia physalis,YPM-IZ-111158,,,,,,,no,,,,,YALE UNIVERSITY,SRA1903610,,public,9ED1E60B5FFAC256B9FD3DDF83FCDBD0,A1CBB8DBB2F2FFCF0F621ED75D9CF4E0
SRR29478746,2024-07-11 00:11:15,2024-06-20 17:48:34,131529677,39721962454,131529677,302,11919,,https://sra-downloadb.be-md.ncbi.nlm.nih.gov/sos11/sra-pub-zq-1140/SRR029/29478/SRR29478746/SRR29478746.lite.1,SRX24989893,YPM-IZ-111159,WGS,RANDOM,GENOMIC,PAIRED,0,0,ILLUMINA,Illumina NovaSeq 6000,SRP498670,PRJNA1092115,,1092115,SRS21691695,SAMN41900821,simple,168775,Physalia physalis,YPM-IZ-111159,,,,,,,no,,,,,YALE UNIVERSITY,SRA1903610,,public,52A1CECF44A30CEE5C36E451A076A565,C4D800685831991FDC220A307DB24B2D
SRR29478745,2024-07-11 00:11:16,2024-06-20 17:38:25,120162876,36289188552,120162876,302,10967,,https://sra-downloadb.be-md.ncbi.nlm.nih.gov/sos11/sra-pub-zq-1140/SRR029/29478/SRR29478745/SRR29478745.lite.1,SRX24989894,YPM-IZ-111160,WGS,RANDOM,GENOMIC,PAIRED,0,0,ILLUMINA,Illumina NovaSeq 6000,SRP498670,PRJNA1092115,,1092115,SRS21691694,SAMN41900822,simple,168775,Physalia physalis,YPM-IZ-111160,,,,,,,no,,,,,YALE UNIVERSITY,SRA1903610,,public,674A36217EC9031D1B482FCDBA43FD37,102A1FEF3842BD4E2F9B03F1C4B758A4
SRR29478744,2024-07-11 00:11:16,2024-06-20 17:42:58,155920906,47088113612,155920906,302,14101,,https://sra-downloadb.be-md.ncbi.nlm.nih.gov/sos11/sra-pub-zq-1140/SRR029/29478/SRR29478744/SRR29478744.lite.1,SRX24989895,YPM-IZ-111163,WGS,RANDOM,GENOMIC,PAIRED,0,0,ILLUMINA,Illumina NovaSeq 6000,SRP498670,PRJNA1092115,,1092115,SRS21691696,SAMN41900823,simple,168775,Physalia physalis,YPM-IZ-111163,,,,,,,no,,,,,YALE UNIVERSITY,SRA1903610,,public,E79769C53107DC5AC46A812504B95CEE,DE2A8F3C9344D1DF402CBF4C72001522
SRR29478743,2024-07-11 00:11:16,2024-06-20 17:34:16,85403082,25791730764,85403082,302,7746,,https://sra-downloadb.be-md.ncbi.nlm.nih.gov/sos11/sra-pub-zq-1140/SRR029/29478/SRR29478743/SRR29478743.lite.1,SRX24989896,YPM-IZ-111207,WGS,RANDOM,GENOMIC,PAIRED,0,0,ILLUMINA,Illumina NovaSeq 6000,SRP498670,PRJNA1092115,,1092115,SRS21691698,SAMN41900824,simple,3136164,Physalia sp. C2,YPM-IZ-111207,,,,,,,no,,,,,YALE UNIVERSITY,SRA1903610,,public,5AFACFC88767B5E7C28C03CF8BF4380D,90EF9880E78752FA2ABD9EF8315864D5
SRR29478742,2024-07-11 00:11:16,2024-06-20 17:36:01,99474641,30041341582,99474641,302,9011,,https://sra-downloadb.be-md.ncbi.nlm.nih.gov/sos11/sra-pub-zq-1140/SRR029/29478/SRR29478742/SRR29478742.lite.1,SRX24989897,YPM-IZ-111208,WGS,RANDOM,GENOMIC,PAIRED,0,0,ILLUMINA,Illumina NovaSeq 6000,SRP498670,PRJNA1092115,,1092115,SRS21691699,SAMN41900825,simple,3136164,Physalia sp. C2,YPM-IZ-111208,,,,,,,no,,,,,YALE UNIVERSITY,SRA1903610,,public,0AA5361018620F1F108641263C9437D9,A6CED0CDA67D1817D23DD7345C2F66BA
SRR29478741,2024-07-11 00:11:16,2024-06-20 17:38:02,112181688,33878869776,112181688,302,10296,,https://sra-downloadb.be-md.ncbi.nlm.nih.gov/sos11/sra-pub-zq-1140/SRR029/29478/SRR29478741/SRR29478741.lite.1,SRX24989898,YPM-IZ-111209,WGS,RANDOM,GENOMIC,PAIRED,0,0,ILLUMINA,Illumina NovaSeq 6000,SRP498670,PRJNA1092115,,1092115,SRS21691702,SAMN41900826,simple,3136164,Physalia sp. C2,YPM-IZ-111209,,,,,,,no,,,,,YALE UNIVERSITY,SRA1903610,,public,B4BA5E86B80592F7E2144228E02CF352,0CFFA2FFEF4D799FD92FBF37589CC322
SRR29478740,2024-07-11 00:11:16,2024-06-20 17:46:48,93906211,28359675722,93906211,302,8510,,https://sra-downloadb.be-md.ncbi.nlm.nih.gov/sos11/sra-pub-zq-1140/SRR029/29478/SRR29478740/SRR29478740.lite.1,SRX24989899,YPM-IZ-111210,WGS,RANDOM,GENOMIC,PAIRED,0,0,ILLUMINA,Illumina NovaSeq 6000,SRP498670,PRJNA1092115,,1092115,SRS21691701,SAMN41900827,simple,3136164,Physalia sp. C2,YPM-IZ-111210,,,,,,,no,,,,,YALE UNIVERSITY,SRA1903610,,public,76228267BFF06A091DAD4D41DD532C36,03EA1292D13D305511257CE0A42C3DE6
SRR28498833,2024-07-11 00:10:59,2024-03-29 16:20:20,134733881,40689632062,134733881,302,11467,,https://sra-downloadb.be-md.ncbi.nlm.nih.gov/sos11/sra-pub-zq-1140/SRR028/28498/SRR28498833/SRR28498833.lite.1,SRX24100629,WAMZ97906,WGS,RANDOM,GENOMIC,PAIRED,0,0,ILLUMINA,Illumina NovaSeq 6000,SRP498670,PRJNA1092115,,1092115,SRS20889038,SAMN40621288,simple,168775,Physalia physalis,WAMZ97906,,,,,,,no,,,,,YALE UNIVERSITY,SRA1835931,,public,45FA59571B27B04D8868347029BF8B87,3607D4E599EA302A775E154872096830
SRR28498832,2024-07-11 00:10:59,2024-03-29 16:27:32,125367064,37860853328,125367064,302,10674,,https://sra-downloadb.be-md.ncbi.nlm.nih.gov/sos11/sra-pub-zq-1140/SRR028/28498/SRR28498832/SRR28498832.lite.1,SRX24100630,WAMZ97907,WGS,RANDOM,GENOMIC,PAIRED,0,0,ILLUMINA,Illumina NovaSeq 6000,SRP498670,PRJNA1092115,,1092115,SRS20889039,SAMN40621289,simple,168775,Physalia physalis,WAMZ97907,,,,,,,no,,,,,YALE UNIVERSITY,SRA1835931,,public,3B4B63332EB691889F927DF29A756920,94EF232680C8AD3A620B604B045C3833
SRR28498831,2024-07-11 00:10:59,2024-03-29 16:25:37,140252505,42356256510,140252505,302,11844,,https://sra-downloadb.be-md.ncbi.nlm.nih.gov/sos11/sra-pub-zq-1140/SRR028/28498/SRR28498831/SRR28498831.lite.1,SRX24100631,WAMZ97908,WGS,RANDOM,GENOMIC,PAIRED,0,0,ILLUMINA,Illumina NovaSeq 6000,SRP498670,PRJNA1092115,,1092115,SRS20889040,SAMN40621290,simple,168775,Physalia physalis,WAMZ97908,,,,,,,no,,,,,YALE UNIVERSITY,SRA1835931,,public,DDD89C582CC8B98B58D992071E57EE56,B7BD2E65EBC1F0E574B185B131588291
SRR28498829,2024-07-11 00:10:59,2024-03-29 16:14:48,119292343,36026287586,119292343,302,10053,,https://sra-downloadb.be-md.ncbi.nlm.nih.gov/sos11/sra-pub-zq-1140/SRR028/28498/SRR28498829/SRR28498829.lite.1,SRX24100633,WAMZ97910,WGS,RANDOM,GENOMIC,PAIRED,0,0,ILLUMINA,Illumina NovaSeq 6000,SRP498670,PRJNA1092115,,1092115,SRS20889042,SAMN40621291,simple,168775,Physalia physalis,WAMZ97910,,,,,,,no,,,,,YALE UNIVERSITY,SRA1835931,,public,1365DFBAC03585E2DD94573144017427,D8F417C38FD33D1A1426D336669A49F3
SRR28498828,2024-07-11 00:10:59,2024-03-29 16:22:45,134756668,40696513736,134756668,302,11299,,https://sra-downloadb.be-md.ncbi.nlm.nih.gov/sos11/sra-pub-zq-1140/SRR028/28498/SRR28498828/SRR28498828.lite.1,SRX24100634,WAMZ97911,WGS,RANDOM,GENOMIC,PAIRED,0,0,ILLUMINA,Illumina NovaSeq 6000,SRP498670,PRJNA1092115,,1092115,SRS20889043,SAMN40621292,simple,168775,Physalia physalis,WAMZ97911,,,,,,,no,,,,,YALE UNIVERSITY,SRA1835931,,public,264CBB8B1BC4FC70CB3E9D48D04DFB01,87C20BA62C031D4E54A1CA60EE375E40
SRR28498827,2024-07-11 00:10:59,2024-03-29 16:31:59,131236887,39633539874,131236887,302,11161,,https://sra-downloadb.be-md.ncbi.nlm.nih.gov/sos11/sra-pub-zq-1140/SRR028/28498/SRR28498827/SRR28498827.lite.1,SRX24100635,WAMZ97914,WGS,RANDOM,GENOMIC,PAIRED,0,0,ILLUMINA,Illumina NovaSeq 6000,SRP498670,PRJNA1092115,,1092115,SRS20889044,SAMN40621293,simple,168775,Physalia physalis,WAMZ97914,,,,,,,no,,,,,YALE UNIVERSITY,SRA1835931,,public,924A75C846A9478C8ACEF2B6931D1DF1,F2B0F7F54E6BB7D790542EFB73D19F8C
SRR28498826,2024-07-11 00:11:00,2024-03-29 16:22:14,125969020,38042644040,125969020,302,10715,,https://sra-downloadb.be-md.ncbi.nlm.nih.gov/sos11/sra-pub-zq-1140/SRR028/28498/SRR28498826/SRR28498826.lite.1,SRX24100636,WAMZ97916,WGS,RANDOM,GENOMIC,PAIRED,0,0,ILLUMINA,Illumina NovaSeq 6000,SRP498670,PRJNA1092115,,1092115,SRS20889045,SAMN40621294,simple,168775,Physalia physalis,WAMZ97916,,,,,,,no,,,,,YALE UNIVERSITY,SRA1835931,,public,E12930A89BDE6100535CAF067A811E10,1FCA5FD6BAD7CDD019DD7DC3F6E56F38
SRR28498825,2024-07-11 00:11:00,2024-03-29 16:37:22,197086730,59520192460,197086730,302,17111,,https://sra-downloadb.be-md.ncbi.nlm.nih.gov/sos11/sra-pub-zq-1140/SRR028/28498/SRR28498825/SRR28498825.lite.1,SRX24100637,WAMZ97917,WGS,RANDOM,GENOMIC,PAIRED,0,0,ILLUMINA,Illumina NovaSeq 6000,SRP498670,PRJNA1092115,,1092115,SRS20889046,SAMN40621295,simple,168775,Physalia physalis,WAMZ97917,,,,,,,no,,,,,YALE UNIVERSITY,SRA1835931,,public,1DCCE461A6AB4280AA53F30B4AE9A633,929DD74A3B84354B9BE2A2EE6AB3951D
SRR28498824,2024-07-11 00:11:00,2024-03-29 16:33:19,190158822,57427964244,190158822,302,15243,,https://sra-downloadb.be-md.ncbi.nlm.nih.gov/sos11/sra-pub-zq-1140/SRR028/28498/SRR28498824/SRR28498824.lite.1,SRX24100638,WAMZ97920,WGS,RANDOM,GENOMIC,PAIRED,0,0,ILLUMINA,Illumina NovaSeq 6000,SRP498670,PRJNA1092115,,1092115,SRS20889047,SAMN40621296,simple,168775,Physalia physalis,WAMZ97920,,,,,,,no,,,,,YALE UNIVERSITY,SRA1835931,,public,02FDE468EBFBC4FA9BFDB44F1A67FDAE,814742FBE9F817EE31C305C53D15EF06
SRR28498823,2024-07-11 00:11:00,2024-03-29 16:32:32,179893462,54327825524,179893462,302,14338,,https://sra-downloadb.be-md.ncbi.nlm.nih.gov/sos11/sra-pub-zq-1140/SRR028/28498/SRR28498823/SRR28498823.lite.1,SRX24100639,WAMZ97921,WGS,RANDOM,GENOMIC,PAIRED,0,0,ILLUMINA,Illumina NovaSeq 6000,SRP498670,PRJNA1092115,,1092115,SRS20889048,SAMN40621297,simple,168775,Physalia physalis,WAMZ97921,,,,,,,no,,,,,YALE UNIVERSITY,SRA1835931,,public,13D7EA8ABF81BA32B0C3C8DB7B901D1F,CF174C828BEC3A47796628695144B144
SRR28498822,2024-07-11 00:11:00,2024-03-29 16:41:32,149012411,45001748122,149012411,302,12562,,https://sra-downloadb.be-md.ncbi.nlm.nih.gov/sos11/sra-pub-zq-1140/SRR028/28498/SRR28498822/SRR28498822.lite.1,SRX24100640,WAMZ97923,WGS,RANDOM,GENOMIC,PAIRED,0,0,ILLUMINA,Illumina NovaSeq 6000,SRP498670,PRJNA1092115,,1092115,SRS20889049,SAMN40621298,simple,168775,Physalia physalis,WAMZ97923,,,,,,,no,,,,,YALE UNIVERSITY,SRA1835931,,public,D15A2F68E954493B647737FAC4D39A53,BA50A47B544AD01F351FC95B34FA39EF
SRR28498783,2024-07-11 00:11:03,2024-03-29 17:05:36,286006759,86374041218,286006759,302,30071,,https://sra-downloadb.be-md.ncbi.nlm.nih.gov/sos11/sra-pub-zq-1140/SRR028/28498/SRR28498783/SRR28498783.lite.1,SRX24100679,YPM-IZ-104464,WGS,RANDOM,GENOMIC,PAIRED,0,0,ILLUMINA,Illumina NovaSeq 6000,SRP498670,PRJNA1092115,,1092115,SRS20889089,SAMN40621301,simple,168775,Physalia physalis,YPM-IZ-104464,,,,,,,no,,,,,YALE UNIVERSITY,SRA1835931,,public,83E0A8FBC00B84E670D0EC8D705627EF,BB65830D27281A36E34327F6E5F00558
SRR28498813,2024-07-11 00:11:01,2024-03-29 18:44:18,504360146,152316764092,504360146,302,49027,,https://sra-downloadb.be-md.ncbi.nlm.nih.gov/sos11/sra-pub-zq-1140/SRR028/28498/SRR28498813/SRR28498813.lite.1,SRX24100649,YPM-IZ-110269,WGS,RANDOM,GENOMIC,PAIRED,0,0,ILLUMINA,Illumina NovaSeq 6000,SRP498670,PRJNA1092115,,1092115,SRS20889059,SAMN40621316,simple,168775,Physalia physalis,YPM-IZ-110269,,,,,,,no,,,,,YALE UNIVERSITY,SRA1835931,,public,F9C849FC5AB35F3D09CF9356AE8FE99E,2C44A82D16D9F1E5165DF064FDD100AB
SRR28498802,2024-07-11 00:11:01,2024-03-29 16:11:03,83776156,25300399112,83776156,302,8227,,https://sra-downloadb.be-md.ncbi.nlm.nih.gov/sos11/sra-pub-zq-1140/SRR028/28498/SRR28498802/SRR28498802.lite.1,SRX24100660,YPM-IZ-110276,WGS,RANDOM,GENOMIC,PAIRED,0,0,ILLUMINA,Illumina NovaSeq 6000,SRP498670,PRJNA1092115,,1092115,SRS20889069,SAMN40621317,simple,168775,Physalia physalis,YPM-IZ-110276,,,,,,,no,,,,,YALE UNIVERSITY,SRA1835931,,public,36D821CC05C6BF9A0D293CAFCA1FBA91,1776FDEB7C5FA998BC3C4376903D6EE8
SRR28498791,2024-07-11 00:11:02,2024-03-29 16:24:52,78222031,23623053362,78222031,302,7535,,https://sra-downloadb.be-md.ncbi.nlm.nih.gov/sos11/sra-pub-zq-1140/SRR028/28498/SRR28498791/SRR28498791.lite.1,SRX24100671,YPM-IZ-110277,WGS,RANDOM,GENOMIC,PAIRED,0,0,ILLUMINA,Illumina NovaSeq 6000,SRP498670,PRJNA1092115,,1092115,SRS20889080,SAMN40621318,simple,168775,Physalia physalis,YPM-IZ-110277,,,,,,,no,,,,,YALE UNIVERSITY,SRA1835931,,public,5B89C87950210000AAAFDAB45F64DF4B,D9BE3B9C49CE45ACED61311A243DB61C
SRR28498777,2024-07-11 00:11:03,2024-03-29 16:22:57,71073555,21464213610,71073555,302,6899,,https://sra-downloadb.be-md.ncbi.nlm.nih.gov/sos11/sra-pub-zq-1140/SRR028/28498/SRR28498777/SRR28498777.lite.1,SRX24100685,YPM-IZ-110278,WGS,RANDOM,GENOMIC,PAIRED,0,0,ILLUMINA,Illumina NovaSeq 6000,SRP498670,PRJNA1092115,,1092115,SRS20889094,SAMN40621319,simple,168775,Physalia physalis,YPM-IZ-110278,,,,,,,no,,,,,YALE UNIVERSITY,SRA1835931,,public,1B8B9905FDB3825F3BD603D980971891,4C8357D5FCE2E3D7DDE4EC61A979FC01
SRR28498830,2024-07-11 00:10:59,2024-03-29 16:19:14,60435790,18251608580,60435790,302,6142,,https://sra-downloadb.be-md.ncbi.nlm.nih.gov/sos11/sra-pub-zq-1140/SRR028/28498/SRR28498830/SRR28498830.lite.1,SRX24100632,YPM-IZ-110468,WGS,RANDOM,GENOMIC,PAIRED,0,0,ILLUMINA,Illumina NovaSeq 6000,SRP498670,PRJNA1092115,,1092115,SRS20889041,SAMN40621325,simple,3136164,Physalia sp. C2,YPM-IZ-110468,,,,,,,no,,,,,YALE UNIVERSITY,SRA1835931,,public,D7392765EF8C052B8437A02F53AD1FFD,F580491A3C68FE8C89C29F09EF00E71F
SRR28498821,2024-07-11 00:11:00,2024-03-29 18:06:58,523873937,158209928974,523873937,302,50714,,https://sra-downloadb.be-md.ncbi.nlm.nih.gov/sos11/sra-pub-zq-1140/SRR028/28498/SRR28498821/SRR28498821.lite.1,SRX24100641,YPM-IZ-110469,WGS,RANDOM,GENOMIC,PAIRED,0,0,ILLUMINA,Illumina NovaSeq 6000,SRP498670,PRJNA1092115,,1092115,SRS20889050,SAMN40621326,simple,3136164,Physalia sp. C2,YPM-IZ-110469,,,,,,,no,,,,,YALE UNIVERSITY,SRA1835931,,public,E688DD061AD6A92489FDB9BDFA2022FA,43B6CD08B1811D8FB0A1C2983BA84ACF
SRR28498820,2024-07-11 00:11:00,2024-03-29 16:25:20,128832589,38907441878,128832589,302,12811,,https://sra-downloadb.be-md.ncbi.nlm.nih.gov/sos11/sra-pub-zq-1140/SRR028/28498/SRR28498820/SRR28498820.lite.1,SRX24100642,YPM-IZ-110470,WGS,RANDOM,GENOMIC,PAIRED,0,0,ILLUMINA,Illumina NovaSeq 6000,SRP498670,PRJNA1092115,,1092115,SRS20889051,SAMN40621327,simple,3136164,Physalia sp. C2,YPM-IZ-110470,,,,,,,no,,,,,YALE UNIVERSITY,SRA1835931,,public,AD4A682607FE618D535F112F10D9675B,7D4D5BBAD36B1A65E9916973475C1124
SRR28498819,2024-07-11 00:11:00,2024-03-29 16:16:00,68067007,20556236114,68067007,302,6758,,https://sra-downloadb.be-md.ncbi.nlm.nih.gov/sos11/sra-pub-zq-1140/SRR028/28498/SRR28498819/SRR28498819.lite.1,SRX24100643,YPM-IZ-110471,WGS,RANDOM,GENOMIC,PAIRED,0,0,ILLUMINA,Illumina NovaSeq 6000,SRP498670,PRJNA1092115,,1092115,SRS20889052,SAMN40621328,simple,168775,Physalia physalis,YPM-IZ-110471,,,,,,,no,,,,,YALE UNIVERSITY,SRA1835931,,public,FD963999896C85FDB949478BE6F7CB56,E7F444837FC0B8967A9CCF609CE2ED18
SRR28498818,2024-07-11 00:11:00,2024-03-29 16:18:57,126934990,38334366980,126934990,302,12891,,https://sra-downloadb.be-md.ncbi.nlm.nih.gov/sos11/sra-pub-zq-1140/SRR028/28498/SRR28498818/SRR28498818.lite.1,SRX24100644,YPM-IZ-110473,WGS,RANDOM,GENOMIC,PAIRED,0,0,ILLUMINA,Illumina NovaSeq 6000,SRP498670,PRJNA1092115,,1092115,SRS20889053,SAMN40621329,simple,168775,Physalia physalis,YPM-IZ-110473,,,,,,,no,,,,,YALE UNIVERSITY,SRA1835931,,public,A025CCA958921B2317F4AD21F6A74E6E,4588CC20460D60789612E8D4109BD2C4
SRR28498817,2024-07-11 00:11:00,2024-03-29 16:07:17,56382015,17027368530,56382015,302,5704,,https://sra-downloadb.be-md.ncbi.nlm.nih.gov/sos11/sra-pub-zq-1140/SRR028/28498/SRR28498817/SRR28498817.lite.1,SRX24100645,YPM-IZ-110474,WGS,RANDOM,GENOMIC,PAIRED,0,0,ILLUMINA,Illumina NovaSeq 6000,SRP498670,PRJNA1092115,,1092115,SRS20889054,SAMN40621330,simple,168775,Physalia physalis,YPM-IZ-110474,,,,,,,no,,,,,YALE UNIVERSITY,SRA1835931,,public,6776B19C6E728DC6C47BA55AEE59AF80,24C6164D5E1F93004CF771370D49FE2B
SRR28498816,2024-07-11 00:11:00,2024-03-29 16:13:56,70060995,21158420490,70060995,302,7000,,https://sra-downloadb.be-md.ncbi.nlm.nih.gov/sos11/sra-pub-zq-1140/SRR028/28498/SRR28498816/SRR28498816.lite.1,SRX24100646,YPM-IZ-110480,WGS,RANDOM,GENOMIC,PAIRED,0,0,ILLUMINA,Illumina NovaSeq 6000,SRP498670,PRJNA1092115,,1092115,SRS20889055,SAMN40621331,simple,168775,Physalia physalis,YPM-IZ-110480,,,,,,,no,,,,,YALE UNIVERSITY,SRA1835931,,public,2332FC0169AFE3DB62B545FB8AE22F6D,64A321EF52625DFFCF96B07DE5E1F935
SRR28498815,2024-07-11 00:11:00,2024-03-29 17:03:17,186409183,56295573266,186409183,302,18415,,https://sra-downloadb.be-md.ncbi.nlm.nih.gov/sos11/sra-pub-zq-1140/SRR028/28498/SRR28498815/SRR28498815.lite.1,SRX24100647,YPM-IZ-110515,WGS,RANDOM,GENOMIC,PAIRED,0,0,ILLUMINA,Illumina NovaSeq 6000,SRP498670,PRJNA1092115,,1092115,SRS20889056,SAMN40621332,simple,168775,Physalia physalis,YPM-IZ-110515,,,,,,,no,,,,,YALE UNIVERSITY,SRA1835931,,public,53F1F8C086877D88BE4FA7AC46F512EC,46F18430E691CB1BA9ED051720C45DFA
SRR28498814,2024-07-11 00:11:00,2024-03-29 16:21:59,161040173,48634132246,161040173,302,16003,,https://sra-downloadb.be-md.ncbi.nlm.nih.gov/sos11/sra-pub-zq-1140/SRR028/28498/SRR28498814/SRR28498814.lite.1,SRX24100648,YPM-IZ-110520,WGS,RANDOM,GENOMIC,PAIRED,0,0,ILLUMINA,Illumina NovaSeq 6000,SRP498670,PRJNA1092115,,1092115,SRS20889057,SAMN40621333,simple,168775,Physalia physalis,YPM-IZ-110520,,,,,,,no,,,,,YALE UNIVERSITY,SRA1835931,,public,AD9B311D58D7095A8AF0E64D3DFFDDA6,5D7C4F96E671F4D43E8B8AC3DA6F39BC
SRR28498812,2024-07-11 00:11:01,2024-03-29 16:15:53,116706599,35245392898,116706599,302,11644,,https://sra-downloadb.be-md.ncbi.nlm.nih.gov/sos11/sra-pub-zq-1140/SRR028/28498/SRR28498812/SRR28498812.lite.1,SRX24100650,YPM-IZ-110526,WGS,RANDOM,GENOMIC,PAIRED,0,0,ILLUMINA,Illumina NovaSeq 6000,SRP498670,PRJNA1092115,,1092115,SRS20889058,SAMN40621334,simple,168775,Physalia physalis,YPM-IZ-110526,,,,,,,no,,,,,YALE UNIVERSITY,SRA1835931,,public,97138700F68D57E508773F0F7A7C8B83,75C169CFAFBFE7780C36C4B77EB2D17C
SRR28498811,2024-07-11 00:11:01,2024-03-29 17:06:41,337317962,101870024524,337317962,302,33899,,https://sra-downloadb.be-md.ncbi.nlm.nih.gov/sos11/sra-pub-zq-1140/SRR028/28498/SRR28498811/SRR28498811.lite.1,SRX24100651,YPM-IZ-110556,WGS,RANDOM,GENOMIC,PAIRED,0,0,ILLUMINA,Illumina NovaSeq 6000,SRP498670,PRJNA1092115,,1092115,SRS20889060,SAMN40621335,simple,3136164,Physalia sp. C2,YPM-IZ-110556,,,,,,,no,,,,,YALE UNIVERSITY,SRA1835931,,public,7229C6987B3C918B8EF3A84AD892E50C,4E1A73D4BABDCF886266396EEF105729
SRR28498810,2024-07-11 00:11:01,2024-03-29 16:22:23,143079407,43209980914,143079407,302,14401,,https://sra-downloadb.be-md.ncbi.nlm.nih.gov/sos11/sra-pub-zq-1140/SRR028/28498/SRR28498810/SRR28498810.lite.1,SRX24100652,YPM-IZ-110557,WGS,RANDOM,GENOMIC,PAIRED,0,0,ILLUMINA,Illumina NovaSeq 6000,SRP498670,PRJNA1092115,,1092115,SRS20889061,SAMN40621336,simple,3136164,Physalia sp. C2,YPM-IZ-110557,,,,,,,no,,,,,YALE UNIVERSITY,SRA1835931,,public,3A527EF887B83AC98B76AC02BA4F572D,CE795BF2C14C04F73EF7CB95415CBD67
SRR28498809,2024-07-11 00:11:01,2024-03-29 16:33:17,102359020,30912424040,102359020,302,10314,,https://sra-downloadb.be-md.ncbi.nlm.nih.gov/sos11/sra-pub-zq-1140/SRR028/28498/SRR28498809/SRR28498809.lite.1,SRX24100653,YPM-IZ-110558,WGS,RANDOM,GENOMIC,PAIRED,0,0,ILLUMINA,Illumina NovaSeq 6000,SRP498670,PRJNA1092115,,1092115,SRS20889062,SAMN40621337,simple,3136164,Physalia sp. C2,YPM-IZ-110558,,,,,,,no,,,,,YALE UNIVERSITY,SRA1835931,,public,3CA36520ADE2404F6769894C0A97B7F2,3CE3CA134AFF0525E792A620C464C1F3
SRR28498808,2024-07-11 00:11:01,2024-03-29 16:23:27,106712136,32227065072,106712136,302,10702,,https://sra-downloadb.be-md.ncbi.nlm.nih.gov/sos11/sra-pub-zq-1140/SRR028/28498/SRR28498808/SRR28498808.lite.1,SRX24100654,YPM-IZ-110566,WGS,RANDOM,GENOMIC,PAIRED,0,0,ILLUMINA,Illumina NovaSeq 6000,SRP498670,PRJNA1092115,,1092115,SRS20889063,SAMN40621338,simple,168775,Physalia physalis,YPM-IZ-110566,,,,,,,no,,,,,YALE UNIVERSITY,SRA1835931,,public,8A99FAE72DA1C827F3DD16BB8D0A7B5A,C7CE364B258F74FBD672CC7711E82528
SRR28498807,2024-07-11 00:11:01,2024-03-29 16:53:26,164638811,49720920922,164638811,302,16746,,https://sra-downloadb.be-md.ncbi.nlm.nih.gov/sos11/sra-pub-zq-1140/SRR028/28498/SRR28498807/SRR28498807.lite.1,SRX24100655,YPM-IZ-110569,WGS,RANDOM,GENOMIC,PAIRED,0,0,ILLUMINA,Illumina NovaSeq 6000,SRP498670,PRJNA1092115,,1092115,SRS20889064,SAMN40621339,simple,168775,Physalia physalis,YPM-IZ-110569,,,,,,,no,,,,,YALE UNIVERSITY,SRA1835931,,public,2561EE1331A7B8799831C8110EBB84C3,405AC677E8991394EA8C482F1305BA27
SRR28498806,2024-07-11 00:11:01,2024-03-29 16:35:29,136012902,41075896404,136012902,302,13704,,https://sra-downloadb.be-md.ncbi.nlm.nih.gov/sos11/sra-pub-zq-1140/SRR028/28498/SRR28498806/SRR28498806.lite.1,SRX24100656,YPM-IZ-110600,WGS,RANDOM,GENOMIC,PAIRED,0,0,ILLUMINA,Illumina NovaSeq 6000,SRP498670,PRJNA1092115,,1092115,SRS20889065,SAMN40621340,simple,168775,Physalia physalis,YPM-IZ-110600,,,,,,,no,,,,,YALE UNIVERSITY,SRA1835931,,public,4FB95F1689541A1B302B590BC291705B,D39A9C7ACC796ACAE4A4E0870A13F87A
SRR28498805,2024-07-11 00:11:01,2024-03-29 16:19:09,122536905,37006145310,122536905,302,12291,,https://sra-downloadb.be-md.ncbi.nlm.nih.gov/sos11/sra-pub-zq-1140/SRR028/28498/SRR28498805/SRR28498805.lite.1,SRX24100657,YPM-IZ-110602,WGS,RANDOM,GENOMIC,PAIRED,0,0,ILLUMINA,Illumina NovaSeq 6000,SRP498670,PRJNA1092115,,1092115,SRS20889066,SAMN40621341,simple,168775,Physalia physalis,YPM-IZ-110602,,,,,,,no,,,,,YALE UNIVERSITY,SRA1835931,,public,D89462CE03B8954EB305528F60AF217D,DE589CB3FDDCB9B571EF22CBA3B5D6C1
SRR28498804,2024-07-11 00:11:01,2024-03-29 16:30:39,128365246,38766304292,128365246,302,13541,,https://sra-downloadb.be-md.ncbi.nlm.nih.gov/sos11/sra-pub-zq-1140/SRR028/28498/SRR28498804/SRR28498804.lite.1,SRX24100658,YPM-IZ-110605,WGS,RANDOM,GENOMIC,PAIRED,0,0,ILLUMINA,Illumina NovaSeq 6000,SRP498670,PRJNA1092115,,1092115,SRS20889067,SAMN40621342,simple,168775,Physalia physalis,YPM-IZ-110605,,,,,,,no,,,,,YALE UNIVERSITY,SRA1835931,,public,2B218DEDDE9E13FE36D368D654DAC4CE,95AF4B9E239DEF3DAC3161560FE89E31
SRR28498803,2024-07-11 00:11:01,2024-03-29 16:13:22,95986812,28988017224,95986812,302,10137,,https://sra-downloadb.be-md.ncbi.nlm.nih.gov/sos11/sra-pub-zq-1140/SRR028/28498/SRR28498803/SRR28498803.lite.1,SRX24100659,YPM-IZ-110612,WGS,RANDOM,GENOMIC,PAIRED,0,0,ILLUMINA,Illumina NovaSeq 6000,SRP498670,PRJNA1092115,,1092115,SRS20889068,SAMN40621343,simple,168775,Physalia physalis,YPM-IZ-110612,,,,,,,no,,,,,YALE UNIVERSITY,SRA1835931,,public,D5B29517C13BF91DA53D029A827FAF54,A722BD6F542AC09BFF311C305FF7E9EA
SRR28498801,2024-07-11 00:11:01,2024-03-29 16:22:15,104702609,31620187918,104702609,302,11085,,https://sra-downloadb.be-md.ncbi.nlm.nih.gov/sos11/sra-pub-zq-1140/SRR028/28498/SRR28498801/SRR28498801.lite.1,SRX24100661,YPM-IZ-110613,WGS,RANDOM,GENOMIC,PAIRED,0,0,ILLUMINA,Illumina NovaSeq 6000,SRP498670,PRJNA1092115,,1092115,SRS20889070,SAMN40621344,simple,168775,Physalia physalis,YPM-IZ-110613,,,,,,,no,,,,,YALE UNIVERSITY,SRA1835931,,public,5C335041C9EE9034CB97D208467A17D1,317EB549A3B72910F17F3CFD4E587166
SRR28498800,2024-07-11 00:11:02,2024-03-29 16:17:18,107842809,32568528318,107842809,302,11437,,https://sra-downloadb.be-md.ncbi.nlm.nih.gov/sos11/sra-pub-zq-1140/SRR028/28498/SRR28498800/SRR28498800.lite.1,SRX24100662,YPM-IZ-110616,WGS,RANDOM,GENOMIC,PAIRED,0,0,ILLUMINA,Illumina NovaSeq 6000,SRP498670,PRJNA1092115,,1092115,SRS20889071,SAMN40621345,simple,168775,Physalia physalis,YPM-IZ-110616,,,,,,,no,,,,,YALE UNIVERSITY,SRA1835931,,public,DFD5E9EFC9EA5B922CA351C08039B584,0AC04E420961AC837D96B770AA8B159F
SRR28498799,2024-07-11 00:11:02,2024-03-29 16:17:00,131097055,39591310610,131097055,302,10839,,https://sra-downloadb.be-md.ncbi.nlm.nih.gov/sos11/sra-pub-zq-1140/SRR028/28498/SRR28498799/SRR28498799.lite.1,SRX24100663,YPM-IZ-110631,WGS,RANDOM,GENOMIC,PAIRED,0,0,ILLUMINA,Illumina NovaSeq 6000,SRP498670,PRJNA1092115,,1092115,SRS20889072,SAMN40621346,simple,168775,Physalia physalis,YPM-IZ-110631,,,,,,,no,,,,,YALE UNIVERSITY,SRA1835931,,public,D3EBA0E093597A0BC6340E6C66E3F1E8,A68B3B7E59844C1A18D563753DBE54E0
SRR28498798,2024-07-11 00:11:02,2024-03-29 16:26:00,128163679,38705431058,128163679,302,10825,,https://sra-downloadb.be-md.ncbi.nlm.nih.gov/sos11/sra-pub-zq-1140/SRR028/28498/SRR28498798/SRR28498798.lite.1,SRX24100664,YPM-IZ-110633,WGS,RANDOM,GENOMIC,PAIRED,0,0,ILLUMINA,Illumina NovaSeq 6000,SRP498670,PRJNA1092115,,1092115,SRS20889073,SAMN40621347,simple,168775,Physalia physalis,YPM-IZ-110633,,,,,,,no,,,,,YALE UNIVERSITY,SRA1835931,,public,9B84D401F6AE469C73B0733F1A8B3487,EFEE8B6D8AEFE5D20161F418225FE161
SRR28498797,2024-07-11 00:11:02,2024-03-29 16:23:45,180291625,54448070750,180291625,302,14965,,https://sra-downloadb.be-md.ncbi.nlm.nih.gov/sos11/sra-pub-zq-1140/SRR028/28498/SRR28498797/SRR28498797.lite.1,SRX24100665,YPM-IZ-110667,WGS,RANDOM,GENOMIC,PAIRED,0,0,ILLUMINA,Illumina NovaSeq 6000,SRP498670,PRJNA1092115,,1092115,SRS20889074,SAMN40621348,simple,168775,Physalia physalis,YPM-IZ-110667,,,,,,,no,,,,,YALE UNIVERSITY,SRA1835931,,public,2739D22F6ECCF48FAE64EF7099EB4E5E,EBFC85108AF4292C1FD8852C44594AAC
SRR28498796,2024-07-11 00:11:02,2024-03-29 16:29:36,154663510,46708380020,154663510,302,13505,,https://sra-downloadb.be-md.ncbi.nlm.nih.gov/sos11/sra-pub-zq-1140/SRR028/28498/SRR28498796/SRR28498796.lite.1,SRX24100666,YPM-IZ-110694,WGS,RANDOM,GENOMIC,PAIRED,0,0,ILLUMINA,Illumina NovaSeq 6000,SRP498670,PRJNA1092115,,1092115,SRS20889075,SAMN40621349,simple,168775,Physalia physalis,YPM-IZ-110694,,,,,,,no,,,,,YALE UNIVERSITY,SRA1835931,,public,86195EAA1D9411629E1D71BDA0FC9B82,57054CEF451E84931022731BCACFAEFD
SRR28498795,2024-07-11 00:11:02,2024-03-29 16:31:25,186794478,56411932356,186794478,302,15375,,https://sra-downloadb.be-md.ncbi.nlm.nih.gov/sos11/sra-pub-zq-1140/SRR028/28498/SRR28498795/SRR28498795.lite.1,SRX24100667,YPM-IZ-110716,WGS,RANDOM,GENOMIC,PAIRED,0,0,ILLUMINA,Illumina NovaSeq 6000,SRP498670,PRJNA1092115,,1092115,SRS20889076,SAMN40621350,simple,168775,Physalia physalis,YPM-IZ-110716,,,,,,,no,,,,,YALE UNIVERSITY,SRA1835931,,public,3F87EBF2A4A3BFA8C8917A6D37C8BD02,0151DE390CC4188C27D19D78AF029212
SRR28498794,2024-07-11 00:11:02,2024-03-29 16:29:08,142654142,43081550884,142654142,302,11788,,https://sra-downloadb.be-md.ncbi.nlm.nih.gov/sos11/sra-pub-zq-1140/SRR028/28498/SRR28498794/SRR28498794.lite.1,SRX24100668,YPM-IZ-110726,WGS,RANDOM,GENOMIC,PAIRED,0,0,ILLUMINA,Illumina NovaSeq 6000,SRP498670,PRJNA1092115,,1092115,SRS20889077,SAMN40621351,simple,168775,Physalia physalis,YPM-IZ-110726,,,,,,,no,,,,,YALE UNIVERSITY,SRA1835931,,public,3A0E891BF2ECA79421D3E1E091D6C47A,F7EADE70AB0FC873BC70C5BAA9C67CF0
SRR28498793,2024-07-11 00:11:02,2024-03-29 17:10:41,455993309,137709979318,455993309,302,38386,,https://sra-downloadb.be-md.ncbi.nlm.nih.gov/sos11/sra-pub-zq-1140/SRR028/28498/SRR28498793/SRR28498793.lite.1,SRX24100669,YPM-IZ-110738,WGS,RANDOM,GENOMIC,PAIRED,0,0,ILLUMINA,Illumina NovaSeq 6000,SRP498670,PRJNA1092115,,1092115,SRS20889078,SAMN40621352,simple,168775,Physalia physalis,YPM-IZ-110738,,,,,,,no,,,,,YALE UNIVERSITY,SRA1835931,,public,D72E0B9ED4C51787B5BEDA57538F8188,1DEB837FD79F594A3251B7C4F61BDFFF
SRR28498792,2024-07-11 00:11:02,2024-03-29 16:18:50,183416077,55391655254,183416077,302,15117,,https://sra-downloadb.be-md.ncbi.nlm.nih.gov/sos11/sra-pub-zq-1140/SRR028/28498/SRR28498792/SRR28498792.lite.1,SRX24100670,YPM-IZ-110777,WGS,RANDOM,GENOMIC,PAIRED,0,0,ILLUMINA,Illumina NovaSeq 6000,SRP498670,PRJNA1092115,,1092115,SRS20889079,SAMN40621353,simple,168775,Physalia physalis,YPM-IZ-110777,,,,,,,no,,,,,YALE UNIVERSITY,SRA1835931,,public,59EA43B01D48E57256A8C56042E8463E,640DE40610CD8B182E87FDDD4C04A841
SRR28498790,2024-07-11 00:11:02,2024-03-29 16:46:18,161420127,48748878354,161420127,302,13332,,https://sra-downloadb.be-md.ncbi.nlm.nih.gov/sos11/sra-pub-zq-1140/SRR028/28498/SRR28498790/SRR28498790.lite.1,SRX24100672,YPM-IZ-110780,WGS,RANDOM,GENOMIC,PAIRED,0,0,ILLUMINA,Illumina NovaSeq 6000,SRP498670,PRJNA1092115,,1092115,SRS20889081,SAMN40621354,simple,168775,Physalia physalis,YPM-IZ-110780,,,,,,,no,,,,,YALE UNIVERSITY,SRA1835931,,public,4DF1918A80CD44892936331C21185059,C460B2873106A8607F6B7ADB60C865AF
SRR28498789,2024-07-11 00:11:02,2024-03-29 16:23:16,126612568,38236995536,126612568,302,10718,,https://sra-downloadb.be-md.ncbi.nlm.nih.gov/sos11/sra-pub-zq-1140/SRR028/28498/SRR28498789/SRR28498789.lite.1,SRX24100673,YPM-IZ-110785,WGS,RANDOM,GENOMIC,PAIRED,0,0,ILLUMINA,Illumina NovaSeq 6000,SRP498670,PRJNA1092115,,1092115,SRS20889082,SAMN40621355,simple,168775,Physalia physalis,YPM-IZ-110785,,,,,,,no,,,,,YALE UNIVERSITY,SRA1835931,,public,C1DC820A3B7BBD28311C0127210980E5,08ACB07520600D157DCAB74D2918EE3F
SRR28498788,2024-07-11 00:11:02,2024-03-29 16:33:19,185027179,55878208058,185027179,302,15381,,https://sra-downloadb.be-md.ncbi.nlm.nih.gov/sos11/sra-pub-zq-1140/SRR028/28498/SRR28498788/SRR28498788.lite.1,SRX24100674,YPM-IZ-110786,WGS,RANDOM,GENOMIC,PAIRED,0,0,ILLUMINA,Illumina NovaSeq 6000,SRP498670,PRJNA1092115,,1092115,SRS20889083,SAMN40621356,simple,168775,Physalia physalis,YPM-IZ-110786,,,,,,,no,,,,,YALE UNIVERSITY,SRA1835931,,public,39DFBDA7EF00356F43A7597F5C384F24,BAD43461FBA5B3CB65C578007815D1BA
SRR28498787,2024-07-11 00:11:03,2024-03-29 18:25:50,484852803,146425546506,484852803,302,41159,,https://sra-downloadb.be-md.ncbi.nlm.nih.gov/sos11/sra-pub-zq-1140/SRR028/28498/SRR28498787/SRR28498787.lite.1,SRX24100675,YPM-IZ-110828,WGS,RANDOM,GENOMIC,PAIRED,0,0,ILLUMINA,Illumina NovaSeq 6000,SRP498670,PRJNA1092115,,1092115,SRS20889085,SAMN40621357,simple,168775,Physalia physalis,YPM-IZ-110828,,,,,,,no,,,,,YALE UNIVERSITY,SRA1835931,,public,DC823B282ED30448E5A97A59C72F45AA,AF17952A59D7F3B11A90966896CBA080
SRR28498786,2024-07-11 00:11:03,2024-03-29 16:49:41,167270365,50515650230,167270365,302,14134,,https://sra-downloadb.be-md.ncbi.nlm.nih.gov/sos11/sra-pub-zq-1140/SRR028/28498/SRR28498786/SRR28498786.lite.1,SRX24100676,YPM-IZ-110829,WGS,RANDOM,GENOMIC,PAIRED,0,0,ILLUMINA,Illumina NovaSeq 6000,SRP498670,PRJNA1092115,,1092115,SRS20889084,SAMN40621358,simple,168775,Physalia physalis,YPM-IZ-110829,,,,,,,no,,,,,YALE UNIVERSITY,SRA1835931,,public,C9DDCD40BFF2D398639E179D7AEAF46B,A8CFF9A97D686459BB54867714678EF7
SRR28498782,2024-07-11 00:11:03,2024-03-29 16:29:19,169544103,51202319106,169544103,302,14812,,https://sra-downloadb.be-md.ncbi.nlm.nih.gov/sos11/sra-pub-zq-1140/SRR028/28498/SRR28498782/SRR28498782.lite.1,SRX24100680,YPM-IZ-110830,WGS,RANDOM,GENOMIC,PAIRED,0,0,ILLUMINA,Illumina NovaSeq 6000,SRP498670,PRJNA1092115,,1092115,SRS20889088,SAMN40621359,simple,168775,Physalia physalis,YPM-IZ-110830,,,,,,,no,,,,,YALE UNIVERSITY,SRA1835931,,public,10401397EEE167BDD9D1EA7B24C95E9C,C8297C0F99DD260357B20261E2607BAB
SRR28498781,2024-07-11 00:11:03,2024-03-29 17:32:00,322215642,97309123884,322215642,302,27727,,https://sra-downloadb.be-md.ncbi.nlm.nih.gov/sos11/sra-pub-zq-1140/SRR028/28498/SRR28498781/SRR28498781.lite.1,SRX24100681,YPM-IZ-110842,WGS,RANDOM,GENOMIC,PAIRED,0,0,ILLUMINA,Illumina NovaSeq 6000,SRP498670,PRJNA1092115,,1092115,SRS20889090,SAMN40621360,simple,168775,Physalia physalis,YPM-IZ-110842,,,,,,,no,,,,,YALE UNIVERSITY,SRA1835931,,public,C11F3B77F59CBC9696D3269D371C2CC0,6E905585C639F9AC894D9AC83E531457
SRR28498780,2024-07-11 00:11:03,2024-03-29 17:04:20,194289265,58675358030,194289265,302,16247,,https://sra-downloadb.be-md.ncbi.nlm.nih.gov/sos11/sra-pub-zq-1140/SRR028/28498/SRR28498780/SRR28498780.lite.1,SRX24100682,YPM-IZ-110843,WGS,RANDOM,GENOMIC,PAIRED,0,0,ILLUMINA,Illumina NovaSeq 6000,SRP498670,PRJNA1092115,,1092115,SRS20889091,SAMN40621361,simple,168775,Physalia physalis,YPM-IZ-110843,,,,,,,no,,,,,YALE UNIVERSITY,SRA1835931,,public,D22CA7DE0EBDD346EAE2A731AD3E69D4,7047D896725FEB9B59DFD30DDBFB7594
SRR28498779,2024-07-11 00:11:03,2024-03-29 16:20:28,166481102,50277292804,166481102,302,13907,,https://sra-downloadb.be-md.ncbi.nlm.nih.gov/sos11/sra-pub-zq-1140/SRR028/28498/SRR28498779/SRR28498779.lite.1,SRX24100683,YPM-IZ-110844,WGS,RANDOM,GENOMIC,PAIRED,0,0,ILLUMINA,Illumina NovaSeq 6000,SRP498670,PRJNA1092115,,1092115,SRS20889092,SAMN40621362,simple,168775,Physalia physalis,YPM-IZ-110844,,,,,,,no,,,,,YALE UNIVERSITY,SRA1835931,,public,EC29E49A938275BE0370C3A8FD04517B,FAEF9C4A0766741821FA6D81465B4E30
SRR28498778,2024-07-11 00:11:03,2024-03-29 16:23:16,139336399,42079592498,139336399,302,11497,,https://sra-downloadb.be-md.ncbi.nlm.nih.gov/sos11/sra-pub-zq-1140/SRR028/28498/SRR28498778/SRR28498778.lite.1,SRX24100684,YPM-IZ-110845,WGS,RANDOM,GENOMIC,PAIRED,0,0,ILLUMINA,Illumina NovaSeq 6000,SRP498670,PRJNA1092115,,1092115,SRS20889093,SAMN40621363,simple,168775,Physalia physalis,YPM-IZ-110845,,,,,,,no,,,,,YALE UNIVERSITY,SRA1835931,,public,220C8794122CF00EB2380AA5417FE258,082E797051A7D6E00C7D3BAFB9608C04
SRR28498776,2024-07-11 00:11:03,2024-03-29 16:52:34,220731617,66660948334,220731617,302,18362,,https://sra-downloadb.be-md.ncbi.nlm.nih.gov/sos11/sra-pub-zq-1140/SRR028/28498/SRR28498776/SRR28498776.lite.1,SRX24100686,YPM-IZ-110846,WGS,RANDOM,GENOMIC,PAIRED,0,0,ILLUMINA,Illumina NovaSeq 6000,SRP498670,PRJNA1092115,,1092115,SRS20889095,SAMN40621364,simple,168775,Physalia physalis,YPM-IZ-110846,,,,,,,no,,,,,YALE UNIVERSITY,SRA1835931,,public,C68412F812E3A07B1E3E3D911E9F5B72,C4474A0B6E06F65AC7CB248F5C16DD68
SRR28498775,2024-07-11 00:11:04,2024-03-29 16:32:33,164307174,49620766548,164307174,302,13570,,https://sra-downloadb.be-md.ncbi.nlm.nih.gov/sos11/sra-pub-zq-1140/SRR028/28498/SRR28498775/SRR28498775.lite.1,SRX24100687,YPM-IZ-110847,WGS,RANDOM,GENOMIC,PAIRED,0,0,ILLUMINA,Illumina NovaSeq 6000,SRP498670,PRJNA1092115,,1092115,SRS20889096,SAMN40621365,simple,168775,Physalia physalis,YPM-IZ-110847,,,,,,,no,,,,,YALE UNIVERSITY,SRA1835931,,public,AB8A1043F167C6AD7C282070A9B4592A,E802B8DD2E3EFE00896774F43172F9E2
SRR28498774,2024-07-11 00:11:04,2024-03-29 17:16:19,399257582,120575789764,399257582,302,38391,,https://sra-downloadb.be-md.ncbi.nlm.nih.gov/sos11/sra-pub-zq-1140/SRR028/28498/SRR28498774/SRR28498774.lite.1,SRX24100688,YPM-IZ-110877,WGS,RANDOM,GENOMIC,PAIRED,0,0,ILLUMINA,Illumina NovaSeq 6000,SRP498670,PRJNA1092115,,1092115,SRS20889097,SAMN40621367,simple,168775,Physalia physalis,YPM-IZ-110877,,,,,,,no,,,,,YALE UNIVERSITY,SRA1835931,,public,0D3385DD41E34B7A3848B9889950ACE6,442AA1B75D3C2957F067E08F0380EED8
SRR28498773,2024-07-11 00:11:04,2024-03-29 16:23:20,137246800,41448533600,137246800,302,11776,,https://sra-downloadb.be-md.ncbi.nlm.nih.gov/sos11/sra-pub-zq-1140/SRR028/28498/SRR28498773/SRR28498773.lite.1,SRX24100689,YPM-IZ-110906,WGS,RANDOM,GENOMIC,PAIRED,0,0,ILLUMINA,Illumina NovaSeq 6000,SRP498670,PRJNA1092115,,1092115,SRS20889098,SAMN40621373,simple,168775,Physalia physalis,YPM-IZ-110906,,,,,,,no,,,,,YALE UNIVERSITY,SRA1835931,,public,7A5119DBB3C3D4C54F29745A38FF64A2,B1031C9037A13C917B016D550AD02CCA
SRR28498772,2024-07-11 00:11:04,2024-03-29 16:43:42,146443421,44225913142,146443421,302,12327,,https://sra-downloadb.be-md.ncbi.nlm.nih.gov/sos11/sra-pub-zq-1140/SRR028/28498/SRR28498772/SRR28498772.lite.1,SRX24100690,YPM-IZ-110907,WGS,RANDOM,GENOMIC,PAIRED,0,0,ILLUMINA,Illumina NovaSeq 6000,SRP498670,PRJNA1092115,,1092115,SRS20889099,SAMN40621374,simple,168775,Physalia physalis,YPM-IZ-110907,,,,,,,no,,,,,YALE UNIVERSITY,SRA1835931,,public,8272AD6148B3B2AC3BADCDDF505C4AE9,B7C2E9F1D11CAA02F01F6C5C264FD285
SRR28498838,2024-07-11 00:10:59,2024-03-29 18:21:30,500675101,151203880502,500675101,302,41725,,https://sra-downloadb.be-md.ncbi.nlm.nih.gov/sos11/sra-pub-zq-1140/SRR028/28498/SRR28498838/SRR28498838.lite.1,SRX24100624,WAMZ88480,WGS,RANDOM,GENOMIC,PAIRED,0,0,ILLUMINA,Illumina NovaSeq 6000,SRP498670,PRJNA1092115,,1092115,SRS20889033,SAMN40621283,simple,168775,Physalia physalis,WAMZ88480,,,,,,,no,,,,,YALE UNIVERSITY,SRA1835931,,public,B05CDF5624D3EB6DBF03BCBABBC8D141,70B91E864AFD472F2C0809BF8F490F45
SRR28498837,2024-07-11 00:10:59,2024-03-29 16:15:09,128153778,38702440956,128153778,302,10717,,https://sra-downloadb.be-md.ncbi.nlm.nih.gov/sos11/sra-pub-zq-1140/SRR028/28498/SRR28498837/SRR28498837.lite.1,SRX24100625,WAMZ97900,WGS,RANDOM,GENOMIC,PAIRED,0,0,ILLUMINA,Illumina NovaSeq 6000,SRP498670,PRJNA1092115,,1092115,SRS20889034,SAMN40621284,simple,168775,Physalia physalis,WAMZ97900,,,,,,,no,,,,,YALE UNIVERSITY,SRA1835931,,public,F6B818A34FC33A7BF885895EAC73556B,3F84AA92C911D73B39FDEC6D0ECD53A0
SRR28498836,2024-07-11 00:10:59,2024-03-29 16:22:01,147160985,44442617470,147160985,302,12317,,https://sra-downloadb.be-md.ncbi.nlm.nih.gov/sos11/sra-pub-zq-1140/SRR028/28498/SRR28498836/SRR28498836.lite.1,SRX24100626,WAMZ97901,WGS,RANDOM,GENOMIC,PAIRED,0,0,ILLUMINA,Illumina NovaSeq 6000,SRP498670,PRJNA1092115,,1092115,SRS20889035,SAMN40621285,simple,168775,Physalia physalis,WAMZ97901,,,,,,,no,,,,,YALE UNIVERSITY,SRA1835931,,public,ED62211EEAEFEF4272CF6CA17F51F8F9,D2D35A357528B5734908E1DB230D66F6
SRR28498835,2024-07-11 00:10:59,2024-03-29 16:28:39,143437107,43318006314,143437107,302,12017,,https://sra-downloadb.be-md.ncbi.nlm.nih.gov/sos11/sra-pub-zq-1140/SRR028/28498/SRR28498835/SRR28498835.lite.1,SRX24100627,WAMZ97902,WGS,RANDOM,GENOMIC,PAIRED,0,0,ILLUMINA,Illumina NovaSeq 6000,SRP498670,PRJNA1092115,,1092115,SRS20889036,SAMN40621286,simple,168775,Physalia physalis,WAMZ97902,,,,,,,no,,,,,YALE UNIVERSITY,SRA1835931,,public,97F53658C33F1C28DB979D85C57E0DDE,B22003BE21D1964A4472D592E63FE340
SRR28498834,2024-07-11 00:10:59,2024-03-29 16:40:03,128680152,38861405904,128680152,302,10834,,https://sra-downloadb.be-md.ncbi.nlm.nih.gov/sos11/sra-pub-zq-1140/SRR028/28498/SRR28498834/SRR28498834.lite.1,SRX24100628,WAMZ97903,WGS,RANDOM,GENOMIC,PAIRED,0,0,ILLUMINA,Illumina NovaSeq 6000,SRP498670,PRJNA1092115,,1092115,SRS20889037,SAMN40621287,simple,168775,Physalia physalis,WAMZ97903,,,,,,,no,,,,,YALE UNIVERSITY,SRA1835931,,public,AC75617A15C8D9C381920B6C4F799971,B840F85D7A2D0CA9E98832BEBEA2B9FC
SRR28498840,2024-07-11 00:10:59,2024-03-29 17:31:02,278556070,84123933140,278556070,302,28457,,https://sra-downloadb.be-md.ncbi.nlm.nih.gov/sos11/sra-pub-zq-1140/SRR028/28498/SRR28498840/SRR28498840.lite.1,SRX24100622,YPM-IZ-110251,WGS,RANDOM,GENOMIC,PAIRED,0,0,ILLUMINA,Illumina NovaSeq 6000,SRP498670,PRJNA1092115,,1092115,SRS20889031,SAMN40621312,simple,168775,Physalia physalis,YPM-IZ-110251,,,,,,,no,,,,,YALE UNIVERSITY,SRA1835931,,public,7E61F3000428A5FFABA50E238503D7C4,D6618A750E6921002B285DF813DA583C
SRR28498839,2024-07-11 00:10:59,2024-03-29 16:49:51,321316617,97037618334,321316617,302,32681,,https://sra-downloadb.be-md.ncbi.nlm.nih.gov/sos11/sra-pub-zq-1140/SRR028/28498/SRR28498839/SRR28498839.lite.1,SRX24100623,YPM-IZ-110254,WGS,RANDOM,GENOMIC,PAIRED,0,0,ILLUMINA,Illumina NovaSeq 6000,SRP498670,PRJNA1092115,,1092115,SRS20889032,SAMN40621313,simple,168775,Physalia physalis,YPM-IZ-110254,,,,,,,no,,,,,YALE UNIVERSITY,SRA1835931,,public,4647E3863C81CDBAAFA6B2A208751156,0A2C9F1C75934F087DB581351EC05569
SRR28498843,2024-07-11 00:10:58,2024-03-29 16:20:42,83198814,25126041828,83198814,302,7938,,https://sra-downloadb.be-md.ncbi.nlm.nih.gov/sos11/sra-pub-zq-1140/SRR028/28498/SRR28498843/SRR28498843.lite.1,SRX24100619,YPM-IZ-110264,WGS,RANDOM,GENOMIC,PAIRED,0,0,ILLUMINA,Illumina NovaSeq 6000,SRP498670,PRJNA1092115,,1092115,SRS20889028,SAMN40621314,simple,168775,Physalia physalis,YPM-IZ-110264,,,,,,,no,,,,,YALE UNIVERSITY,SRA1835931,,public,6BA6927835375004927244431BDAA186,425E23FB3B3D82E513EC57D3D5CB0600
SRR28498842,2024-07-11 00:10:58,2024-03-29 16:28:44,77167007,23304436114,77167007,302,7517,,https://sra-downloadb.be-md.ncbi.nlm.nih.gov/sos11/sra-pub-zq-1140/SRR028/28498/SRR28498842/SRR28498842.lite.1,SRX24100620,YPM-IZ-110268,WGS,RANDOM,GENOMIC,PAIRED,0,0,ILLUMINA,Illumina NovaSeq 6000,SRP498670,PRJNA1092115,,1092115,SRS20889029,SAMN40621315,simple,168775,Physalia physalis,YPM-IZ-110268,,,,,,,no,,,,,YALE UNIVERSITY,SRA1835931,,public,EA66BF09A3B91AF2645C5F4D8E8ECAE7,9BAF58A4B0D8F82B25BE61C4FCA20524
SRR28498841,2024-07-11 00:10:58,2024-03-29 16:14:24,63747309,19251687318,63747309,302,6401,,https://sra-downloadb.be-md.ncbi.nlm.nih.gov/sos11/sra-pub-zq-1140/SRR028/28498/SRR28498841/SRR28498841.lite.1,SRX24100621,YPM-IZ-110467,WGS,RANDOM,GENOMIC,PAIRED,0,0,ILLUMINA,Illumina NovaSeq 6000,SRP498670,PRJNA1092115,,1092115,SRS20889030,SAMN40621324,simple,3136164,Physalia sp. C2,YPM-IZ-110467,,,,,,,no,,,,,YALE UNIVERSITY,SRA1835931,,public,6AFF6B84909F28BDC71326CF85ADD47E,3FE78780BF581306BC3FB4EA9AE63C87
