dataset	sample_id	voucher	species	workflow	reference	collection_id	ocean	location	lat_lon	date	srr	source	n_lanes	sample_dir
DS2	NA19	YPM-IZ-111744	route-by-mapping (Nanomia)	route-by-mapping	/gpfs/ycga/work/dunn/cwd7/databases/refgenomes/nanomia_septata/nanomia_septata.fasta	V3698-D2	NE Pacific	California	36.698983, -122.050126	2013-02-11	SRR23143273	Ahuja et al. 2024	1	/gpfs/ycga/work/dunn/sequences/illumina/Nanomia_novaseq/Sample_NA19_152_041
DS2	NA28	YPM-IZ-110451	route-by-mapping (Nanomia)	route-by-mapping	/gpfs/ycga/work/dunn/cwd7/databases/refgenomes/nanomia_septata/nanomia_septata.fasta	RI2-5	NW Atlantic	Rhode Island	41.036, -71.399	2013-08-30	SRR33215983	New	1	/gpfs/ycga/work/dunn/sequences/illumina/Nanomia_novaseq/Sample_NA28_165_028
DS2	NA29	YPM-IZ-111733	route-by-mapping (Nanomia)	route-by-mapping	/gpfs/ycga/work/dunn/cwd7/databases/refgenomes/nanomia_septata/nanomia_septata.fasta	KOK BW4-2	N Pacific	Hawai'i	19.344170, -156.075853	2017-03-16	SRR33215966	New	1	/gpfs/ycga/work/dunn/sequences/illumina/Nanomia_novaseq/Sample_NA29_141_052
DS2	NA30	YPM-IZ-111732	route-by-mapping (Nanomia)	route-by-mapping	/gpfs/ycga/work/dunn/cwd7/databases/refgenomes/nanomia_septata/nanomia_septata.fasta	V13	Mediterranean	France	43.690000, 7.310000	2011-04-01	SRR33215979	New	1	/gpfs/ycga/work/dunn/sequences/illumina/Nanomia_novaseq/Sample_NA30_153_040
DS2	NA31	YPM-IZ-111742	route-by-mapping (Nanomia)	route-by-mapping	/gpfs/ycga/work/dunn/cwd7/databases/refgenomes/nanomia_septata/nanomia_septata.fasta	GOCBW2 nanomia	Gulf of California	Gulf of California	27.591667, -111.516667	2010-06-18	SRR33215969	New	1	/gpfs/ycga/work/dunn/sequences/illumina/Nanomia_novaseq/Sample_NA31_164_029
DS2	NA32	YPM-IZ-111740	route-by-mapping (Nanomia)	route-by-mapping	/gpfs/ycga/work/dunn/cwd7/databases/refgenomes/nanomia_septata/nanomia_septata.fasta	GoC2015 BW6 nanomia	Gulf of California	Gulf of California	22.916667, -108.116667	2015-03-13	SRR33215968	New	1	/gpfs/ycga/work/dunn/sequences/illumina/Nanomia_novaseq/Sample_NA32_152_041
DS2	NA33	YPM-IZ-111741	route-by-mapping (Nanomia)	route-by-mapping	/gpfs/ycga/work/dunn/cwd7/databases/refgenomes/nanomia_septata/nanomia_septata.fasta	GoCBW8 nanomia	Gulf of California	Gulf of California	24.183333, -108.633333	2015-03-15	SRR33215967	New	1	/gpfs/ycga/work/dunn/sequences/illumina/Nanomia_novaseq/Sample_NA33_140_053
DS2	NA34	YPM-IZ-111164	route-by-mapping (Nanomia)	route-by-mapping	/gpfs/ycga/work/dunn/cwd7/databases/refgenomes/nanomia_septata/nanomia_septata.fasta	Nanomia-FHL-A	NE Pacific	Washington	48.54505, -123.012141	2024-06-16	SRR33215978	New	1	/gpfs/ycga/work/dunn/sequences/illumina/Nanomia_novaseq/Sample_NA34_103_090
DS2	NA35	YPM-IZ-111165	route-by-mapping (Nanomia)	route-by-mapping	/gpfs/ycga/work/dunn/cwd7/databases/refgenomes/nanomia_septata/nanomia_septata.fasta	Nanomia-FHL-B	NE Pacific	Washington	48.54505, -123.012141	2024-06-16	SRR33215977	New	2	/gpfs/ycga/work/dunn/sequences/illumina/Nanomia_novaseq/Sample_NA35_186_007
DS2	NA36	YPM-IZ-111166	route-by-mapping (Nanomia)	route-by-mapping	/gpfs/ycga/work/dunn/cwd7/databases/refgenomes/nanomia_septata/nanomia_septata.fasta	Nanomia-FHL-C	NE Pacific	Washington	48.54505, -123.012141	2024-06-16	SRR33215976	New	1	/gpfs/ycga/work/dunn/sequences/illumina/Nanomia_novaseq/Sample_NA36_174_019
DS2	NA37	YPM-IZ-111590	route-by-mapping (Nanomia)	route-by-mapping	/gpfs/ycga/work/dunn/cwd7/databases/refgenomes/nanomia_septata/nanomia_septata.fasta	HI-NA-43, tube 1265	N Pacific	Hawai'i	19.6183, -156.0842	2024-04-12	SRR33215975	New	1	/gpfs/ycga/work/dunn/sequences/illumina/S2_assorted_samples_skimming_2024/Sample_NA37_085_108
DS2	NA38	YPM-IZ-111591	route-by-mapping (Nanomia)	route-by-mapping	/gpfs/ycga/work/dunn/cwd7/databases/refgenomes/nanomia_septata/nanomia_septata.fasta	HI-NA-42, tube 1267	N Pacific	Hawai'i	19.6183, -156.0842	2024-04-12	SRR33215974	New	1	/gpfs/ycga/work/dunn/sequences/illumina/S2_assorted_samples_skimming_2024/Sample_NA38_173_020
DS2	WS10	YPM-IZ-111745	route-by-mapping (Nanomia)	route-by-mapping	/gpfs/ycga/work/dunn/cwd7/databases/refgenomes/nanomia_septata/nanomia_septata.fasta	V3557-D4, #51	NE Pacific	California	36.700917, -122.049541	2010-05-03	SRR33215970	New	2	/gpfs/ycga/work/dunn/sequences/illumina/Nanomia_novaseq/Sample_WS10_143_050
DS2	WS2	YPM-IZ-110216	route-by-mapping (Nanomia)	route-by-mapping	/gpfs/ycga/work/dunn/cwd7/databases/refgenomes/nanomia_septata/nanomia_septata.fasta	RI2-8	NW Atlantic	Rhode Island	41.036, -71.399	2013-08-30	SRR33215982	New	2	/gpfs/ycga/work/dunn/sequences/illumina/Nanomia_novaseq/Sample_WS2_120_073
DS2	WS3	YPM-IZ-111734	route-by-mapping (Nanomia)	route-by-mapping	/gpfs/ycga/work/dunn/cwd7/databases/refgenomes/nanomia_septata/nanomia_septata.fasta	RI8-28, #24	NW Atlantic	Rhode Island	41.135, -71.366	2015-09-15	SRR33215981	New	2	/gpfs/ycga/work/dunn/sequences/illumina/Nanomia_novaseq/Sample_WS3_108_085
DS2	WS4	YPM-IZ-111735	route-by-mapping (Nanomia)	route-by-mapping	/gpfs/ycga/work/dunn/cwd7/databases/refgenomes/nanomia_septata/nanomia_septata.fasta	RI6-12-C10	NW Atlantic	Rhode Island	41.056, -71.342	2014-08-20	SRR33215980	New	4	/gpfs/ycga/work/dunn/sequences/illumina/Nanomia_novaseq/Sample_WS4_191_002
DS2	WS5	YPM-IZ-111736	route-by-mapping (Nanomia)	route-by-mapping	/gpfs/ycga/work/dunn/cwd7/databases/refgenomes/nanomia_septata/nanomia_septata.fasta	D325-SS12, #9	NE Pacific	California	36.600636, -122.376887	2011-12-02	SRR33215985	New	2	/gpfs/ycga/work/dunn/sequences/illumina/Nanomia_novaseq/Sample_WS5_179_014
DS2	WS6	YPM-IZ-111737	route-by-mapping (Nanomia)	route-by-mapping	/gpfs/ycga/work/dunn/cwd7/databases/refgenomes/nanomia_septata/nanomia_septata.fasta	D326-SS1, #28	NE Pacific	California	36.071808, -122.282111	2011-12-03	SRR33215984	New	2	/gpfs/ycga/work/dunn/sequences/illumina/Nanomia_novaseq/Sample_WS6_190_003
DS2	WS7	YPM-IZ-111738	route-by-mapping (Nanomia)	route-by-mapping	/gpfs/ycga/work/dunn/cwd7/databases/refgenomes/nanomia_septata/nanomia_septata.fasta	D331-SS5a, #136	NE Pacific	California	36.699365, -122.101074	2011-12-07	SRR33215973	New	2	/gpfs/ycga/work/dunn/sequences/illumina/Nanomia_novaseq/Sample_WS7_167_026
DS2	WS8	YPM-IZ-111739	route-by-mapping (Nanomia)	route-by-mapping	/gpfs/ycga/work/dunn/cwd7/databases/refgenomes/nanomia_septata/nanomia_septata.fasta	D500-SS12, #190	NE Pacific	California	36.647412, -122.113209	2013-07-15	SRR33215972	New	2	/gpfs/ycga/work/dunn/sequences/illumina/Nanomia_novaseq/Sample_WS8_155_038
DS2	WS9	YPM-IZ-107008	route-by-mapping (Nanomia)	route-by-mapping	/gpfs/ycga/work/dunn/cwd7/databases/refgenomes/nanomia_septata/nanomia_septata.fasta	D614-SS12, #225	NE Pacific	California	35.520, -122.5239	2014-05-22	SRR33215971	New	2	/gpfs/ycga/work/dunn/sequences/illumina/Nanomia_novaseq/Sample_WS9_178_015
