library_id	original_label	r1_paths
Church2025:OA-190531-1	OA-190531-1	/gpfs/ycga/work/dunn/sequences/illumina/physalia_novaseq2_2023/Sample_190531_FD09253810/HYGF2CCXY_1_190531_FD09253810_Other__R_190530_SAMROS_DNA_M001_R1.fastq.gz;/gpfs/ycga/work/dunn/sequences/illumina/physalia_novaseq2_2023/Sample_190531_FD09253810/HYGF2CCXY_2_190531_FD09253810_Other__R_190530_SAMROS_DNA_M001_R1.fastq.gz;/gpfs/ycga/work/dunn/sequences/illumina/physalia_novaseq2_2023/Sample_190531_FD09253810/HYGF2CCXY_3_190531_FD09253810_Other__R_190530_SAMROS_DNA_M001_R1.fastq.gz
Church2025:OA-Bluebottle	OA-Bluebottle	/vast/palmer/pi/dunn/sc2962/physalia_genome_assemblies/2023_physalia_pacfic_genome/GON10891/GON10891A1/BluebottleDNA_S1_L001_R1_001.fastq.gz
Church2025:YPM-IZ-104465	YPM-IZ-104465	/gpfs/ycga/work/dunn/sequences/illumina/Novaseq_siphgenomes/Sample_NA22_176_017/NA22_176_017_S7_L002_R1_001.fastq.gz
Church2025:YPM-IZ-110434	YPM-IZ-110434	/gpfs/ycga/work/dunn/sequences/illumina/S2_assorted_samples_skimming_2024/Sample_YPM-IZ-110434_102_091/YPM-IZ-110434_102_091_S110_L001_R1_001.fastq.gz
Church2025:YPM-IZ-110436	YPM-IZ-110436	/gpfs/ycga/work/dunn/sequences/illumina/S2_assorted_samples_skimming_2024/Sample_YPM-IZ-110436_185_008/YPM-IZ-110436_185_008_S111_L001_R1_001.fastq.gz
Church2025:YPM-IZ-111241	YPM-IZ-111241	/gpfs/ycga/work/dunn/sequences/illumina/S2_additional_samples_skimming_2024/Sample_111241_129_064/111241_129_064_S12_L002_R1_001.fastq.gz;/gpfs/ycga/work/dunn/sequences/illumina/S2_additional_samples_skimming_2024/Sample_111241_129_064/combined_R1.fastq.gz;/gpfs/ycga/work/dunn/sequences/illumina/S2_additional_samples_skimming_2024/Sample_111241_129_064_mzvihe/111241_129_064_S20_L006_R1_001.fastq.gz
Church2025:YPM-IZ-111243	YPM-IZ-111243	/gpfs/ycga/work/dunn/sequences/illumina/S2_additional_samples_skimming_2024/Sample_111243_153_040/111243_153_040_S10_L002_R1_001.fastq.gz;/gpfs/ycga/work/dunn/sequences/illumina/S2_additional_samples_skimming_2024/Sample_111243_153_040/combined_R1.fastq.gz;/gpfs/ycga/work/dunn/sequences/illumina/S2_additional_samples_skimming_2024/Sample_111243_153_040_pzscdl/111243_153_040_S19_L006_R1_001.fastq.gz
Church2025:YPM-IZ-111495	YPM-IZ-111495	/gpfs/ycga/work/dunn/sequences/illumina/S2_additional_samples_skimming_2024/Sample_111495_165_028/111495_165_028_S9_L002_R1_001.fastq.gz;/gpfs/ycga/work/dunn/sequences/illumina/S2_additional_samples_skimming_2024/Sample_111495_165_028/combined_R1.fastq.gz;/gpfs/ycga/work/dunn/sequences/illumina/S2_additional_samples_skimming_2024/Sample_111495_165_028_zfzhfg/111495_165_028_S18_L006_R1_001.fastq.gz
Church2025:YPM-IZ-111513	YPM-IZ-111513	/gpfs/ycga/work/dunn/sequences/illumina/S2_additional_samples_skimming_2024/Sample_111513_177_016/111513_177_016_S8_L002_R1_001.fastq.gz;/gpfs/ycga/work/dunn/sequences/illumina/S2_additional_samples_skimming_2024/Sample_111513_177_016/combined_R1.fastq.gz;/gpfs/ycga/work/dunn/sequences/illumina/S2_additional_samples_skimming_2024/Sample_111513_177_016_davwdh/111513_177_016_S17_L006_R1_001.fastq.gz
Church2025:YPM-IZ-111514	YPM-IZ-111514	/gpfs/ycga/work/dunn/sequences/illumina/physalia_novaseq9_2023/Sample_111514_147_046/111514_147_046_S32_L002_R1_001.fastq.gz;/gpfs/ycga/work/dunn/sequences/illumina/physalia_novaseq9_2023/Sample_111514_147_046/combined_R1.fastq.gz;/gpfs/ycga/work/dunn/sequences/illumina/physalia_novaseq9_2023/Sample_111514_147_046_btgeyv/111514_147_046_S92_L007_R1_001.fastq.gz
Church2025:YPM-IZ-111517	YPM-IZ-111517	/gpfs/ycga/work/dunn/sequences/illumina/physalia_novaseq9_2023/Sample_YPM-IZ-111517_116_077/YPM-IZ-111517_116_077_S57_L008_R1_001.fastq.gz
Church2025:YPM-IZ-111518	YPM-IZ-111518	/gpfs/ycga/work/dunn/sequences/illumina/physalia_novaseq9_2023/Sample_YPM-IZ-111518_104_089/YPM-IZ-111518_104_089_S58_L008_R1_001.fastq.gz
Church2025:YPM-IZ-111519	YPM-IZ-111519	/gpfs/ycga/work/dunn/sequences/illumina/physalia_novaseq9_2023/Sample_111519_135_058/111519_135_058_S33_L002_R1_001.fastq.gz
Church2025:YPM-IZ-111520	YPM-IZ-111520	/gpfs/ycga/work/dunn/sequences/illumina/physalia_novaseq9_2023/Sample_YPM-IZ-111520_187_006/YPM-IZ-111520_187_006_S59_L008_R1_001.fastq.gz
Church2025:YPM-IZ-111521	YPM-IZ-111521	/gpfs/ycga/work/dunn/sequences/illumina/physalia_novaseq9_2023/Sample_YPM-IZ-111521_175_018/YPM-IZ-111521_175_018_S60_L008_R1_001.fastq.gz
Church2025:YPM-IZ-111529	YPM-IZ-111529	/gpfs/ycga/work/dunn/sequences/illumina/physalia_novaseq9_2023/Sample_YPM-IZ-111529_163_030/YPM-IZ-111529_163_030_S61_L008_R1_001.fastq.gz
Church2025:YPM-IZ-111530	YPM-IZ-111530	/gpfs/ycga/work/dunn/sequences/illumina/physalia_novaseq9_2023/Sample_YPM-IZ-111530_151_042/YPM-IZ-111530_151_042_S62_L008_R1_001.fastq.gz
Church2025:YPM-IZ-111539	YPM-IZ-111539	/gpfs/ycga/work/dunn/sequences/illumina/physalia_novaseq9_2023/Sample_YPM-IZ-111539_139_054/YPM-IZ-111539_139_054_S63_L008_R1_001.fastq.gz
Church2025:YPM-IZ-111547	YPM-IZ-111547	/gpfs/ycga/work/dunn/sequences/illumina/S2_additional_samples_skimming_2024/Sample_111547_141_052/111547_141_052_S11_L002_R1_001.fastq.gz
Church2025:YPM-IZ-111839	YPM-IZ-111839	/gpfs/ycga/work/dunn/sequences/illumina/physalia_novaseq9_2023/Sample_S238-015_102_091/S238-015_102_091_S2_L008_R1_001.fastq.gz
Church2025:YPM-IZ-111840	YPM-IZ-111840	/gpfs/ycga/work/dunn/sequences/illumina/physalia_novaseq9_2023/Sample_S238-013_114_079/S238-013_114_079_S1_L008_R1_001.fastq.gz
