host	libraries	Church2025	Ahuja2024	Ahuja2026
Physalia utriculus	64	64	0	0
Physalia physalis	37	37	0	0
Physalia megalista	26	26	0	0
Physalia minuta	19	19	0	0
Nanomia septata	10	0	0	10
Nanomia sp.	7	0	0	7
Nanomia bijuga	5	0	1	4
Physalia sp1	5	5	0	0
Agalma elegans	2	0	2	0
Halistemma rubrum	2	0	2	0
Resomia ornicephala	2	0	2	0
Abylopsis tetragona	1	0	1	0
Agalma clausi	1	0	1	0
Agalma okenii	1	0	1	0
Apolemia rubriversa	1	0	1	0
Apolemia sp. 3 CWD-2005	1	0	1	0
Bargmannia elongata	1	0	1	0
Bargmannia lata	1	0	1	0
Chelophyes appendiculata	1	0	1	0
Chuniphyes multidentata	1	0	1	0
Cordagalma	1	0	1	0
Craseoa lathetica	1	0	1	0
Diphyes dispar	1	0	1	0
Erenna sirena	1	0	1	0
Forskalia	1	0	1	0
Frillagalma vityazi	1	0	1	0
Gymnopraia lapislazula	1	0	1	0
Hippopodius hippopus	1	0	1	0
Lilyopsis fluoracantha	1	0	1	0
Physonectae	1	0	1	0
Praya	1	0	1	0
Praya dubia	1	0	1	0
Rhizophysa eysenhardtii	1	0	1	0
Rhizophysa filiformis	1	0	1	0
Rosacea flaccida	1	0	1	0
Stephalia dilata	1	0	1	0
Stephanomia amphytridis	1	0	1	0
