library_id	specimen_id	study	study_memberships	species_current	species_as_published	ocean_region	locality	latitude	longitude	collection_date	depth_m	depth_min_m	depth_max_m	depth_original	collection_depth_source	collection_depth_basis	biosample	collection_method	tissue	life_stage	country	specimen_voucher	sra_run	bioproject	sequencing_batches	read_pairs	include_primary	notes
Church2025:FM-16644	FM-16644	Church2025	Church2025	Physalia physalis	Physalia physalis	NE Atlantic	Canary Islands	28.59194	-17.92091	2023-05-14	0				docs/metadata_depth_conventions.md	curator_assigned_surface	SAMN40621277		tentacle		Spain		SRR28498736	PRJNA1092115	LH00309:40:22CMVKLT3:L004	143590741	true	cluster=A
Church2025:NIWA-173304	NIWA-173304	Church2025	Church2025	Physalia minuta	Physalia minuta	SW Pacific	New Zealand	-36.89515	174.443889	2024-03-15	0				docs/metadata_depth_conventions.md	curator_assigned_surface	SAMN41900828		tentacle		New Zealand		SRR29478749	PRJNA1092115	LH00309:191:227L7FLT4:L002;LH00309:195:227FKVLT4:L005	98500887	true	cluster=C2
Church2025:NIWA-173305	NIWA-173305	Church2025	Church2025	Physalia minuta	Physalia minuta	SW Pacific	New Zealand	-36.89515	174.443889	2024-03-15	0				docs/metadata_depth_conventions.md	curator_assigned_surface	SAMN41900829		tentacle		New Zealand		SRR29478748	PRJNA1092115	LH00309:204:227MGJLT4:L003	109283910	true	cluster=C2
Church2025:OA-190531-1	OA-190531-1	Church2025	Church2025	Physalia utriculus	Physalia utriculus	SW Pacific	New South Wales	-33.8915	151.2767	2019-12-15	0				docs/metadata_depth_conventions.md	curator_assigned_surface								PRJNA1092115	ST-E00199:415:HYGF2CCXY:L001;ST-E00199:415:HYGF2CCXY:L002;ST-E00199:415:HYGF2CCXY:L003	1184426675	true	cluster=B1; submitted to PRJNA1092115, not yet released by NCBI
Church2025:OA-Bluebottle	OA-Bluebottle	Church2025	Church2025	Physalia utriculus	Physalia utriculus	SW Pacific	New South Wales	-33.9203	151.2581	2022-01-01	0				docs/metadata_depth_conventions.md	curator_assigned_surface								PRJNA1092115	A00152:671:HKTT5DRX2:L001	393864449	true	cluster=B1; submitted to PRJNA1092115, not yet released by NCBI
Church2025:TMAG-K5632	TMAG-K5632	Church2025	Church2025	Physalia megalista	Physalia megalista	SW Pacific	Tasmania	-41.8639	148.2865	2023-01-14	0				docs/metadata_depth_conventions.md	curator_assigned_surface	SAMN40621278		tentacle		Australia		SRR28498728	PRJNA1092115	A00124:638:H5N7GDSX7:L003;A01519:389:HMGLFDSX7:L001	255466214	true	cluster=C1
Church2025:TMAG-K5633	TMAG-K5633	Church2025	Church2025	Physalia minuta	Physalia minuta	SW Pacific	Tasmania	-41.8639	148.2865	2023-01-14	0				docs/metadata_depth_conventions.md	curator_assigned_surface	SAMN40621279		tentacle		Australia		SRR28498727	PRJNA1092115	A00124:638:H5N7GDSX7:L003;A01519:389:HMGLFDSX7:L001	353846682	true	cluster=C2
Church2025:TMAG-K5634	TMAG-K5634	Church2025	Church2025	Physalia minuta	Physalia minuta	SW Pacific	Tasmania	-41.8639	148.2865	2023-01-14	0				docs/metadata_depth_conventions.md	curator_assigned_surface	SAMN40621280		tentacle		Australia		SRR28498726	PRJNA1092115	A00124:638:H5N7GDSX7:L003	52936896	true	cluster=C2
Church2025:TMAG-K5635	TMAG-K5635	Church2025	Church2025	Physalia minuta	Physalia minuta	SW Pacific	Tasmania	-41.8639	148.2865	2023-01-14	0				docs/metadata_depth_conventions.md	curator_assigned_surface	SAMN40621281		tentacle		Australia		SRR28498785	PRJNA1092115	A00124:673:HFG3JDSX7:L003	152149795	true	cluster=C2
Church2025:TMAG-K5636	TMAG-K5636	Church2025	Church2025	Physalia minuta	Physalia minuta	SW Pacific	Tasmania	-41.8639	148.2865	2023-01-14	0				docs/metadata_depth_conventions.md	curator_assigned_surface	SAMN40621282		tentacle		Australia		SRR28498784	PRJNA1092115	A00124:673:HFG3JDSX7:L003	129828346	true	cluster=C2
Church2025:WAM-Z88480	WAM-Z88480	Church2025	Church2025	Physalia megalista	Physalia megalista	E Indian	Western Australia	-31.908144	115.754811	2018-08-03	0				docs/metadata_depth_conventions.md	curator_assigned_surface	SAMN40621283				Australia		SRR28498838	PRJNA1092115	LH00309:19:2273H5LT3:L002;LH00309:46:22F2CTLT3:L006	500675101	true	cluster=C1
Church2025:WAM-Z97900	WAM-Z97900	Church2025	Church2025	Physalia megalista	Physalia megalista	E Indian	Western Australia	-31.855786	115.751741	2019-04-19	0				docs/metadata_depth_conventions.md	curator_assigned_surface	SAMN40621284				Australia		SRR28498837	PRJNA1092115	LH00309:19:2273H5LT3:L002	128153778	true	cluster=C1
Church2025:WAM-Z97901	WAM-Z97901	Church2025	Church2025	Physalia megalista	Physalia megalista	E Indian	Western Australia	-31.855786	115.751741	2019-04-19	0				docs/metadata_depth_conventions.md	curator_assigned_surface	SAMN40621285				Australia		SRR28498836	PRJNA1092115	LH00309:19:2273H5LT3:L002	147160985	true	cluster=C1
Church2025:WAM-Z97902	WAM-Z97902	Church2025	Church2025	Physalia utriculus	Physalia utriculus	E Indian	Western Australia	-31.855786	115.751741	2019-04-19	0				docs/metadata_depth_conventions.md	curator_assigned_surface	SAMN40621286				Australia		SRR28498835	PRJNA1092115	LH00309:43:22CYW2LT3:L001;LH00309:43:22CYW2LT3:L002;LH00309:55:22F5W5LT3:L001	143437107	true	cluster=B1
Church2025:WAM-Z97903	WAM-Z97903	Church2025	Church2025	Physalia megalista	Physalia megalista	E Indian	Western Australia	-31.855786	115.751741	2019-04-19	0				docs/metadata_depth_conventions.md	curator_assigned_surface	SAMN40621287				Australia		SRR28498834	PRJNA1092115	LH00309:19:2273H5LT3:L002	128680152	true	cluster=C1
Church2025:WAM-Z97906	WAM-Z97906	Church2025	Church2025	Physalia megalista	Physalia megalista	E Indian	Western Australia	-31.855786	115.751741	2019-04-19	0				docs/metadata_depth_conventions.md	curator_assigned_surface	SAMN40621288				Australia		SRR28498833	PRJNA1092115	LH00309:19:2273H5LT3:L002	134733881	true	cluster=C1
Church2025:WAM-Z97907	WAM-Z97907	Church2025	Church2025	Physalia utriculus	Physalia utriculus	E Indian	Western Australia	-31.855786	115.751741	2019-04-19	0				docs/metadata_depth_conventions.md	curator_assigned_surface	SAMN40621289				Australia		SRR28498832	PRJNA1092115	LH00309:43:22CYW2LT3:L001;LH00309:43:22CYW2LT3:L002;LH00309:55:22F5W5LT3:L001	125367064	true	cluster=B1
Church2025:WAM-Z97908	WAM-Z97908	Church2025	Church2025	Physalia utriculus	Physalia utriculus	E Indian	Western Australia	-31.855786	115.751741	2019-04-19	0				docs/metadata_depth_conventions.md	curator_assigned_surface	SAMN40621290				Australia		SRR28498831	PRJNA1092115	LH00309:43:22CYW2LT3:L001;LH00309:43:22CYW2LT3:L002;LH00309:55:22F5W5LT3:L001	140252505	true	cluster=B1
Church2025:WAM-Z97910	WAM-Z97910	Church2025	Church2025	Physalia utriculus	Physalia utriculus	E Indian	Western Australia	-31.855786	115.751741	2019-04-19	0				docs/metadata_depth_conventions.md	curator_assigned_surface	SAMN40621291				Australia		SRR28498829	PRJNA1092115	LH00309:43:22CYW2LT3:L001;LH00309:43:22CYW2LT3:L002;LH00309:55:22F5W5LT3:L001	119292343	true	cluster=B1
Church2025:WAM-Z97911	WAM-Z97911	Church2025	Church2025	Physalia utriculus	Physalia utriculus	E Indian	Western Australia	-31.855786	115.751741	2019-04-19	0				docs/metadata_depth_conventions.md	curator_assigned_surface	SAMN40621292				Australia		SRR28498828	PRJNA1092115	LH00309:43:22CYW2LT3:L001;LH00309:43:22CYW2LT3:L002;LH00309:55:22F5W5LT3:L001	134756668	true	cluster=B1
Church2025:WAM-Z97914	WAM-Z97914	Church2025	Church2025	Physalia utriculus	Physalia utriculus	E Indian	Western Australia	-31.855786	115.751741	2019-04-19	0				docs/metadata_depth_conventions.md	curator_assigned_surface	SAMN40621293				Australia		SRR28498827	PRJNA1092115	LH00309:43:22CYW2LT3:L003;LH00309:43:22CYW2LT3:L004;LH00309:55:22F5W5LT3:L001	131236887	true	cluster=B1
Church2025:WAM-Z97916	WAM-Z97916	Church2025	Church2025	Physalia utriculus	Physalia utriculus	E Indian	Western Australia	-31.855786	115.751741	2019-04-19	0				docs/metadata_depth_conventions.md	curator_assigned_surface	SAMN40621294				Australia		SRR28498826	PRJNA1092115	LH00309:43:22CYW2LT3:L003;LH00309:43:22CYW2LT3:L004;LH00309:55:22F5W5LT3:L001	125969020	true	cluster=B1
Church2025:WAM-Z97917	WAM-Z97917	Church2025	Church2025	Physalia utriculus	Physalia utriculus	SW Pacific	New South Wales	-33.787002	151.288609	2019-01-18	0				docs/metadata_depth_conventions.md	curator_assigned_surface	SAMN40621295				Australia		SRR28498825	PRJNA1092115	LH00309:40:22CMVKLT3:L004	197086730	true	cluster=B1
Church2025:WAM-Z97920	WAM-Z97920	Church2025	Church2025	Physalia megalista	Physalia megalista	SW Pacific	New South Wales	-33.987424	151.231329	2018-02-05	0				docs/metadata_depth_conventions.md	curator_assigned_surface	SAMN40621296				Australia		SRR28498824	PRJNA1092115	LH00309:19:2273H5LT3:L003	190158822	true	cluster=C1
Church2025:WAM-Z97921	WAM-Z97921	Church2025	Church2025	Physalia utriculus	Physalia utriculus	SW Pacific	Queensland	-26.784003	153.140596	2019-01-19	0				docs/metadata_depth_conventions.md	curator_assigned_surface	SAMN40621297				Australia		SRR28498823	PRJNA1092115	LH00309:19:2273H5LT3:L003	179893462	true	cluster=B1
Church2025:WAM-Z97923	WAM-Z97923	Church2025	Church2025	Physalia utriculus	Physalia utriculus	SW Pacific	Queensland	-26.784003	153.140596	2019-01-19	0				docs/metadata_depth_conventions.md	curator_assigned_surface	SAMN40621298				Australia		SRR28498822	PRJNA1092115	LH00309:43:22CYW2LT3:L003;LH00309:43:22CYW2LT3:L004;LH00309:55:22F5W5LT3:L001	149012411	true	cluster=B1
Church2025:YPM-IZ-104460	YPM:IZ:104460	Church2025	Church2025	Physalia utriculus	Physalia utriculus	NW Pacific	Guam	13.427861	144.798518	2018-11-23	0				docs/metadata_depth_conventions.md	curator_assigned_surface	SAMN40621299		tentacle		Guam		SRR28498735	PRJNA1092115	A01519:271:HWW7GDSX5:L001	71868159	true	cluster=B1
Church2025:YPM-IZ-104461	YPM:IZ:104461	Church2025	Church2025	Physalia utriculus	Physalia utriculus	NW Pacific	Guam	13.427861	144.798518	2018-11-23	0				docs/metadata_depth_conventions.md	curator_assigned_surface	SAMN40621300		tentacle		Guam		SRR28498734	PRJNA1092115	A01519:271:HWW7GDSX5:L001	51036101	true	cluster=B1
Church2025:YPM-IZ-104464	YPM:IZ:104464	Church2025	Church2025	Physalia utriculus	Physalia utriculus	NW Pacific	Guam	13.427861	144.798518	2018-11-23	0				docs/metadata_depth_conventions.md	curator_assigned_surface	SAMN40621301		tentacle		Guam		SRR28498783	PRJNA1092115	A01519:212:HHKVKDSX5:L002	286006759	true	cluster=B1
Church2025:YPM-IZ-104465	YPM:IZ:104465	Church2025	Church2025;Ahuja2024	Physalia utriculus	Physalia utriculus	NW Pacific	Guam	13.427861	144.798518	2018-11-23	0			0 meters	data/sources/Ahuja2024_Supplementary_Table_1.xlsx#Invertebrate.1.0!P38 | https://www.ncbi.nlm.nih.gov/biosample/SAMN32803051	source_record	SAMN32803051		corm			YPM:IZ:104465	SRR23143271	PRJNA1092115;PRJNA925656	A01519:212:HHKVKDSX5:L002	670929213	true	cluster=B1; submitted to PRJNA1092115, not yet released by NCBI; also Ahuja2024:NA22
Church2025:YPM-IZ-106919	YPM:IZ:106919	Church2025	Church2025	Physalia utriculus	Physalia utriculus	NW Pacific	Japan	35.30739	139.480651	2020-11-19	0				docs/metadata_depth_conventions.md	curator_assigned_surface	SAMN40621302		tentacle		Japan		SRR28498747	PRJNA1092115	A01519:271:HWW7GDSX5:L001	81700526	true	cluster=B1
Church2025:YPM-IZ-106920	YPM:IZ:106920	Church2025	Church2025	Physalia utriculus	Physalia utriculus	NW Pacific	Japan	35.30739	139.480651	2020-11-19	0				docs/metadata_depth_conventions.md	curator_assigned_surface	SAMN40621303		tentacle		Japan		SRR28498746	PRJNA1092115	A00124:569:HCTNWDSX5:L004	252221313	true	cluster=B1
Church2025:YPM-IZ-106923	YPM:IZ:106923	Church2025	Church2025	Physalia utriculus	Physalia utriculus	NW Pacific	Japan	35.30739	139.480651	2020-11-19	0				docs/metadata_depth_conventions.md	curator_assigned_surface	SAMN40621304		tentacle		Japan		SRR28498740	PRJNA1092115	A00124:569:HCTNWDSX5:L004	248533295	true	cluster=B1
Church2025:YPM-IZ-106935	YPM:IZ:106935	Church2025	Church2025	Physalia physalis	Physalia physalis	Gulf of Mexico	Texas	29.19532	-94.8429383	2016-03-02	0				docs/metadata_depth_conventions.md	curator_assigned_surface	SAMN40621305		tentacle		USA		SRR28498749	PRJNA1092115	A01519:271:HWW7GDSX5:L001	87054300	true	cluster=A
Church2025:YPM-IZ-106936	YPM:IZ:106936	Church2025	Church2025	Physalia physalis	Physalia physalis	Gulf of Mexico	Texas	29.19532	-94.8429383	2016-03-03	0				docs/metadata_depth_conventions.md	curator_assigned_surface	SAMN40621306		tentacle		USA		SRR28498745	PRJNA1092115	A01519:271:HWW7GDSX5:L001	83195363	true	cluster=A
Church2025:YPM-IZ-106937	YPM:IZ:106937	Church2025	Church2025	Physalia physalis	Physalia physalis	Gulf of Mexico	Texas	29.19532	-94.8429383	2016-03-03	0				docs/metadata_depth_conventions.md	curator_assigned_surface	SAMN40621307		tentacle		USA		SRR28498743	PRJNA1092115	A01519:271:HWW7GDSX5:L001	81902636	true	cluster=A
Church2025:YPM-IZ-106941	YPM:IZ:106941	Church2025	Church2025	Physalia physalis	Physalia physalis	NW Atlantic	Bermuda	32.323333	-64.6563	2019-05-18	0				docs/metadata_depth_conventions.md	curator_assigned_surface	SAMN40621308		tentacle		Bermuda		SRR28498742	PRJNA1092115	A01519:271:HWW7GDSX5:L001	68760656	true	cluster=A
Church2025:YPM-IZ-106943	YPM:IZ:106943	Church2025	Church2025	Physalia physalis	Physalia physalis	NW Atlantic	Bermuda	32.341117	-64.669133	2019-05-18	0				docs/metadata_depth_conventions.md	curator_assigned_surface	SAMN40621309		tentacle		Bermuda		SRR28498741	PRJNA1092115	A00124:569:HCTNWDSX5:L004	270656924	true	cluster=A
Church2025:YPM-IZ-106954	YPM:IZ:106954	Church2025	Church2025	Physalia physalis	Physalia physalis	NW Atlantic	Bermuda	32.367233	-64.71455	2019-05-20	0				docs/metadata_depth_conventions.md	curator_assigned_surface	SAMN40621310		tentacle		Bermuda		SRR28498738	PRJNA1092115	A00124:569:HCTNWDSX5:L004	344905418	true	cluster=A
Church2025:YPM-IZ-106958	YPM:IZ:106958	Church2025	Church2025	Physalia physalis	Physalia physalis	Gulf of Mexico	Texas	29.19532	-94.842938	2017-03-18	0				docs/metadata_depth_conventions.md	curator_assigned_surface	SAMN40621311		tentacle		USA		SRR28498739	PRJNA1092115	A01519:271:HWW7GDSX5:L001	69835975	true	cluster=A
Church2025:YPM-IZ-110251	YPM:IZ:110251	Church2025	Church2025	Physalia physalis	Physalia physalis	NW Atlantic	Florida	25.73706	-80.15279	2022-12-22	0				docs/metadata_depth_conventions.md	curator_assigned_surface	SAMN40621312		tentacle		USA		SRR28498840	PRJNA1092115	A00124:569:HCTNWDSX5:L004	278556070	true	cluster=A
Church2025:YPM-IZ-110254	YPM:IZ:110254	Church2025	Church2025	Physalia physalis	Physalia physalis	NW Atlantic	Florida	25.73647	-80.1535	2022-12-22	0				docs/metadata_depth_conventions.md	curator_assigned_surface	SAMN40621313		tentacle		USA		SRR28498839	PRJNA1092115	A00124:569:HCTNWDSX5:L004	321316617	true	cluster=A
Church2025:YPM-IZ-110264	YPM:IZ:110264	Church2025	Church2025	Physalia utriculus	Physalia utriculus	Central Pacific	Hawai'i	22.069018	-159.316685	2022-10-31	0				docs/metadata_depth_conventions.md	curator_assigned_surface	SAMN40621314		tentacle		USA		SRR28498843	PRJNA1092115	A01519:271:HWW7GDSX5:L001	83198814	true	cluster=B1
Church2025:YPM-IZ-110268	YPM:IZ:110268	Church2025	Church2025	Physalia utriculus	Physalia utriculus	Central Pacific	Hawai'i	22.069018	-159.316685	2022-11-04	0				docs/metadata_depth_conventions.md	curator_assigned_surface	SAMN40621315		tentacle		USA		SRR28498842	PRJNA1092115	A01519:271:HWW7GDSX5:L001	77167007	true	cluster=B1
Church2025:YPM-IZ-110269	YPM:IZ:110269	Church2025	Church2025	Physalia utriculus	Physalia utriculus	Central Pacific	Hawai'i	22.069018	-159.316685	2022-11-04	0				docs/metadata_depth_conventions.md	curator_assigned_surface	SAMN40621316		tentacle		USA		SRR28498813	PRJNA1092115	A01519:271:HWW7GDSX5:L001;A01519:311:H7FM5DSX7:L004	504360146	true	cluster=B1
Church2025:YPM-IZ-110276	YPM:IZ:110276	Church2025	Church2025	Physalia utriculus	Physalia utriculus	Central Pacific	Hawai'i	20.9225222	-156.4926917	2022-11-19	0				docs/metadata_depth_conventions.md	curator_assigned_surface	SAMN40621317		tentacle		USA		SRR28498802	PRJNA1092115	A01519:271:HWW7GDSX5:L001	83776156	true	cluster=B1
Church2025:YPM-IZ-110277	YPM:IZ:110277	Church2025	Church2025	Physalia utriculus	Physalia utriculus	Central Pacific	Hawai'i	20.9225222	-156.4926917	2022-11-19	0				docs/metadata_depth_conventions.md	curator_assigned_surface	SAMN40621318		tentacle		USA		SRR28498791	PRJNA1092115	A01519:271:HWW7GDSX5:L001	78222031	true	cluster=B1
Church2025:YPM-IZ-110278	YPM:IZ:110278	Church2025	Church2025	Physalia utriculus	Physalia utriculus	Central Pacific	Hawai'i	20.9225222	-156.4926917	2022-11-19	0				docs/metadata_depth_conventions.md	curator_assigned_surface	SAMN40621319		tentacle		USA		SRR28498777	PRJNA1092115	A01519:271:HWW7GDSX5:L001	71073555	true	cluster=B1
Church2025:YPM-IZ-110433	YPM:IZ:110433	Church2025	Church2025	Physalia physalis	Physalia physalis	NW Atlantic	Florida	25.74163	-80.175194	2023-03-14	0				docs/metadata_depth_conventions.md	curator_assigned_surface	SAMN40621320		tentacle		USA		SRR28498766	PRJNA1092115	A00124:624:HWVLCDSX5:L002	76049548	true	cluster=A
Church2025:YPM-IZ-110434	YPM:IZ:110434	Church2025	Church2025	Physalia physalis	Physalia physalis	NW Atlantic	Florida	25.74163	-80.175194	2023-03-14	0				docs/metadata_depth_conventions.md	curator_assigned_surface								PRJNA1092115	LH00309:212:22CMLKLT3:L001	437442538	true	cluster=A; submitted to PRJNA1092115, not yet released by NCBI
Church2025:YPM-IZ-110436	YPM:IZ:110436	Church2025	Church2025	Physalia physalis	Physalia physalis	NW Atlantic	Florida	25.70536	-80.15281	2023-03-16	0				docs/metadata_depth_conventions.md	curator_assigned_surface								PRJNA1092115	LH00309:212:22CMLKLT3:L001	319874984	true	cluster=A; submitted to PRJNA1092115, not yet released by NCBI
Church2025:YPM-IZ-110438	YPM:IZ:110438	Church2025	Church2025	Physalia physalis	Physalia physalis	Gulf of Mexico	Texas	28.989194	-95.237778	2023-03-24	0				docs/metadata_depth_conventions.md	curator_assigned_surface	SAMN40621321		tentacle		USA		SRR28498755	PRJNA1092115	A00124:624:HWVLCDSX5:L002	62342188	true	cluster=A
Church2025:YPM-IZ-110443	YPM:IZ:110443	Church2025	Church2025	Physalia physalis	Physalia physalis	Gulf of Mexico	Texas	28.951778	-95.283167	2023-03-24	0				docs/metadata_depth_conventions.md	curator_assigned_surface	SAMN40621322		tentacle		USA		SRR28498744	PRJNA1092115	A00124:624:HWVLCDSX5:L002	48458911	true	cluster=A
Church2025:YPM-IZ-110460	YPM:IZ:110460	Church2025	Church2025	Physalia utriculus	Physalia utriculus	Central Pacific	Hawai'i	21.40079	-157.7345	2022-11-14	0				docs/metadata_depth_conventions.md	curator_assigned_surface	SAMN40621323		tentacle		USA		SRR28498733	PRJNA1092115	A00124:672:HGYTLDSX7:L001	121108532	true	cluster=B1
Church2025:YPM-IZ-110467	YPM:IZ:110467	Church2025	Church2025	Physalia minuta	Physalia minuta	SW Pacific	New Zealand	-41.330278	174.831944	2023-02-16	0				docs/metadata_depth_conventions.md	curator_assigned_surface	SAMN40621324		tentacle		New Zealand		SRR28498841	PRJNA1092115	A00124:624:HWVLCDSX5:L002	63747309	true	cluster=C2
Church2025:YPM-IZ-110468	YPM:IZ:110468	Church2025	Church2025	Physalia minuta	Physalia minuta	SW Pacific	New Zealand	-41.33	174.833056	2023-02-16	0				docs/metadata_depth_conventions.md	curator_assigned_surface	SAMN40621325		tentacle		New Zealand		SRR28498830	PRJNA1092115	A00124:624:HWVLCDSX5:L002	60435790	true	cluster=C2
Church2025:YPM-IZ-110469	YPM:IZ:110469	Church2025	Church2025	Physalia minuta	Physalia minuta	SW Pacific	New Zealand	-41.33	174.833056	2023-02-16	0				docs/metadata_depth_conventions.md	curator_assigned_surface	SAMN40621326		tentacle		New Zealand		SRR28498821	PRJNA1092115	A00124:624:HWVLCDSX5:L002;A01519:311:H7FM5DSX7:L004	523873937	true	cluster=C2
Church2025:YPM-IZ-110470	YPM:IZ:110470	Church2025	Church2025	Physalia minuta	Physalia minuta	SW Pacific	New Zealand	-41.33	174.833056	2023-02-16	0				docs/metadata_depth_conventions.md	curator_assigned_surface	SAMN40621327		zooid		New Zealand		SRR28498820	PRJNA1092115	A00124:672:HGYTLDSX7:L001	128832589	true	cluster=C2
Church2025:YPM-IZ-110471	YPM:IZ:110471	Church2025	Church2025	Physalia utriculus	Physalia utriculus	Central Pacific	Hawai'i	21.40079	-157.7345	2023-04-09	0				docs/metadata_depth_conventions.md	curator_assigned_surface	SAMN40621328		tentacle		USA		SRR28498819	PRJNA1092115	A00124:624:HWVLCDSX5:L002	68067007	true	cluster=B1
Church2025:YPM-IZ-110473	YPM:IZ:110473	Church2025	Church2025	Physalia utriculus	Physalia utriculus	Central Pacific	Hawai'i	21.40079	-157.7345	2023-04-09	0				docs/metadata_depth_conventions.md	curator_assigned_surface	SAMN40621329		tentacle		USA		SRR28498818	PRJNA1092115	A00124:673:HFG3JDSX7:L003	126934990	true	cluster=B1
Church2025:YPM-IZ-110474	YPM:IZ:110474	Church2025	Church2025	Physalia utriculus	Physalia utriculus	Central Pacific	Hawai'i	21.4546	-157.7485	2023-04-04	0				docs/metadata_depth_conventions.md	curator_assigned_surface	SAMN40621330		tentacle		USA		SRR28498817	PRJNA1092115	A00124:624:HWVLCDSX5:L002	56382015	true	cluster=B1
Church2025:YPM-IZ-110480	YPM:IZ:110480	Church2025	Church2025	Physalia utriculus	Physalia utriculus	Central Pacific	Hawai'i	21.4546	-157.7485	2023-04-06	0				docs/metadata_depth_conventions.md	curator_assigned_surface	SAMN40621331		tentacle		USA		SRR28498816	PRJNA1092115	A00124:624:HWVLCDSX5:L002	70060995	true	cluster=B1
Church2025:YPM-IZ-110515	YPM:IZ:110515	Church2025	Church2025	Physalia utriculus	Physalia utriculus	SW Pacific	New South Wales	-33.9475	151.257361	2023-02-09	0				docs/metadata_depth_conventions.md	curator_assigned_surface	SAMN40621332		tentacle		Australia		SRR28498815	PRJNA1092115	A00124:672:HGYTLDSX7:L001	186409183	true	cluster=B1
Church2025:YPM-IZ-110520	YPM:IZ:110520	Church2025	Church2025	Physalia utriculus	Physalia utriculus	SW Pacific	New South Wales	-33.9475	151.257361	2023-02-19	0				docs/metadata_depth_conventions.md	curator_assigned_surface	SAMN40621333		tentacle		Australia		SRR28498814	PRJNA1092115	A00124:672:HGYTLDSX7:L001	161040173	true	cluster=B1
Church2025:YPM-IZ-110526	YPM:IZ:110526	Church2025	Church2025	Physalia utriculus	Physalia utriculus	SW Pacific	New South Wales	-33.9475	151.257361	2023-04-23	0				docs/metadata_depth_conventions.md	curator_assigned_surface	SAMN40621334		tentacle		Australia		SRR28498812	PRJNA1092115	A00124:672:HGYTLDSX7:L001	116706599	true	cluster=B1
Church2025:YPM-IZ-110556	YPM:IZ:110556	Church2025	Church2025	Physalia minuta	Physalia minuta	SW Pacific	Tasmania	-41.996839	148.284729	2022-12-25	0				docs/metadata_depth_conventions.md	curator_assigned_surface	SAMN40621335		tentacle		Australia		SRR28498811	PRJNA1092115	A00124:672:HGYTLDSX7:L001;A01519:389:HMGLFDSX7:L001	337317962	true	cluster=C2
Church2025:YPM-IZ-110557	YPM:IZ:110557	Church2025	Church2025	Physalia minuta	Physalia minuta	SW Pacific	Tasmania	-41.996839	148.284729	2022-12-25	0				docs/metadata_depth_conventions.md	curator_assigned_surface	SAMN40621336		tentacle		Australia		SRR28498810	PRJNA1092115	A00124:672:HGYTLDSX7:L001	143079407	true	cluster=C2
Church2025:YPM-IZ-110558	YPM:IZ:110558	Church2025	Church2025	Physalia minuta	Physalia minuta	SW Pacific	Tasmania	-41.996839	148.284729	2022-12-25	0				docs/metadata_depth_conventions.md	curator_assigned_surface	SAMN40621337		tentacle		Australia		SRR28498809	PRJNA1092115	A00124:672:HGYTLDSX7:L001	102359020	true	cluster=C2
Church2025:YPM-IZ-110566	YPM:IZ:110566	Church2025	Church2025	Physalia utriculus	Physalia utriculus	NW Pacific	Guam	13.605463	144.907196	2022-01-24	0				docs/metadata_depth_conventions.md	curator_assigned_surface	SAMN40621338		tentacle		Guam		SRR28498808	PRJNA1092115	A00124:672:HGYTLDSX7:L001	106712136	true	cluster=B1
Church2025:YPM-IZ-110569	YPM:IZ:110569	Church2025	Church2025	Physalia utriculus	Physalia utriculus	NW Pacific	Guam	13.427664	144.801336	2022-01-27	0				docs/metadata_depth_conventions.md	curator_assigned_surface	SAMN40621339		tentacle		Guam		SRR28498807	PRJNA1092115	A00124:673:HFG3JDSX7:L003	164638811	true	cluster=B1
Church2025:YPM-IZ-110600	YPM:IZ:110600	Church2025	Church2025	Physalia utriculus	Physalia utriculus	NW Pacific	Guam	13.372435	144.773357	2023-04-27	0				docs/metadata_depth_conventions.md	curator_assigned_surface	SAMN40621340		tentacle		Guam		SRR28498806	PRJNA1092115	A00124:673:HFG3JDSX7:L003	136012902	true	cluster=B1
Church2025:YPM-IZ-110602	YPM:IZ:110602	Church2025	Church2025	Physalia utriculus	Physalia utriculus	NW Pacific	Guam	13.372435	144.773357	2023-04-27	0				docs/metadata_depth_conventions.md	curator_assigned_surface	SAMN40621341		tentacle		Guam		SRR28498805	PRJNA1092115	A00124:672:HGYTLDSX7:L001	122536905	true	cluster=B1
Church2025:YPM-IZ-110605	YPM:IZ:110605	Church2025	Church2025	Physalia utriculus	Physalia utriculus	SW Pacific	Queensland	-28.089089	153.453921	2023-02-03	0				docs/metadata_depth_conventions.md	curator_assigned_surface	SAMN40621342		tentacle		Australia		SRR28498804	PRJNA1092115	A00124:672:HGYTLDSX7:L004	128365246	true	cluster=B1
Church2025:YPM-IZ-110612	YPM:IZ:110612	Church2025	Church2025	Physalia utriculus	Physalia utriculus	SW Pacific	New South Wales	-30.745087	152.995494	2023-03-26	0				docs/metadata_depth_conventions.md	curator_assigned_surface	SAMN40621343		tentacle		Australia		SRR28498803	PRJNA1092115	A00124:672:HGYTLDSX7:L004	95986812	true	cluster=B1
Church2025:YPM-IZ-110613	YPM:IZ:110613	Church2025	Church2025	Physalia utriculus	Physalia utriculus	SW Pacific	New South Wales	-30.745087	152.995494	2023-03-26	0				docs/metadata_depth_conventions.md	curator_assigned_surface	SAMN40621344		tentacle		Australia		SRR28498801	PRJNA1092115	A00124:672:HGYTLDSX7:L004	104702609	true	cluster=B1
Church2025:YPM-IZ-110616	YPM:IZ:110616	Church2025	Church2025	Physalia utriculus	Physalia utriculus	SW Pacific	New South Wales	-30.881192	153.035604	2023-03-26	0				docs/metadata_depth_conventions.md	curator_assigned_surface	SAMN40621345		tentacle		Australia		SRR28498800	PRJNA1092115	A00124:672:HGYTLDSX7:L004	107842809	true	cluster=B1
Church2025:YPM-IZ-110631	YPM:IZ:110631	Church2025	Church2025	Physalia physalis	Physalia physalis	NW Atlantic	Northeast US	41.34625	-71.67831	2023-07-14	0				docs/metadata_depth_conventions.md	curator_assigned_surface	SAMN40621346		tentacle		USA		SRR28498799	PRJNA1092115	LH00309:19:2273H5LT3:L005	131097055	true	cluster=A
Church2025:YPM-IZ-110633	YPM:IZ:110633	Church2025	Church2025	Physalia physalis	Physalia physalis	NW Atlantic	Northeast US	41.37702	-71.52782	2023-07-15	0				docs/metadata_depth_conventions.md	curator_assigned_surface	SAMN40621347		tentacle		USA		SRR28498798	PRJNA1092115	LH00309:19:2273H5LT3:L005	128163679	true	cluster=A
Church2025:YPM-IZ-110667	YPM:IZ:110667	Church2025	Church2025	Physalia physalis	Physalia physalis	NW Atlantic	Northeast US	40.85742	-71.77992	2023-07-20	0				docs/metadata_depth_conventions.md	curator_assigned_surface	SAMN40621348		tentacle		USA		SRR28498797	PRJNA1092115	LH00309:19:2273H5LT3:L005	180291625	true	cluster=A
Church2025:YPM-IZ-110694	YPM:IZ:110694	Church2025	Church2025	Physalia physalis	Physalia physalis	NW Atlantic	Northeast US	41.34499	-70.836797	2023-07-26	0				docs/metadata_depth_conventions.md	curator_assigned_surface	SAMN40621349		tentacle		USA		SRR28498796	PRJNA1092115	LH00309:40:22CMVKLT3:L004	154663510	true	cluster=A
Church2025:YPM-IZ-110716	YPM:IZ:110716	Church2025	Church2025	Physalia physalis	Physalia physalis	NE Atlantic	Spain	36.45809	-6.25268	2013-04-02	0				docs/metadata_depth_conventions.md	curator_assigned_surface	SAMN40621350		tentacle		Spain		SRR28498795	PRJNA1092115	LH00309:19:2273H5LT3:L004	186794478	true	cluster=A
Church2025:YPM-IZ-110726	YPM:IZ:110726	Church2025	Church2025	Physalia physalis	Physalia physalis	NE Atlantic	Spain	36.45809	-6.25268	2013-04-02	0				docs/metadata_depth_conventions.md	curator_assigned_surface	SAMN40621351		tentacle		Spain		SRR28498794	PRJNA1092115	LH00309:19:2273H5LT3:L004	142654142	true	cluster=A
Church2025:YPM-IZ-110738	YPM:IZ:110738	Church2025	Church2025	Physalia physalis	Physalia physalis	NE Atlantic	Spain	36.45809	-6.25268	2013-04-02	0				docs/metadata_depth_conventions.md	curator_assigned_surface	SAMN40621352		tentacle		Spain		SRR28498793	PRJNA1092115	LH00309:19:2273H5LT3:L004;LH00309:46:22F2CTLT3:L006	455993309	true	cluster=A
Church2025:YPM-IZ-110777	YPM:IZ:110777	Church2025	Church2025	Physalia utriculus	Physalia utriculus	Central Pacific	Hawai'i	21.40079	-157.7345	2023-07-19	0				docs/metadata_depth_conventions.md	curator_assigned_surface	SAMN40621353		tentacle		USA		SRR28498792	PRJNA1092115	LH00309:19:2273H5LT3:L004	183416077	true	cluster=B1
Church2025:YPM-IZ-110780	YPM:IZ:110780	Church2025	Church2025	Physalia utriculus	Physalia utriculus	Central Pacific	Hawai'i	21.40079	-157.7345	2023-07-19	0				docs/metadata_depth_conventions.md	curator_assigned_surface	SAMN40621354		tentacle		USA		SRR28498790	PRJNA1092115	LH00309:19:2273H5LT3:L005	161420127	true	cluster=B1
Church2025:YPM-IZ-110785	YPM:IZ:110785	Church2025	Church2025	Physalia utriculus	Physalia utriculus	Central Pacific	Hawai'i	21.40079	-157.7345	2023-07-21	0				docs/metadata_depth_conventions.md	curator_assigned_surface	SAMN40621355		tentacle		USA		SRR28498789	PRJNA1092115	LH00309:22:22CMVLLT3:L002	126612568	true	cluster=B1
Church2025:YPM-IZ-110786	YPM:IZ:110786	Church2025	Church2025	Physalia utriculus	Physalia utriculus	Central Pacific	Hawai'i	21.40079	-157.7345	2023-07-28	0				docs/metadata_depth_conventions.md	curator_assigned_surface	SAMN40621356		tentacle		USA		SRR28498788	PRJNA1092115	LH00309:22:22CMVLLT3:L002	185027179	true	cluster=B1
Church2025:YPM-IZ-110828	YPM:IZ:110828	Church2025	Church2025	Physalia megalista	Physalia megalista	SE Pacific	Chile	-29.9727	-71.3609	2023-07-12	0				docs/metadata_depth_conventions.md	curator_assigned_surface	SAMN40621357		tentacle		Chile		SRR28498787	PRJNA1092115	LH00309:22:22CMVLLT3:L002;LH00309:46:22F2CTLT3:L006	484852803	true	cluster=C1
Church2025:YPM-IZ-110829	YPM:IZ:110829	Church2025	Church2025	Physalia megalista	Physalia megalista	SE Pacific	Chile	-29.9727	-71.3609	2023-07-13	0				docs/metadata_depth_conventions.md	curator_assigned_surface	SAMN40621358		tentacle		Chile		SRR28498786	PRJNA1092115	LH00309:40:22CMVKLT3:L003	167270365	true	cluster=C1
Church2025:YPM-IZ-110830	YPM:IZ:110830	Church2025	Church2025	Physalia utriculus	Physalia utriculus	SW Atlantic	Uruguay	-33.7516	-53.3801	2014-02-28	0				docs/metadata_depth_conventions.md	curator_assigned_surface	SAMN40621359		tentacle		Uruguay		SRR28498782	PRJNA1092115	LH00309:40:22CMVKLT3:L003	169544103	true	cluster=B1
Church2025:YPM-IZ-110842	YPM:IZ:110842	Church2025	Church2025	Physalia physalis	Physalia physalis	NE Atlantic	Azores	38.524769	-28.625946	2019-07-18	0				docs/metadata_depth_conventions.md	curator_assigned_surface	SAMN40621360		tentacle		Portugal		SRR28498781	PRJNA1092115	LH00309:22:22CMVLLT3:L002;LH00309:46:22F2CTLT3:L006	322215642	true	cluster=A
Church2025:YPM-IZ-110843	YPM:IZ:110843	Church2025	Church2025	Physalia physalis	Physalia physalis	NE Atlantic	Azores	37.818604	-25.543635	2020-05-22	0				docs/metadata_depth_conventions.md	curator_assigned_surface	SAMN40621361		tentacle		Portugal		SRR28498780	PRJNA1092115	LH00309:22:22CMVLLT3:L002	194289265	true	cluster=A
Church2025:YPM-IZ-110844	YPM:IZ:110844	Church2025	Church2025	Physalia physalis	Physalia physalis	NE Atlantic	Azores	38.524769	-28.625946	2019-11-29	0				docs/metadata_depth_conventions.md	curator_assigned_surface	SAMN40621362		tentacle		Portugal		SRR28498779	PRJNA1092115	LH00309:22:22CMVLLT3:L002	166481102	true	cluster=A
Church2025:YPM-IZ-110845	YPM:IZ:110845	Church2025	Church2025	Physalia physalis	Physalia physalis	NE Atlantic	Azores	37.750488	-25.624447	2020-08-17	0				docs/metadata_depth_conventions.md	curator_assigned_surface	SAMN40621363		tentacle		Portugal		SRR28498778	PRJNA1092115	LH00309:22:22CMVLLT3:L002	139336399	true	cluster=A
Church2025:YPM-IZ-110846	YPM:IZ:110846	Church2025	Church2025	Physalia physalis	Physalia physalis	NE Atlantic	Azores	38.523756	-28.623767	2020-07-10	0				docs/metadata_depth_conventions.md	curator_assigned_surface	SAMN40621364		tentacle		Portugal		SRR28498776	PRJNA1092115	LH00309:19:2273H5LT3:L002	220731617	true	cluster=A
Church2025:YPM-IZ-110847	YPM:IZ:110847	Church2025	Church2025	Physalia physalis	Physalia physalis	NE Atlantic	Azores	38.542865	-28.618676	2020-07-15	0				docs/metadata_depth_conventions.md	curator_assigned_surface	SAMN40621365		tentacle		Portugal		SRR28498775	PRJNA1092115	LH00309:19:2273H5LT3:L002	164307174	true	cluster=A
Church2025:YPM-IZ-110876	YPM:IZ:110876	Church2025	Church2025	Physalia physalis	Physalia physalis	Gulf of Mexico	Texas	29.26	-94.84	2017-03-19	0				docs/metadata_depth_conventions.md	curator_assigned_surface	SAMN40621366		tentacle		USA		SRR28498748	PRJNA1092115	A01519:271:HWW7GDSX5:L001	63395814	true	cluster=A
Church2025:YPM-IZ-110877	YPM:IZ:110877	Church2025	Church2025	Physalia sp1	Physalia sp1	Gulf of California	Mexico	27.245	-111.5	2007-06-06	0				docs/metadata_depth_conventions.md	curator_assigned_surface	SAMN40621367		tentacle		Mexico		SRR28498774	PRJNA1092115	A01519:271:HWW7GDSX5:L001;A01519:311:H7FM5DSX7:L004	399257582	true	cluster=B2
Church2025:YPM-IZ-110878	YPM:IZ:110878	Church2025	Church2025	Physalia sp1	Physalia sp1	Gulf of California	Mexico	27.326667	-111.48	2006-06-09	0				docs/metadata_depth_conventions.md	curator_assigned_surface	SAMN40621368		tentacle		Mexico		SRR28498732	PRJNA1092115	LH00309:40:22CMVKLT3:L004	158402847	true	cluster=B2
Church2025:YPM-IZ-110880	YPM:IZ:110880	Church2025	Church2025	Physalia physalis	Physalia physalis	NW Atlantic	Northeast US	41.14929	-71.48114	2023-08-23	0				docs/metadata_depth_conventions.md	curator_assigned_surface	SAMN40621369		tentacle		USA		SRR28498737	PRJNA1092115	LH00309:40:22CMVKLT3:L004	174801674	true	cluster=A
Church2025:YPM-IZ-110881	YPM:IZ:110881	Church2025	Church2025	Physalia utriculus	Physalia utriculus	Central Pacific	Hawai'i	19.666667	-156.083333	2023-04-10	0				docs/metadata_depth_conventions.md	curator_assigned_surface	SAMN40621370		whole body	juvenile	USA		SRR28498731	PRJNA1092115	LH00309:19:2273H5LT3:L005	112810930	true	cluster=B1
Church2025:YPM-IZ-110882	YPM:IZ:110882	Church2025	Church2025	Physalia utriculus	Physalia utriculus	Central Pacific	Hawai'i	19.666667	-156.083333	2023-04-10	0				docs/metadata_depth_conventions.md	curator_assigned_surface	SAMN40621371		whole body	juvenile	USA		SRR28498730	PRJNA1092115	A00124:672:HGYTLDSX7:L001	120298479	true	cluster=B1
Church2025:YPM-IZ-110883	YPM:IZ:110883	Church2025	Church2025	Physalia utriculus	Physalia utriculus	Central Pacific	Hawai'i	19.666667	-156.083333	2023-04-10	0				docs/metadata_depth_conventions.md	curator_assigned_surface	SAMN40621372		whole body	juvenile	USA		SRR28498729	PRJNA1092115	LH00309:19:2273H5LT3:L005	113913469	true	cluster=B1
Church2025:YPM-IZ-110906	YPM:IZ:110906	Church2025	Church2025	Physalia utriculus	Physalia utriculus	Central Pacific	NW Hawaiian Islands	26.723056	-164.766667	2023-08-23	0				docs/metadata_depth_conventions.md	curator_assigned_surface	SAMN40621373		zooid	juvenile			SRR28498773	PRJNA1092115	LH00309:43:22CYW2LT3:L003;LH00309:43:22CYW2LT3:L004;LH00309:55:22F5W5LT3:L001	137246800	true	cluster=B1
Church2025:YPM-IZ-110907	YPM:IZ:110907	Church2025	Church2025	Physalia utriculus	Physalia utriculus	Central Pacific	NW Hawaiian Islands	26.08	-176.47	2023-08-22	0				docs/metadata_depth_conventions.md	curator_assigned_surface	SAMN40621374		zooid	juvenile			SRR28498772	PRJNA1092115	LH00309:43:22CYW2LT3:L003;LH00309:43:22CYW2LT3:L004;LH00309:55:22F5W5LT3:L001	146443421	true	cluster=B1
Church2025:YPM-IZ-110925	YPM:IZ:110925	Church2025	Church2025	Physalia utriculus	Physalia utriculus	NW Pacific	Japan	28.40478	129.454826	2023-02-04	0				docs/metadata_depth_conventions.md	curator_assigned_surface	SAMN40621375		tentacle		Japan		SRR28498771	PRJNA1092115	LH00309:109:22CJLFLT3:L004	52835261	true	cluster=B1
Church2025:YPM-IZ-110926	YPM:IZ:110926	Church2025	Church2025	Physalia utriculus	Physalia utriculus	NW Pacific	Japan	35.309561	139.47882	2023-04-10	0				docs/metadata_depth_conventions.md	curator_assigned_surface	SAMN40621376		tentacle		Japan		SRR28498770	PRJNA1092115	LH00309:109:22CJLFLT3:L004	31522905	true	cluster=B1
Church2025:YPM-IZ-110930	YPM:IZ:110930	Church2025	Church2025	Physalia utriculus	Physalia utriculus	NW Pacific	Japan	35.309561	139.47882	2023-04-30	0				docs/metadata_depth_conventions.md	curator_assigned_surface	SAMN40621377		tentacle		Japan		SRR28498769	PRJNA1092115	LH00309:109:22CJLFLT3:L004	38411205	true	cluster=B1
Church2025:YPM-IZ-110931	YPM:IZ:110931	Church2025	Church2025	Physalia sp1	Physalia sp1	NW Pacific	Japan	35.309561	139.47882	2023-05-19	0				docs/metadata_depth_conventions.md	curator_assigned_surface	SAMN40621378		tentacle		Japan		SRR28498768	PRJNA1092115	A00124:710:HMFVWDSX7:L003	158283324	true	cluster=B2
Church2025:YPM-IZ-110933	YPM:IZ:110933	Church2025	Church2025	Physalia utriculus	Physalia utriculus	NW Pacific	Japan	35.309701	139.478831	2023-07-20	0				docs/metadata_depth_conventions.md	curator_assigned_surface	SAMN40621379		tentacle		Japan		SRR28498767	PRJNA1092115	LH00309:109:22CJLFLT3:L004	68910597	true	cluster=B1
Church2025:YPM-IZ-110937	YPM:IZ:110937	Church2025	Church2025	Physalia utriculus	Physalia utriculus	NW Pacific	Japan	35.309561	139.47882	2023-07-21	0				docs/metadata_depth_conventions.md	curator_assigned_surface	SAMN40621380		tentacle		Japan		SRR28498765	PRJNA1092115	A00124:710:HMFVWDSX7:L003	177771144	true	cluster=B1
Church2025:YPM-IZ-110938	YPM:IZ:110938	Church2025	Church2025	Physalia utriculus	Physalia utriculus	NW Pacific	Japan	35.309701	139.478831	2023-09-22	0				docs/metadata_depth_conventions.md	curator_assigned_surface	SAMN40621381		tentacle		Japan		SRR28498764	PRJNA1092115	LH00309:109:22CJLFLT3:L004	71929403	true	cluster=B1
Church2025:YPM-IZ-110943	YPM:IZ:110943	Church2025	Church2025	Physalia sp1	Physalia sp1	NW Pacific	Japan	35.134935	140.284606	2023-05-19	0				docs/metadata_depth_conventions.md	curator_assigned_surface	SAMN40621382		tentacle		Japan		SRR28498763	PRJNA1092115	LH00309:109:22CJLFLT3:L004	74462768	true	cluster=B2
Church2025:YPM-IZ-110972	YPM:IZ:110972	Church2025	Church2025	Physalia physalis	Physalia physalis	NE Atlantic	Ireland	51.83707	-10.19556	2023-10-08	0				docs/metadata_depth_conventions.md	curator_assigned_surface	SAMN40621383		tentacle		Ireland		SRR28498762	PRJNA1092115	A00124:710:HMFVWDSX7:L003	153474343	true	cluster=A
Church2025:YPM-IZ-111006	YPM:IZ:111006	Church2025	Church2025	Physalia utriculus	Physalia utriculus	W Indian	South Africa	-27.539919	32.67865	2023-08-08	0				docs/metadata_depth_conventions.md	curator_assigned_surface	SAMN40621384		tentacle		South Africa		SRR28498761	PRJNA1092115	A00124:710:HMFVWDSX7:L003	165695988	true	cluster=B1
Church2025:YPM-IZ-111007	YPM:IZ:111007	Church2025	Church2025	Physalia utriculus	Physalia utriculus	W Indian	South Africa	-27.539919	32.67865	2023-08-08	0				docs/metadata_depth_conventions.md	curator_assigned_surface	SAMN40621385		tentacle		South Africa		SRR28498760	PRJNA1092115	A00124:710:HMFVWDSX7:L003	153711703	true	cluster=B1
Church2025:YPM-IZ-111008	YPM:IZ:111008	Church2025	Church2025	Physalia utriculus	Physalia utriculus	W Indian	South Africa	-27.539919	32.67865	2023-08-08	0				docs/metadata_depth_conventions.md	curator_assigned_surface	SAMN40621386		tentacle		South Africa		SRR28498759	PRJNA1092115	A00124:710:HMFVWDSX7:L003	180436649	true	cluster=B1
Church2025:YPM-IZ-111009	YPM:IZ:111009	Church2025	Church2025	Physalia utriculus	Physalia utriculus	W Indian	South Africa	-27.539919	32.67865	2023-08-08	0				docs/metadata_depth_conventions.md	curator_assigned_surface	SAMN40621387		tentacle		South Africa		SRR28498758	PRJNA1092115	A00124:710:HMFVWDSX7:L003	183559214	true	cluster=B1
Church2025:YPM-IZ-111010	YPM:IZ:111010	Church2025	Church2025	Physalia megalista	Physalia megalista	W Indian	South Africa	-27.539919	32.67865	2023-08-08	0				docs/metadata_depth_conventions.md	curator_assigned_surface	SAMN40621388		tentacle		South Africa		SRR28498757	PRJNA1092115	A00124:710:HMFVWDSX7:L003	107734869	true	cluster=C1
Church2025:YPM-IZ-111012	YPM:IZ:111012	Church2025	Church2025	Physalia physalis	Physalia physalis	NW Atlantic	Bermuda	32.3078	-64.7505	2022-03-08	0				docs/metadata_depth_conventions.md	curator_assigned_surface	SAMN40621389		tentacle		Bermuda		SRR28498756	PRJNA1092115	LH00309:109:22CJLFLT3:L004	115445013	true	cluster=A
Church2025:YPM-IZ-111013	YPM:IZ:111013	Church2025	Church2025	Physalia physalis	Physalia physalis	NW Atlantic	Bermuda	32.3078	-64.7505	2022-03-08	0				docs/metadata_depth_conventions.md	curator_assigned_surface	SAMN40621390		tentacle		Bermuda		SRR28498754	PRJNA1092115	LH00309:109:22CJLFLT3:L004	61727922	true	cluster=A
Church2025:YPM-IZ-111014	YPM:IZ:111014	Church2025	Church2025	Physalia physalis	Physalia physalis	NW Atlantic	Bermuda	32.3078	-64.7505	2022-03-09	0				docs/metadata_depth_conventions.md	curator_assigned_surface	SAMN40621391		tentacle		Bermuda		SRR28498753	PRJNA1092115	LH00309:109:22CJLFLT3:L004	61508995	true	cluster=A
Church2025:YPM-IZ-111016	YPM:IZ:111016	Church2025	Church2025	Physalia physalis	Physalia physalis	NW Atlantic	Bermuda	32.3078	-64.7505	2022-03-09	0				docs/metadata_depth_conventions.md	curator_assigned_surface	SAMN40621392		tentacle		Bermuda		SRR28498752	PRJNA1092115	LH00309:109:22CJLFLT3:L004	81323568	true	cluster=A
Church2025:YPM-IZ-111017	YPM:IZ:111017	Church2025	Church2025	Physalia physalis	Physalia physalis	NW Atlantic	Bermuda	32.3078	-64.7505	2022-03-09	0				docs/metadata_depth_conventions.md	curator_assigned_surface	SAMN40621393		tentacle		Bermuda		SRR28498751	PRJNA1092115	LH00309:109:22CJLFLT3:L004	89196610	true	cluster=A
Church2025:YPM-IZ-111018	YPM:IZ:111018	Church2025	Church2025	Physalia physalis	Physalia physalis	NW Atlantic	Bermuda	32.3078	-64.7505	2022-03-09	0				docs/metadata_depth_conventions.md	curator_assigned_surface	SAMN40621394		tentacle		Bermuda		SRR28498750	PRJNA1092115	LH00309:109:22CJLFLT3:L004	76058516	true	cluster=A
Church2025:YPM-IZ-111156	YPM:IZ:111156	Church2025	Church2025	Physalia megalista	Physalia megalista	SW Pacific	Tasman Sea	-35.747	154.33	2023-10-16	0				docs/metadata_depth_conventions.md	curator_assigned_surface	SAMN41900818		tentacle				SRR29478751	PRJNA1092115	LH00309:204:227MGJLT4:L003	92301448	true	cluster=C1
Church2025:YPM-IZ-111157	YPM:IZ:111157	Church2025	Church2025	Physalia megalista	Physalia megalista	SW Pacific	Tasman Sea	-35.747	154.33	2023-10-16	0				docs/metadata_depth_conventions.md	curator_assigned_surface	SAMN41900819		tentacle				SRR29478750	PRJNA1092115	LH00309:204:227MGJLT4:L003	153376841	true	cluster=C1
Church2025:YPM-IZ-111158	YPM:IZ:111158	Church2025	Church2025	Physalia megalista	Physalia megalista	SW Pacific	Tasman Sea	-35.747	154.33	2023-10-16	0				docs/metadata_depth_conventions.md	curator_assigned_surface	SAMN41900820		tentacle				SRR29478747	PRJNA1092115	LH00309:204:227MGJLT4:L003	126229657	true	cluster=C1
Church2025:YPM-IZ-111159	YPM:IZ:111159	Church2025	Church2025	Physalia megalista	Physalia megalista	SW Pacific	Tasman Sea	-35.747	154.33	2023-10-16	0				docs/metadata_depth_conventions.md	curator_assigned_surface	SAMN41900821		tentacle				SRR29478746	PRJNA1092115	LH00309:204:227MGJLT4:L003	131529677	true	cluster=C1
Church2025:YPM-IZ-111160	YPM:IZ:111160	Church2025	Church2025	Physalia megalista	Physalia megalista	SW Pacific	Tasman Sea	-35.747	154.33	2023-10-16	0				docs/metadata_depth_conventions.md	curator_assigned_surface	SAMN41900822		tentacle				SRR29478745	PRJNA1092115	LH00309:204:227MGJLT4:L003	120162876	true	cluster=C1
Church2025:YPM-IZ-111163	YPM:IZ:111163	Church2025	Church2025	Physalia utriculus	Physalia utriculus	SW Pacific	New South Wales	-33.9475	151.257361	2024-03-18	0				docs/metadata_depth_conventions.md	curator_assigned_surface	SAMN41900823		tentacle		Australia		SRR29478744	PRJNA1092115	LH00309:204:227MGJLT4:L003	155920906	true	cluster=B1
Church2025:YPM-IZ-111207	YPM:IZ:111207	Church2025	Church2025	Physalia minuta	Physalia minuta	SW Pacific	New Zealand	-36.89515	174.443889	2024-03-15	0				docs/metadata_depth_conventions.md	curator_assigned_surface	SAMN41900824		tentacle		New Zealand		SRR29478743	PRJNA1092115	LH00309:191:227L7FLT4:L002;LH00309:195:227FKVLT4:L005	85403082	true	cluster=C2
Church2025:YPM-IZ-111208	YPM:IZ:111208	Church2025	Church2025	Physalia minuta	Physalia minuta	SW Pacific	New Zealand	-36.89515	174.443889	2024-03-15	0				docs/metadata_depth_conventions.md	curator_assigned_surface	SAMN41900825		tentacle		New Zealand		SRR29478742	PRJNA1092115	LH00309:191:227L7FLT4:L002;LH00309:195:227FKVLT4:L005	99474641	true	cluster=C2
Church2025:YPM-IZ-111209	YPM:IZ:111209	Church2025	Church2025	Physalia minuta	Physalia minuta	SW Pacific	New Zealand	-36.89515	174.443889	2024-03-15	0				docs/metadata_depth_conventions.md	curator_assigned_surface	SAMN41900826		tentacle		New Zealand		SRR29478741	PRJNA1092115	LH00309:204:227MGJLT4:L003	112181688	true	cluster=C2
Church2025:YPM-IZ-111210	YPM:IZ:111210	Church2025	Church2025	Physalia minuta	Physalia minuta	SW Pacific	New Zealand	-36.89515	174.443889	2024-03-15	0				docs/metadata_depth_conventions.md	curator_assigned_surface	SAMN41900827		tentacle		New Zealand		SRR29478740	PRJNA1092115	LH00309:191:227L7FLT4:L002;LH00309:195:227FKVLT4:L005	93906211	true	cluster=C2
Church2025:YPM-IZ-111241	YPM:IZ:111241	Church2025	Church2025	Physalia minuta	Physalia minuta	SW Pacific	New Zealand	-36.89515	174.443889	2024-03-15	0				docs/metadata_depth_conventions.md	curator_assigned_surface								PRJNA1092115	LH00309:259:22CWK3LT4:L002;LH00309:266:22F23WLT3:L006	122340997	true	cluster=C2; submitted to PRJNA1092115, not yet released by NCBI
Church2025:YPM-IZ-111243	YPM:IZ:111243	Church2025	Church2025	Physalia minuta	Physalia minuta	SW Pacific	New Zealand	-36.89515	174.443889	2024-03-15	0				docs/metadata_depth_conventions.md	curator_assigned_surface								PRJNA1092115	LH00309:259:22CWK3LT4:L002;LH00309:266:22F23WLT3:L006	106774316	true	cluster=C2; submitted to PRJNA1092115, not yet released by NCBI
Church2025:YPM-IZ-111495	YPM:IZ:111495	Church2025	Church2025	Physalia megalista	Physalia megalista	SW Pacific	New Zealand	-35.954891	173.744757	2024-05-28	0				docs/metadata_depth_conventions.md	curator_assigned_surface								PRJNA1092115	LH00309:259:22CWK3LT4:L002;LH00309:266:22F23WLT3:L006	102265133	true	cluster=C1; submitted to PRJNA1092115, not yet released by NCBI
Church2025:YPM-IZ-111513	YPM:IZ:111513	Church2025	Church2025	Physalia megalista	Physalia megalista	SW Pacific	New Zealand	-36.082526	173.856312	2024-05-29	0				docs/metadata_depth_conventions.md	curator_assigned_surface								PRJNA1092115	LH00309:259:22CWK3LT4:L002;LH00309:266:22F23WLT3:L006	112719213	true	cluster=C1; submitted to PRJNA1092115, not yet released by NCBI
Church2025:YPM-IZ-111514	YPM:IZ:111514	Church2025	Church2025	Physalia megalista	Physalia megalista	SW Pacific	New Zealand	-36.082526	173.856312	2024-05-29	0				docs/metadata_depth_conventions.md	curator_assigned_surface								PRJNA1092115	LH00309:308:22GYWYLT4:L002;LH00309:314:22HW55LT4:L007	107316277	true	cluster=C1; submitted to PRJNA1092115, not yet released by NCBI
Church2025:YPM-IZ-111517	YPM:IZ:111517	Church2025	Church2025	Physalia megalista	Physalia megalista	SW Pacific	New Zealand	-36.082526	173.856312	2024-05-30	0				docs/metadata_depth_conventions.md	curator_assigned_surface								PRJNA1092115	LH00309:311:22GMLFLT4:L008	135884327	true	cluster=C1; submitted to PRJNA1092115, not yet released by NCBI
Church2025:YPM-IZ-111518	YPM:IZ:111518	Church2025	Church2025	Physalia megalista	Physalia megalista	SW Pacific	New Zealand	-36.082526	173.856312	2024-05-30	0				docs/metadata_depth_conventions.md	curator_assigned_surface								PRJNA1092115	LH00309:311:22GMLFLT4:L008	150076662	true	cluster=C1; submitted to PRJNA1092115, not yet released by NCBI
Church2025:YPM-IZ-111519	YPM:IZ:111519	Church2025	Church2025	Physalia megalista	Physalia megalista	SW Pacific	New Zealand	-36.082526	173.856312	2024-05-30	0				docs/metadata_depth_conventions.md	curator_assigned_surface								PRJNA1092115	LH00309:308:22GYWYLT4:L002	98239843	true	cluster=C1; submitted to PRJNA1092115, not yet released by NCBI
Church2025:YPM-IZ-111520	YPM:IZ:111520	Church2025	Church2025	Physalia megalista	Physalia megalista	SW Pacific	New Zealand	-36.082526	173.856312	2024-05-30	0				docs/metadata_depth_conventions.md	curator_assigned_surface								PRJNA1092115	LH00309:311:22GMLFLT4:L008	111281098	true	cluster=C1; submitted to PRJNA1092115, not yet released by NCBI
Church2025:YPM-IZ-111521	YPM:IZ:111521	Church2025	Church2025	Physalia megalista	Physalia megalista	SW Pacific	New Zealand	-36.082526	173.856312	2024-05-30	0				docs/metadata_depth_conventions.md	curator_assigned_surface								PRJNA1092115	LH00309:311:22GMLFLT4:L008	113985626	true	cluster=C1; submitted to PRJNA1092115, not yet released by NCBI
Church2025:YPM-IZ-111529	YPM:IZ:111529	Church2025	Church2025	Physalia megalista	Physalia megalista	SW Pacific	New Zealand	-35.954891	173.744757	2024-05-31	0				docs/metadata_depth_conventions.md	curator_assigned_surface								PRJNA1092115	LH00309:311:22GMLFLT4:L008	111190436	true	cluster=C1; submitted to PRJNA1092115, not yet released by NCBI
Church2025:YPM-IZ-111530	YPM:IZ:111530	Church2025	Church2025	Physalia megalista	Physalia megalista	SW Pacific	New Zealand	-35.954891	173.744757	2024-05-31	0				docs/metadata_depth_conventions.md	curator_assigned_surface								PRJNA1092115	LH00309:311:22GMLFLT4:L008	139233681	true	cluster=C1; submitted to PRJNA1092115, not yet released by NCBI
Church2025:YPM-IZ-111539	YPM:IZ:111539	Church2025	Church2025	Physalia megalista	Physalia megalista	SW Pacific	New Zealand	-35.954891	173.744757	2024-06-02	0				docs/metadata_depth_conventions.md	curator_assigned_surface								PRJNA1092115	LH00309:311:22GMLFLT4:L008	111635825	true	cluster=C1; submitted to PRJNA1092115, not yet released by NCBI
Church2025:YPM-IZ-111547	YPM:IZ:111547	Church2025	Church2025	Physalia utriculus	Physalia utriculus	Central Pacific	Hawai'i	21.40079	-157.7345	2024-04-05	0				docs/metadata_depth_conventions.md	curator_assigned_surface								PRJNA1092115	LH00309:259:22CWK3LT4:L002	111987621	true	cluster=B1; submitted to PRJNA1092115, not yet released by NCBI
Church2025:YPM-IZ-111839	YPM:IZ:111839	Church2025	Church2025	Physalia sp1	Physalia sp1	Central Pacific	Central Pacific	8.355	-156.89	2011-11-24	0				docs/metadata_depth_conventions.md	curator_assigned_surface								PRJNA1092115	LH00309:325:22HLVMLT4:L008	310823762	true	cluster=B2; submitted to PRJNA1092115, not yet released by NCBI
Church2025:YPM-IZ-111840	YPM:IZ:111840	Church2025	Church2025	Physalia utriculus	Physalia utriculus	Central Pacific	Central Pacific	9.5217	-157.425	2011-11-23	0				docs/metadata_depth_conventions.md	curator_assigned_surface								PRJNA1092115	LH00309:325:22HLVMLT4:L008	193780382	true	cluster=B1; submitted to PRJNA1092115, not yet released by NCBI
Ahuja2024:CWD1	YPM:IZ:35024	Ahuja2024	Ahuja2024	Agalma clausi	Agalma clausi		Atlantic Ocean	37.43	-72.68	2002-09-22	10			10 meters	data/sources/Ahuja2024_Supplementary_Table_1.xlsx#Invertebrate.1.0!P15 | https://www.ncbi.nlm.nih.gov/biosample/SAMN32803028	source_record	SAMN32803028		siphosome			YPM:IZ:35024	SRR23143291	PRJNA925656	A00124:419:HFNHJDSX3:L001;A00124:432:HHGFNDSX3:L004	104516304	true	
Ahuja2024:CWD101	YPM:IZ:35090	Ahuja2024	Ahuja2024	Apolemia sp. 3 CWD-2005	Apolemia sp. 3 CWD-2005		Pacific Ocean	36.23	-122.77	2003-07-18	387			387 meters	data/sources/Ahuja2024_Supplementary_Table_1.xlsx#Invertebrate.1.0!P20 | https://www.ncbi.nlm.nih.gov/biosample/SAMN32803033	source_record	SAMN32803033		siphosome			YPM:IZ:35090	SRR23143290	PRJNA925656	A00124:419:HFNHJDSX3:L001;A00124:432:HHGFNDSX3:L004	147433621	true	
Ahuja2024:CWD104	Tib596SS12	Ahuja2024	Ahuja2024	Bargmannia elongata	Bargmannia elongata		Pacific Ocean	36.22	-123.77	2003-07-19	877			877 meters	data/sources/Ahuja2024_Supplementary_Table_1.xlsx#Invertebrate.1.0!P21 | https://www.ncbi.nlm.nih.gov/biosample/SAMN32803034	source_record	SAMN32803034		siphosome				SRR23143279	PRJNA925656	A01519:196:H53CJDSX5:L004	301237433	true	
Ahuja2024:CWD11	YPM:IZ:35076	Ahuja2024	Ahuja2024	Stephanomia amphytridis	Stephanomia amphytridis		Atlantic Ocean	40.31	-68.13	2002-07-03	800			800 meters	data/sources/Ahuja2024_Supplementary_Table_1.xlsx#Invertebrate.1.0!P48 | https://www.ncbi.nlm.nih.gov/biosample/SAMN32803061	source_record	SAMN32803061		siphosome			YPM:IZ:35076	SRR23143268	PRJNA925656	A00124:419:HFNHJDSX3:L001;A00124:432:HHGFNDSX3:L004;A01519:133:HM2L3DSX3:L002	172085483	true	
Ahuja2024:CWD116	MBARI071903BW	Ahuja2024	Ahuja2024	Agalma elegans	Agalma elegans		Pacific Ocean	36.22	-123.77	2003-07-19	10			10 meters	data/sources/Ahuja2024_Supplementary_Table_1.xlsx#Invertebrate.1.0!P17 | https://www.ncbi.nlm.nih.gov/biosample/SAMN32803030	source_record	SAMN32803030		siphosome				SRR25099392;SRR25099393;SRR25099394;SRR25099395;SRR25099396	PRJNA925656	A00124:419:HFNHJDSX3:L001;A00124:432:HHGFNDSX3:L004;A00124:506:HY3KCDSX3:L002;A00124:527:H355KDSX5:L004;A01519:133:HM2L3DSX3:L002	1036210467	true	
Ahuja2024:CWD117	YPM:IZ:35045	Ahuja2024	Ahuja2024	Hippopodius hippopus	Hippopodius hippopus		Atlantic Ocean	39.7	-70.92	1999-06-28	10			10 meters	data/sources/Ahuja2024_Supplementary_Table_1.xlsx#Invertebrate.1.0!P34 | https://www.ncbi.nlm.nih.gov/biosample/SAMN32803047	source_record	SAMN32803047		siphosome			YPM:IZ:35045	SRR23143261	PRJNA925656	A00124:419:HFNHJDSX3:L001;A00124:432:HHGFNDSX3:L004;A01519:133:HM2L3DSX3:L002	270605623	true	
Ahuja2024:CWD12	YPM:IZ:35038	Ahuja2024	Ahuja2024	Halistemma rubrum	Halistemma rubrum		Mediterranean Sea	43.68	7.33	2003-04-16	10			10 meters	data/sources/Ahuja2024_Supplementary_Table_1.xlsx#Invertebrate.1.0!P32 | https://www.ncbi.nlm.nih.gov/biosample/SAMN32803045	source_record	SAMN32803045		siphosome			YPM:IZ:35038	SRR23143260	PRJNA925656	A00124:419:HFNHJDSX3:L001;A00124:432:HHGFNDSX3:L004	103993703	true	
Ahuja2024:CWD121	YPM:IZ:35350	Ahuja2024	Ahuja2024	Abylopsis tetragona	Abylopsis tetragona		Atlantic Ocean	39.75	-70.87	1999-06-28	10			10 meters	data/sources/Ahuja2024_Supplementary_Table_1.xlsx#Invertebrate.1.0!P14 | https://www.ncbi.nlm.nih.gov/biosample/SAMN32803027	source_record	SAMN32803027		siphosome			YPM:IZ:35350	SRR23143259	PRJNA925656	A00124:419:HFNHJDSX3:L001;A00124:432:HHGFNDSX3:L004	106460202	true	
Ahuja2024:CWD122	YPM:IZ:35049	Ahuja2024	Ahuja2024	Chelophyes appendiculata	Chelophyes appendiculata		Atlantic Ocean	39.7	-70.9	1999-06-28	10			10 meters	data/sources/Ahuja2024_Supplementary_Table_1.xlsx#Invertebrate.1.0!P23 | https://www.ncbi.nlm.nih.gov/biosample/SAMN32803036	source_record	SAMN32803036		siphosome			YPM:IZ:35049	SRR23143258	PRJNA925656	A00124:419:HFNHJDSX3:L001;A00124:432:HHGFNDSX3:L004;A00124:527:H355KDSX5:L004;A01519:133:HM2L3DSX3:L002	353402974	true	
Ahuja2024:CWD131	YPM:IZ:35355	Ahuja2024	Ahuja2024	Rhizophysa eysenhardtii	Rhizophysa eysenhardtii		Pacific Ocean	24.32	-109.2	2003-03-15	10			10 meters	data/sources/Ahuja2024_Supplementary_Table_1.xlsx#Invertebrate.1.0!P44 | https://www.ncbi.nlm.nih.gov/biosample/SAMN32803057	source_record	SAMN32803057		siphosome			YPM:IZ:35355	SRR23143257	PRJNA925656	A00124:419:HFNHJDSX3:L001;A00124:432:HHGFNDSX3:L004;A01519:133:HM2L3DSX3:L002	239493185	true	
Ahuja2024:CWD141	YPM:IZ:35358	Ahuja2024	Ahuja2024	Stephalia dilata	Stephalia dilata		Pacific Ocean	24.31	-109.2	2003-03-26	1349			1349 meters	data/sources/Ahuja2024_Supplementary_Table_1.xlsx#Invertebrate.1.0!P47 | https://www.ncbi.nlm.nih.gov/biosample/SAMN32803060	source_record	SAMN32803060		siphosome			YPM:IZ:35358	SRR23143289	PRJNA925656	A00124:419:HFNHJDSX3:L001;A00124:432:HHGFNDSX3:L004;A01519:133:HM2L3DSX3:L002	220953310	true	
Ahuja2024:CWD144	YPM:IZ:35360	Ahuja2024	Ahuja2024	Gymnopraia lapislazula	Gymnopraia lapislazula		Pacific Ocean	36.7	-122.04	2000-01-13	420			420 meters	data/sources/Ahuja2024_Supplementary_Table_1.xlsx#Invertebrate.1.0!P31 | https://www.ncbi.nlm.nih.gov/biosample/SAMN32803044	source_record	SAMN32803044		siphosome			YPM:IZ:35360	SRR25099388;SRR25099389;SRR25099390;SRR25099391	PRJNA925656	A00124:419:HFNHJDSX3:L001;A00124:432:HHGFNDSX3:L004;A00124:531:H3FGVDSX5:L004;A01519:133:HM2L3DSX3:L002	881181011	true	
Ahuja2024:CWD146	YPM:IZ:35362	Ahuja2024	Ahuja2024	Erenna sirena	Erenna sirena		Pacific Ocean	24.32	-109.2	2003-03-13	910			910 meters	data/sources/Ahuja2024_Supplementary_Table_1.xlsx#Invertebrate.1.0!P28 | https://www.ncbi.nlm.nih.gov/biosample/SAMN32803041	source_record	SAMN32803041		siphosome			YPM:IZ:35362	SRR23143287	PRJNA925656	A00124:419:HFNHJDSX3:L001;A00124:432:HHGFNDSX3:L004;A01519:133:HM2L3DSX3:L002	335244845	true	
Ahuja2024:CWD16	YPM:IZ:35039	Ahuja2024	Ahuja2024;Ahuja2026	Nanomia bijuga	Nanomia bijuga	NW Atlantic	Atlantic Ocean	37.45	-74.016667	2002-06-08	10	0	20		data/sources/Ahuja2024_Supplementary_Table_1.xlsx#Invertebrate.1.0!P37 | data/sources/Ahuja2026_journal.pone.0351247.s008.xlsx#Sheet1!I2 | https://www.ncbi.nlm.nih.gov/biosample/SAMN32803050	source_record	SAMN32803050		siphosome			YPM:IZ:35039	SRR23143286	PRJNA925656	A01519:196:H53CJDSX5:L004	313143022	true	
Ahuja2024:CWD17	YPM:IZ:35040	Ahuja2024	Ahuja2024	Halistemma rubrum	Halistemma rubrum		Atlantic Ocean	38.85	-72.45	2002-09-16	10			10 meters	data/sources/Ahuja2024_Supplementary_Table_1.xlsx#Invertebrate.1.0!P33 | https://www.ncbi.nlm.nih.gov/biosample/SAMN32803046	source_record	SAMN32803046		siphosome			YPM:IZ:35040	SRR23143285	PRJNA925656	A00124:419:HFNHJDSX3:L001;A00124:432:HHGFNDSX3:L004;A01519:133:HM2L3DSX3:L002	171500636	true	
Ahuja2024:CWD19	YPM:IZ:35346	Ahuja2024	Ahuja2024	Praya dubia	Praya dubia		Pacific Ocean	36.71	-122.05	1999-03-12	298			298 meters	data/sources/Ahuja2024_Supplementary_Table_1.xlsx#Invertebrate.1.0!P41 | https://www.ncbi.nlm.nih.gov/biosample/SAMN32803054	source_record	SAMN32803054		siphosome			YPM:IZ:35346	SRR23143284	PRJNA925656	A01519:196:H53CJDSX5:L004	384583011	true	
Ahuja2024:CWD2	YPM:IZ:35029	Ahuja2024	Ahuja2024	Agalma elegans	Agalma elegans		Atlantic Ocean	37.63	-73.45	2002-09-18	10			10 meters	data/sources/Ahuja2024_Supplementary_Table_1.xlsx#Invertebrate.1.0!P16 | https://www.ncbi.nlm.nih.gov/biosample/SAMN32803029	source_record	SAMN32803029		siphosome			YPM:IZ:35029	SRR23143283	PRJNA925656	A00124:419:HFNHJDSX3:L001;A00124:432:HHGFNDSX3:L004	97168657	true	
Ahuja2024:CWD20	YPM:IZ:35347	Ahuja2024	Ahuja2024	Rhizophysa filiformis	Rhizophysa filiformis		Atlantic Ocean	40.31	-68.14	1999-07-20	10			10 meters	data/sources/Ahuja2024_Supplementary_Table_1.xlsx#Invertebrate.1.0!P45 | https://www.ncbi.nlm.nih.gov/biosample/SAMN32803058	source_record	SAMN32803058		siphosome			YPM:IZ:35347	SRR23143282	PRJNA925656	A00124:419:HFNHJDSX3:L001;A00124:432:HHGFNDSX3:L004;A01519:133:HM2L3DSX3:L002	159263913	true	
Ahuja2024:CWD21	YPM:IZ:35041	Ahuja2024	Ahuja2024	Rosacea flaccida	Rosacea flaccida		Atlantic Ocean	38.9	-70.27	2002-09-24	10			10 meters	data/sources/Ahuja2024_Supplementary_Table_1.xlsx#Invertebrate.1.0!P46 | https://www.ncbi.nlm.nih.gov/biosample/SAMN32803059	source_record	SAMN32803059		siphosome			YPM:IZ:35041	SRR23143281	PRJNA925656	A00124:419:HFNHJDSX3:L001;A00124:432:HHGFNDSX3:L004	101601341	true	
Ahuja2024:CWD3	YPM:IZ:35030	Ahuja2024	Ahuja2024	Agalma okenii	Agalma okenii		Atlantic Ocean	38.17	-72.98	2002-09-17	10			10 meters	data/sources/Ahuja2024_Supplementary_Table_1.xlsx#Invertebrate.1.0!P18 | https://www.ncbi.nlm.nih.gov/biosample/SAMN32803031	source_record	SAMN32803031		siphosome			YPM:IZ:35030	SRR23143280	PRJNA925656	A00124:419:HFNHJDSX3:L001;A00124:432:HHGFNDSX3:L004;A01519:133:HM2L3DSX3:L002	257005662	true	
Ahuja2024:CWD6	YPM:IZ:35032	Ahuja2024	Ahuja2024	Cordagalma	Cordagalma		Atlantic Ocean	37.68	-73.13	2002-06-11	10			10 meters	data/sources/Ahuja2024_Supplementary_Table_1.xlsx#Invertebrate.1.0!P25 | https://www.ncbi.nlm.nih.gov/biosample/SAMN32803038	source_record	SAMN32803038		siphosome			YPM:IZ:35032	SRR23143278	PRJNA925656	A00124:419:HFNHJDSX3:L001;A00124:432:HHGFNDSX3:L004	151311569	true	
Ahuja2024:CWD7	YPM:IZ:35033	Ahuja2024	Ahuja2024	Diphyes dispar	Diphyes dispar		Atlantic Ocean	36.98	-73.85	2002-09-19	10			10 meters	data/sources/Ahuja2024_Supplementary_Table_1.xlsx#Invertebrate.1.0!P27 | https://www.ncbi.nlm.nih.gov/biosample/SAMN32803040	source_record	SAMN32803040		siphosome			YPM:IZ:35033	SRR23143277	PRJNA925656	A00124:419:HFNHJDSX3:L001;A00124:432:HHGFNDSX3:L004;A01519:133:HM2L3DSX3:L002	199108254	true	
Ahuja2024:NA1	YPM:IZ:110225	Ahuja2024	Ahuja2024	Chuniphyes multidentata	Chuniphyes multidentata		Pacific Ocean	36.224784	-123.14242	2021-10-29	964			964 meters	data/sources/Ahuja2024_Supplementary_Table_1.xlsx#Invertebrate.1.0!P24 | https://www.ncbi.nlm.nih.gov/biosample/SAMN32803037	source_record	SAMN32803037		siphosome			YPM:IZ:110225	SRR23143276	PRJNA925656	A00124:419:HFNHJDSX3:L001;A00124:432:HHGFNDSX3:L004;A01519:133:HM2L3DSX3:L002	222668998	true	
Ahuja2024:NA10	T987-D2	Ahuja2024	Ahuja2024	Resomia ornicephala	Resomia ornicephala		Pacific Ocean	35.648785	-122.737913	2006-05-16	286.25			286.25 meters	data/sources/Ahuja2024_Supplementary_Table_1.xlsx#Invertebrate.1.0!P42 | https://www.ncbi.nlm.nih.gov/biosample/SAMN32803055	source_record	SAMN32803055		siphosome				SRR23143275	PRJNA925656	A00124:419:HFNHJDSX3:L001;A00124:432:HHGFNDSX3:L004;A00124:527:H355KDSX5:L004;A01519:133:HM2L3DSX3:L002	572564997	true	
Ahuja2024:NA11	T845-D3	Ahuja2024	Ahuja2024	Resomia ornicephala	Resomia ornicephala		Pacific Ocean	36.699	-122.0578	2005-04-09	235			235 meters	data/sources/Ahuja2024_Supplementary_Table_1.xlsx#Invertebrate.1.0!P43 | https://www.ncbi.nlm.nih.gov/biosample/SAMN32803056	source_record	SAMN32803056		siphosome				SRR23143274	PRJNA925656	A00124:419:HFNHJDSX3:L001;A00124:432:HHGFNDSX3:L004	169072426	true	
Ahuja2024:NA2	D1399-D4	Ahuja2024	Ahuja2024	Physonectae	Physonectae		Pacific Ocean	36.698	-122.0716	2021-10-30	600			600 meters	data/sources/Ahuja2024_Supplementary_Table_1.xlsx#Invertebrate.1.0!P39 | https://www.ncbi.nlm.nih.gov/biosample/SAMN32803052	source_record	SAMN32803052		siphosome				SRR23143272	PRJNA925656	A00124:419:HFNHJDSX3:L001;A00124:432:HHGFNDSX3:L004;A01519:133:HM2L3DSX3:L002	230563805	true	
Ahuja2024:NA3	D1399-D5	Ahuja2024	Ahuja2024	Forskalia	Forskalia		Pacific Ocean	36.697	-122.0724	2021-10-30	349			349 meters	data/sources/Ahuja2024_Supplementary_Table_1.xlsx#Invertebrate.1.0!P29 | https://www.ncbi.nlm.nih.gov/biosample/SAMN32803042	source_record	SAMN32803042		siphosome				SRR23143270	PRJNA925656	A00124:419:HFNHJDSX3:L001;A00124:432:HHGFNDSX3:L004;A01519:133:HM2L3DSX3:L002	271237766	true	
Ahuja2024:NA4	D1398-SS11	Ahuja2024	Ahuja2024	Praya	Praya		Pacific Ocean	36.2235	-123.143176	2021-10-30	249			249 meters	data/sources/Ahuja2024_Supplementary_Table_1.xlsx#Invertebrate.1.0!P40 | https://www.ncbi.nlm.nih.gov/biosample/SAMN32803053	source_record	SAMN32803053		siphosome				SRR23143269	PRJNA925656	A00124:419:HFNHJDSX3:L001;A00124:432:HHGFNDSX3:L004;A01519:133:HM2L3DSX3:L002	238886650	true	
Ahuja2024:NA5	D1399-D12	Ahuja2024	Ahuja2024	Apolemia rubriversa	Apolemia rubriversa		Pacific Ocean	36.698	-122.0719	2021-10-30	556			556 meters	data/sources/Ahuja2024_Supplementary_Table_1.xlsx#Invertebrate.1.0!P19 | https://www.ncbi.nlm.nih.gov/biosample/SAMN32803032	source_record	SAMN32803032		siphosome				SRR23143267	PRJNA925656	A00124:419:HFNHJDSX3:L001;A00124:432:HHGFNDSX3:L004;A01519:133:HM2L3DSX3:L002	253243374	true	
Ahuja2024:NA6	V4355-SS6	Ahuja2024	Ahuja2024	Craseoa lathetica	Craseoa lathetica		Pacific Ocean	36.6844	-122.072	2021-09-23	467			467 meters	data/sources/Ahuja2024_Supplementary_Table_1.xlsx#Invertebrate.1.0!P26 | https://www.ncbi.nlm.nih.gov/biosample/SAMN32803039	source_record	SAMN32803039		siphosome				SRR23143266	PRJNA925656	A00124:419:HFNHJDSX3:L001;A00124:432:HHGFNDSX3:L004	171991413	true	
Ahuja2024:NA7	V4355-D3	Ahuja2024	Ahuja2024	Lilyopsis fluoracantha	Lilyopsis fluoracantha		Pacific Ocean	36.6842	-122.0727	2021-09-23	417			417 meters	data/sources/Ahuja2024_Supplementary_Table_1.xlsx#Invertebrate.1.0!P35 | https://www.ncbi.nlm.nih.gov/biosample/SAMN32803048	source_record	SAMN32803048		siphosome				SRR23143265	PRJNA925656	A00124:419:HFNHJDSX3:L001;A00124:432:HHGFNDSX3:L004;A01519:133:HM2L3DSX3:L002	285295476	true	
Ahuja2024:NA8	YPM:IZ:110226	Ahuja2024	Ahuja2024	Bargmannia lata	Bargmannia lata		Pacific Ocean	36.225	-123.1424	2021-10-29	1299			1299 meters	data/sources/Ahuja2024_Supplementary_Table_1.xlsx#Invertebrate.1.0!P22 | https://www.ncbi.nlm.nih.gov/biosample/SAMN32803035	source_record	SAMN32803035		siphosome			YPM:IZ:110226	SRR23143264	PRJNA925656	A00124:419:HFNHJDSX3:L001;A00124:432:HHGFNDSX3:L004	151962850	true	
Ahuja2024:NA9	D199-SS8	Ahuja2024	Ahuja2024	Frillagalma vityazi	Frillagalma vityazi		Pacific Ocean	36.6996	-122.0999	2010-10-12	420			420 meters	data/sources/Ahuja2024_Supplementary_Table_1.xlsx#Invertebrate.1.0!P30 | https://www.ncbi.nlm.nih.gov/biosample/SAMN32803043	source_record	SAMN32803043		siphosome				SRR23143263	PRJNA925656	A00124:419:HFNHJDSX3:L001;A00124:432:HHGFNDSX3:L004;A01519:133:HM2L3DSX3:L002	288799888	true	
Ahuja2026:NA19	YPM:IZ:111744	Ahuja2026	Ahuja2024;Ahuja2026	Nanomia septata	Nanomia (CO1 per Ahuja 2026)	NE Pacific	California	36.69898	-122.05013	2013-02-11							SAMN32803049		siphosome			YPM:IZ:111744	SRR23143273	PRJNA925656	A01519:212:HHKVKDSX5:L002	290181437	true	routing R (properly-paired to N. septata ref)
Ahuja2026:NA28	YPM:IZ:110451	Ahuja2026	Ahuja2026	Nanomia sp.	Nanomia (CO1 per Ahuja 2026)	NW Atlantic	Rhode Island	41.03600	-71.39900	2013-08-30		0	20	0-20 m	data/sources/Ahuja2026_journal.pone.0351247.s008.xlsx#Sheet1!I13 | https://www.ncbi.nlm.nih.gov/biosample/SAMN48043655	source_record	SAMN48043655		siphosome			YPM:IZ:110451	SRR33215983	PRJNA1252167	A01519:267:HT37JDSX5:L002	347173099	true	RI cluster = N. bijuga (3) + N. cara (1); per-specimen CO1 needed
Ahuja2026:NA29	YPM:IZ:111733	Ahuja2026	Ahuja2026	Nanomia sp.	Nanomia (CO1 per Ahuja 2026)	N Pacific	Hawai'i	19.34417	-156.07585	2017-03-16		0	20	0-20 m	data/sources/Ahuja2026_journal.pone.0351247.s008.xlsx#Sheet1!I12 | https://www.ncbi.nlm.nih.gov/biosample/SAMN48043654	source_record	SAMN48043654		siphosome			YPM:IZ:111733	SRR33215966	PRJNA1252167	A01519:267:HT37JDSX5:L002	519282453	true	HI cluster = N. bijuga (2) + N. sp. 1 (1); per-specimen CO1 needed
Ahuja2026:NA30	YPM:IZ:111732	Ahuja2026	Ahuja2026	Nanomia bijuga	Nanomia (CO1 per Ahuja 2026)	Mediterranean	France	43.69000	7.31000	2011-04-01		0	20	0-20 m	data/sources/Ahuja2026_journal.pone.0351247.s008.xlsx#Sheet1!I17 | https://www.ncbi.nlm.nih.gov/biosample/SAMN48043659	source_record	SAMN48043659		siphosome			YPM:IZ:111732	SRR33215979	PRJNA1252167	A01519:267:HT37JDSX5:L002	340904726	true	Villefranche (Mediterranean)
Ahuja2026:NA31	YPM:IZ:111742	Ahuja2026	Ahuja2026	Nanomia bijuga	Nanomia (CO1 per Ahuja 2026)	Gulf of California	Gulf of California	27.59167	-111.51667	2010-06-18		0	20	0-20 m	data/sources/Ahuja2026_journal.pone.0351247.s008.xlsx#Sheet1!I9 | https://www.ncbi.nlm.nih.gov/biosample/SAMN48043651	source_record	SAMN48043651		siphosome			YPM:IZ:111742	SRR33215969	PRJNA1252167	A00124:673:HFG3JDSX7:L003	235457344	true	
Ahuja2026:NA32	YPM:IZ:111740	Ahuja2026	Ahuja2026	Nanomia bijuga	Nanomia (CO1 per Ahuja 2026)	Gulf of California	Gulf of California	22.91667	-108.11667	2015-03-13		0	20	0-20 m	data/sources/Ahuja2026_journal.pone.0351247.s008.xlsx#Sheet1!I10 | https://www.ncbi.nlm.nih.gov/biosample/SAMN48043652	source_record	SAMN48043652		siphosome			YPM:IZ:111740	SRR33215968	PRJNA1252167	A00124:673:HFG3JDSX7:L003	259007346	true	
Ahuja2026:NA33	YPM:IZ:111741	Ahuja2026	Ahuja2026	Nanomia bijuga	Nanomia (CO1 per Ahuja 2026)	Gulf of California	Gulf of California	24.18333	-108.63333	2015-03-15		0	20	0-20 m	data/sources/Ahuja2026_journal.pone.0351247.s008.xlsx#Sheet1!I11 | https://www.ncbi.nlm.nih.gov/biosample/SAMN48043653	source_record	SAMN48043653		siphosome			YPM:IZ:111741	SRR33215967	PRJNA1252167	A00124:673:HFG3JDSX7:L003	242303025	true	
Ahuja2026:NA34	YPM:IZ:111164	Ahuja2026	Ahuja2026	Nanomia septata	Nanomia (CO1 per Ahuja 2026)	NE Pacific	Washington	48.54505	-123.01214	2024-06-16		0	20	0-20 m	data/sources/Ahuja2026_journal.pone.0351247.s008.xlsx#Sheet1!I18 | https://www.ncbi.nlm.nih.gov/biosample/SAMN48043660	source_record	SAMN48043660		siphosome		USA	YPM:IZ:111164	SRR33215978	PRJNA1252167	LH00309:136:223TNKLT4:L008	268286997	true	routing R (properly-paired to N. septata ref)
Ahuja2026:NA35	YPM:IZ:111165	Ahuja2026	Ahuja2026	Nanomia septata	Nanomia (CO1 per Ahuja 2026)	NE Pacific	Washington	48.54505	-123.01214	2024-06-16		0	20	0-20 m	data/sources/Ahuja2026_journal.pone.0351247.s008.xlsx#Sheet1!I19 | https://www.ncbi.nlm.nih.gov/biosample/SAMN48043661	source_record	SAMN48043661		siphosome		USA	YPM:IZ:111165	SRR33215977	PRJNA1252167	LH00309:136:223TNKLT4:L008;LH00309:140:223JTMLT4:L007	306169783	true	routing R (properly-paired to N. septata ref)
Ahuja2026:NA36	YPM:IZ:111166	Ahuja2026	Ahuja2026	Nanomia septata	Nanomia (CO1 per Ahuja 2026)	NE Pacific	Washington	48.54505	-123.01214	2024-06-16		0	20	0-20 m	data/sources/Ahuja2026_journal.pone.0351247.s008.xlsx#Sheet1!I20 | https://www.ncbi.nlm.nih.gov/biosample/SAMN48043662	source_record	SAMN48043662		siphosome		USA	YPM:IZ:111166	SRR33215976	PRJNA1252167	LH00309:136:223TNKLT4:L008	212937761	true	routing R (properly-paired to N. septata ref)
Ahuja2026:NA37	YPM:IZ:111590	Ahuja2026	Ahuja2026	Nanomia sp.	Nanomia (CO1 per Ahuja 2026)	N Pacific	Hawai'i	19.61830	-156.08420	2024-04-12		0	20	0-20 m	data/sources/Ahuja2026_journal.pone.0351247.s008.xlsx#Sheet1!I21 | https://www.ncbi.nlm.nih.gov/biosample/SAMN48043663	source_record	SAMN48043663		siphosome			YPM:IZ:111590	SRR33215975	PRJNA1252167	LH00309:212:22CMLKLT3:L002	311548114	true	HI cluster = N. bijuga (2) + N. sp. 1 (1); per-specimen CO1 needed
Ahuja2026:NA38	YPM:IZ:111591	Ahuja2026	Ahuja2026	Nanomia sp.	Nanomia (CO1 per Ahuja 2026)	N Pacific	Hawai'i	19.61830	-156.08420	2024-04-12		0	20	0-20 m	data/sources/Ahuja2026_journal.pone.0351247.s008.xlsx#Sheet1!I22 | https://www.ncbi.nlm.nih.gov/biosample/SAMN48043664	source_record	SAMN48043664		siphosome			YPM:IZ:111591	SRR33215974	PRJNA1252167	LH00309:212:22CMLKLT3:L001	336852859	true	HI cluster = N. bijuga (2) + N. sp. 1 (1); per-specimen CO1 needed
Ahuja2026:WS10	YPM:IZ:111745	Ahuja2026	Ahuja2026	Nanomia septata	Nanomia (CO1 per Ahuja 2026)	NE Pacific	California	36.70092	-122.04954	2010-05-03	217			217	data/sources/Ahuja2026_journal.pone.0351247.s008.xlsx#Sheet1!I8 | https://www.ncbi.nlm.nih.gov/biosample/SAMN48043650	source_record	SAMN48043650		siphosome			YPM:IZ:111745	SRR33215970	PRJNA1252167	A01519:322:H7JNNDSX7:L004;A01519:358:HJKNNDSX7:L001	315228126	true	routing R (properly-paired to N. septata ref)
Ahuja2026:WS2	YPM:IZ:110216	Ahuja2026	Ahuja2026	Nanomia sp.	Nanomia (CO1 per Ahuja 2026)	NW Atlantic	Rhode Island	41.03600	-71.39900	2013-08-30		0	20	0-20 m	data/sources/Ahuja2026_journal.pone.0351247.s008.xlsx#Sheet1!I14 | https://www.ncbi.nlm.nih.gov/biosample/SAMN48043656	source_record	SAMN48043656		siphosome			YPM:IZ:110216	SRR33215982	PRJNA1252167	A01519:322:H7JNNDSX7:L004;A01519:358:HJKNNDSX7:L001	152222142	true	RI cluster = N. bijuga (3) + N. cara (1); per-specimen CO1 needed
Ahuja2026:WS3	YPM:IZ:111734	Ahuja2026	Ahuja2026	Nanomia sp.	Nanomia (CO1 per Ahuja 2026)	NW Atlantic	Rhode Island	41.13500	-71.36600	2015-09-15		0	20	0-20 m	data/sources/Ahuja2026_journal.pone.0351247.s008.xlsx#Sheet1!I15 | https://www.ncbi.nlm.nih.gov/biosample/SAMN48043657	source_record	SAMN48043657		siphosome			YPM:IZ:111734	SRR33215981	PRJNA1252167	A01519:322:H7JNNDSX7:L004;A01519:358:HJKNNDSX7:L001	179433564	true	RI cluster = N. bijuga (3) + N. cara (1); per-specimen CO1 needed
Ahuja2026:WS4	YPM:IZ:111735	Ahuja2026	Ahuja2026	Nanomia sp.	Nanomia (CO1 per Ahuja 2026)	NW Atlantic	Rhode Island	41.05600	-71.34200	2014-08-20		0	20	0-20 m	data/sources/Ahuja2026_journal.pone.0351247.s008.xlsx#Sheet1!I16 | https://www.ncbi.nlm.nih.gov/biosample/SAMN48043658	source_record	SAMN48043658		siphosome			YPM:IZ:111735	SRR33215980	PRJNA1252167	A01519:322:H7JNNDSX7:L004;A01519:358:HJKNNDSX7:L001;LH00309:202:227M77LT4:L008;LH00309:204:227MGJLT4:L006	367392421	true	RI cluster = N. bijuga (3) + N. cara (1); per-specimen CO1 needed
Ahuja2026:WS5	YPM:IZ:111736	Ahuja2026	Ahuja2026	Nanomia septata	Nanomia (CO1 per Ahuja 2026)	NE Pacific	California	36.60064	-122.37689	2011-12-02				2854.16	data/sources/Ahuja2026_journal.pone.0351247.s008.xlsx#Sheet1!I3 | https://www.ncbi.nlm.nih.gov/biosample/SAMN48043645		SAMN48043645		siphosome			YPM:IZ:111736	SRR33215985	PRJNA1252167	A01519:322:H7JNNDSX7:L004;A01519:358:HJKNNDSX7:L001	378026200	true	routing R (properly-paired to N. septata ref)
Ahuja2026:WS6	YPM:IZ:111737	Ahuja2026	Ahuja2026	Nanomia septata	Nanomia (CO1 per Ahuja 2026)	NE Pacific	California	36.07181	-122.28211	2011-12-03				2563.33	data/sources/Ahuja2026_journal.pone.0351247.s008.xlsx#Sheet1!I4 | https://www.ncbi.nlm.nih.gov/biosample/SAMN48043646		SAMN48043646		siphosome			YPM:IZ:111737	SRR33215984	PRJNA1252167	A01519:322:H7JNNDSX7:L004;A01519:358:HJKNNDSX7:L001	368634270	true	routing R (properly-paired to N. septata ref)
Ahuja2026:WS7	YPM:IZ:111738	Ahuja2026	Ahuja2026	Nanomia septata	Nanomia (CO1 per Ahuja 2026)	NE Pacific	California	36.69937	-122.10107	2011-12-07	662.29			662.29	data/sources/Ahuja2026_journal.pone.0351247.s008.xlsx#Sheet1!I5 | https://www.ncbi.nlm.nih.gov/biosample/SAMN48043647	source_record	SAMN48043647		siphosome			YPM:IZ:111738	SRR33215973	PRJNA1252167	A01519:322:H7JNNDSX7:L004;A01519:358:HJKNNDSX7:L001	329179828	true	routing R (properly-paired to N. septata ref)
Ahuja2026:WS8	YPM:IZ:111739	Ahuja2026	Ahuja2026	Nanomia septata	Nanomia (CO1 per Ahuja 2026)	NE Pacific	California	36.64741	-122.11321	2013-07-15	559.83			559.83	data/sources/Ahuja2026_journal.pone.0351247.s008.xlsx#Sheet1!I6 | https://www.ncbi.nlm.nih.gov/biosample/SAMN48043648	source_record	SAMN48043648		siphosome			YPM:IZ:111739	SRR33215972	PRJNA1252167	A01519:322:H7JNNDSX7:L004;A01519:358:HJKNNDSX7:L001	347903385	true	routing R (properly-paired to N. septata ref)
Ahuja2026:WS9	YPM:IZ:107008	Ahuja2026	Ahuja2026	Nanomia septata	Nanomia (CO1 per Ahuja 2026)	NE Pacific	California	35.52000	-122.52390	2014-05-22	309			309	data/sources/Ahuja2026_journal.pone.0351247.s008.xlsx#Sheet1!I7 | https://www.ncbi.nlm.nih.gov/biosample/SAMN48043649	source_record	SAMN48043649		siphosome			YPM:IZ:107008	SRR33215971	PRJNA1252167	A01519:322:H7JNNDSX7:L004;A01519:358:HJKNNDSX7:L001	254345004	true	routing R (properly-paired to N. septata ref)
