path	sha256
manifest.csv	926bcbf2c6dffc18d9da0faa1877bd67349d057599aead88ba4472c40279b72d
data/results/phase6_analysis/v2/grades/bacterial_grades.tsv	3ea3fe7122aec9e9a4f5c6c264d1f38d8fff82e7110b33662a31d9f31931e178
data/results/phase6_analysis/v2/grades/viral_grades.tsv	b6bdc020837e2875c05f087256bcd2a77e0e268e688e40ee1f9b27b711c77b3c
data/results/eukaryote_gate/eukaryote_grades.tsv	5f56fcfd48e4c148fce1ce9d2762ab9086d07fa7da58aaa924a84cccdd63c440
data/results/phase3_catalog/mags/mag_catalog.tsv	571be5903599c802ff7a88cb1a9a9cf24c378b37b1ab1049d4aff9365e234c20
data/results/phase4_catalog/v2/bacterial_catalog.manifest.tsv	7410de301b70753304c1326141b8ee2a981f77f16ffe4b1e6794291cf672ef0a
config/phase3_assembly.tsv	205aaa0af84e0d78e7cf4740e782e9d13c6bbb699fe64db8c72979e7db2c3576
data/results/phase6_analysis/v2/primary/library_flowcells.tsv	5b5a70610cd223c59958af77362201ffe669c2bfec982fcb99083f9dfed0efdc
figures/build_cohort.py	7600d8978725ce4ea214a05b25656863feafc27a2a5ac275dbf68a5da4e09c63
