library_id	field	source	source_locator	original_value	action	replacement_value	reason
Ahuja2024:CWD16	longitude	data/sources/Ahuja2024_Supplementary_Table_1.xlsx	Invertebrate.1.0!U37	-74.02	exclude		Compatible rounding: 2026 longitude -74.016667 rounds to -74.02 at the 2024 source precision; use the more precise published value for the previously missing numeric field, retaining original coordinates in provenance.
Ahuja2024:CWD16	specimen_voucher	data/sources/Ahuja2026_journal.pone.0351247.s008.xlsx	Sheet1!B2	YPM-IZ-35039	replace	YPM:IZ:35039	Equivalent institution, collection and catalog number; normalize punctuation for this exact voucher while preserving the source spelling.
Ahuja2024:CWD16	longitude	https://www.ncbi.nlm.nih.gov/biosample/SAMN32803050	Attributes/Attribute[@attribute_name='lat_lon']	-74.02	exclude		BioSample repeats the 2024 coordinate rounded to two decimal places; the 2026 published value -74.016667 is compatible and more precise. Preserve this submitted value in the decision audit.
Ahuja2026:NA19	specimen_voucher	data/sources/Ahuja2026_journal.pone.0351247.s008.xlsx	Sheet1!B23	YPM-IZ-111744	replace	YPM:IZ:111744	Exact YPM institution, IZ collection and catalog number match the canonical specimen_id; normalize punctuation only, preserving the original source spelling.
Ahuja2026:NA28	specimen_voucher	data/sources/Ahuja2026_journal.pone.0351247.s008.xlsx	Sheet1!B13	YPM-IZ-110451	replace	YPM:IZ:110451	Exact YPM institution, IZ collection and catalog number match the canonical specimen_id; normalize punctuation only, preserving the original source spelling.
Ahuja2026:NA29	specimen_voucher	data/sources/Ahuja2026_journal.pone.0351247.s008.xlsx	Sheet1!B12	YPM-IZ-111733	replace	YPM:IZ:111733	Exact YPM institution, IZ collection and catalog number match the canonical specimen_id; normalize punctuation only, preserving the original source spelling.
Ahuja2026:NA30	specimen_voucher	data/sources/Ahuja2026_journal.pone.0351247.s008.xlsx	Sheet1!B17	YPM-IZ-111732	replace	YPM:IZ:111732	Exact YPM institution, IZ collection and catalog number match the canonical specimen_id; normalize punctuation only, preserving the original source spelling.
Ahuja2026:NA31	specimen_voucher	data/sources/Ahuja2026_journal.pone.0351247.s008.xlsx	Sheet1!B9	YPM-IZ-111742	replace	YPM:IZ:111742	Exact YPM institution, IZ collection and catalog number match the canonical specimen_id; normalize punctuation only, preserving the original source spelling.
Ahuja2026:NA32	specimen_voucher	data/sources/Ahuja2026_journal.pone.0351247.s008.xlsx	Sheet1!B10	YPM-IZ-111740	replace	YPM:IZ:111740	Exact YPM institution, IZ collection and catalog number match the canonical specimen_id; normalize punctuation only, preserving the original source spelling.
Ahuja2026:NA33	specimen_voucher	data/sources/Ahuja2026_journal.pone.0351247.s008.xlsx	Sheet1!B11	YPM-IZ-111741	replace	YPM:IZ:111741	Exact YPM institution, IZ collection and catalog number match the canonical specimen_id; normalize punctuation only, preserving the original source spelling.
Ahuja2026:NA34	specimen_voucher	data/sources/Ahuja2026_journal.pone.0351247.s008.xlsx	Sheet1!B18	YPM-IZ-111164	replace	YPM:IZ:111164	Exact YPM institution, IZ collection and catalog number match the canonical specimen_id; normalize punctuation only, preserving the original source spelling.
Ahuja2026:NA35	specimen_voucher	data/sources/Ahuja2026_journal.pone.0351247.s008.xlsx	Sheet1!B19	YPM-IZ-111165	replace	YPM:IZ:111165	Exact YPM institution, IZ collection and catalog number match the canonical specimen_id; normalize punctuation only, preserving the original source spelling.
Ahuja2026:NA36	specimen_voucher	data/sources/Ahuja2026_journal.pone.0351247.s008.xlsx	Sheet1!B20	YPM-IZ-111166	replace	YPM:IZ:111166	Exact YPM institution, IZ collection and catalog number match the canonical specimen_id; normalize punctuation only, preserving the original source spelling.
Ahuja2026:NA37	specimen_voucher	data/sources/Ahuja2026_journal.pone.0351247.s008.xlsx	Sheet1!B21	YPM-IZ-111590	replace	YPM:IZ:111590	Exact YPM institution, IZ collection and catalog number match the canonical specimen_id; normalize punctuation only, preserving the original source spelling.
Ahuja2026:NA38	specimen_voucher	data/sources/Ahuja2026_journal.pone.0351247.s008.xlsx	Sheet1!B22	YPM-IZ-111591	replace	YPM:IZ:111591	Exact YPM institution, IZ collection and catalog number match the canonical specimen_id; normalize punctuation only, preserving the original source spelling.
Ahuja2026:WS10	specimen_voucher	data/sources/Ahuja2026_journal.pone.0351247.s008.xlsx	Sheet1!B8	YPM-IZ-111745	replace	YPM:IZ:111745	Exact YPM institution, IZ collection and catalog number match the canonical specimen_id; normalize punctuation only, preserving the original source spelling.
Ahuja2026:WS2	specimen_voucher	data/sources/Ahuja2026_journal.pone.0351247.s008.xlsx	Sheet1!B14	YPM-IZ-110216	replace	YPM:IZ:110216	Exact YPM institution, IZ collection and catalog number match the canonical specimen_id; normalize punctuation only, preserving the original source spelling.
Ahuja2026:WS3	specimen_voucher	data/sources/Ahuja2026_journal.pone.0351247.s008.xlsx	Sheet1!B15	YPM-IZ-111734	replace	YPM:IZ:111734	Exact YPM institution, IZ collection and catalog number match the canonical specimen_id; normalize punctuation only, preserving the original source spelling.
Ahuja2026:WS4	specimen_voucher	data/sources/Ahuja2026_journal.pone.0351247.s008.xlsx	Sheet1!B16	YPM-IZ-111735	replace	YPM:IZ:111735	Exact YPM institution, IZ collection and catalog number match the canonical specimen_id; normalize punctuation only, preserving the original source spelling.
Ahuja2026:WS5	specimen_voucher	data/sources/Ahuja2026_journal.pone.0351247.s008.xlsx	Sheet1!B3	YPM-IZ-111736	replace	YPM:IZ:111736	Exact YPM institution, IZ collection and catalog number match the canonical specimen_id; normalize punctuation only, preserving the original source spelling.
Ahuja2026:WS6	specimen_voucher	data/sources/Ahuja2026_journal.pone.0351247.s008.xlsx	Sheet1!B4	YPM-IZ-111737	replace	YPM:IZ:111737	Exact YPM institution, IZ collection and catalog number match the canonical specimen_id; normalize punctuation only, preserving the original source spelling.
Ahuja2026:WS7	specimen_voucher	data/sources/Ahuja2026_journal.pone.0351247.s008.xlsx	Sheet1!B5	YPM-IZ-111738	replace	YPM:IZ:111738	Exact YPM institution, IZ collection and catalog number match the canonical specimen_id; normalize punctuation only, preserving the original source spelling.
Ahuja2026:WS8	specimen_voucher	data/sources/Ahuja2026_journal.pone.0351247.s008.xlsx	Sheet1!B6	YPM-IZ-111739	replace	YPM:IZ:111739	Exact YPM institution, IZ collection and catalog number match the canonical specimen_id; normalize punctuation only, preserving the original source spelling.
Ahuja2026:WS9	specimen_voucher	data/sources/Ahuja2026_journal.pone.0351247.s008.xlsx	Sheet1!B7	YPM-IZ-107008	replace	YPM:IZ:107008	Exact YPM institution, IZ collection and catalog number match the canonical specimen_id; normalize punctuation only, preserving the original source spelling.
