source	sheet	row	source_record	status	library_id	matched_identifiers
data/sources/Ahuja2024_Supplementary_Table_1.xlsx	Invertebrate.1.0	14	Ahuja2024:CWD121	matched	Ahuja2024:CWD121	Ahuja2024:CWD121;voucher:YPMIZ35350
data/sources/Ahuja2024_Supplementary_Table_1.xlsx	Invertebrate.1.0	15	Ahuja2024:CWD1	matched	Ahuja2024:CWD1	Ahuja2024:CWD1;voucher:YPMIZ35024
data/sources/Ahuja2024_Supplementary_Table_1.xlsx	Invertebrate.1.0	16	Ahuja2024:CWD2	matched	Ahuja2024:CWD2	Ahuja2024:CWD2;voucher:YPMIZ35029
data/sources/Ahuja2024_Supplementary_Table_1.xlsx	Invertebrate.1.0	17	Ahuja2024:CWD116	matched	Ahuja2024:CWD116	Ahuja2024:CWD116
data/sources/Ahuja2024_Supplementary_Table_1.xlsx	Invertebrate.1.0	18	Ahuja2024:CWD3	matched	Ahuja2024:CWD3	Ahuja2024:CWD3;voucher:YPMIZ35030
data/sources/Ahuja2024_Supplementary_Table_1.xlsx	Invertebrate.1.0	19	Ahuja2024:NA5	matched	Ahuja2024:NA5	Ahuja2024:NA5
data/sources/Ahuja2024_Supplementary_Table_1.xlsx	Invertebrate.1.0	20	Ahuja2024:CWD101	matched	Ahuja2024:CWD101	Ahuja2024:CWD101;voucher:YPMIZ35090
data/sources/Ahuja2024_Supplementary_Table_1.xlsx	Invertebrate.1.0	21	Ahuja2024:CWD104	matched	Ahuja2024:CWD104	Ahuja2024:CWD104
data/sources/Ahuja2024_Supplementary_Table_1.xlsx	Invertebrate.1.0	22	Ahuja2024:NA8	matched	Ahuja2024:NA8	Ahuja2024:NA8;voucher:YPMIZ110226
data/sources/Ahuja2024_Supplementary_Table_1.xlsx	Invertebrate.1.0	23	Ahuja2024:CWD122	matched	Ahuja2024:CWD122	Ahuja2024:CWD122;voucher:YPMIZ35049
data/sources/Ahuja2024_Supplementary_Table_1.xlsx	Invertebrate.1.0	24	Ahuja2024:NA1	matched	Ahuja2024:NA1	Ahuja2024:NA1;voucher:YPMIZ110225
data/sources/Ahuja2024_Supplementary_Table_1.xlsx	Invertebrate.1.0	25	Ahuja2024:CWD6	matched	Ahuja2024:CWD6	Ahuja2024:CWD6;voucher:YPMIZ35032
data/sources/Ahuja2024_Supplementary_Table_1.xlsx	Invertebrate.1.0	26	Ahuja2024:NA6	matched	Ahuja2024:NA6	Ahuja2024:NA6
data/sources/Ahuja2024_Supplementary_Table_1.xlsx	Invertebrate.1.0	27	Ahuja2024:CWD7	matched	Ahuja2024:CWD7	Ahuja2024:CWD7;voucher:YPMIZ35033
data/sources/Ahuja2024_Supplementary_Table_1.xlsx	Invertebrate.1.0	28	Ahuja2024:CWD146	matched	Ahuja2024:CWD146	Ahuja2024:CWD146;voucher:YPMIZ35362
data/sources/Ahuja2024_Supplementary_Table_1.xlsx	Invertebrate.1.0	29	Ahuja2024:NA3	matched	Ahuja2024:NA3	Ahuja2024:NA3
data/sources/Ahuja2024_Supplementary_Table_1.xlsx	Invertebrate.1.0	30	Ahuja2024:NA9	matched	Ahuja2024:NA9	Ahuja2024:NA9
data/sources/Ahuja2024_Supplementary_Table_1.xlsx	Invertebrate.1.0	31	Ahuja2024:CWD144	matched	Ahuja2024:CWD144	Ahuja2024:CWD144;voucher:YPMIZ35360
data/sources/Ahuja2024_Supplementary_Table_1.xlsx	Invertebrate.1.0	32	Ahuja2024:CWD12	matched	Ahuja2024:CWD12	Ahuja2024:CWD12;voucher:YPMIZ35038
data/sources/Ahuja2024_Supplementary_Table_1.xlsx	Invertebrate.1.0	33	Ahuja2024:CWD17	matched	Ahuja2024:CWD17	Ahuja2024:CWD17;voucher:YPMIZ35040
data/sources/Ahuja2024_Supplementary_Table_1.xlsx	Invertebrate.1.0	34	Ahuja2024:CWD117	matched	Ahuja2024:CWD117	Ahuja2024:CWD117;voucher:YPMIZ35045
data/sources/Ahuja2024_Supplementary_Table_1.xlsx	Invertebrate.1.0	35	Ahuja2024:NA7	matched	Ahuja2024:NA7	Ahuja2024:NA7
data/sources/Ahuja2024_Supplementary_Table_1.xlsx	Invertebrate.1.0	36	Ahuja2024:NA19	matched	Ahuja2026:NA19	Ahuja2024:NA19
data/sources/Ahuja2024_Supplementary_Table_1.xlsx	Invertebrate.1.0	37	Ahuja2024:CWD16	matched	Ahuja2024:CWD16	Ahuja2024:CWD16;voucher:YPMIZ35039
data/sources/Ahuja2024_Supplementary_Table_1.xlsx	Invertebrate.1.0	38	Ahuja2024:NA22	matched	Church2025:YPM-IZ-104465	Ahuja2024:NA22;voucher:YPMIZ104465
data/sources/Ahuja2024_Supplementary_Table_1.xlsx	Invertebrate.1.0	39	Ahuja2024:NA2	matched	Ahuja2024:NA2	Ahuja2024:NA2
data/sources/Ahuja2024_Supplementary_Table_1.xlsx	Invertebrate.1.0	40	Ahuja2024:NA4	matched	Ahuja2024:NA4	Ahuja2024:NA4
data/sources/Ahuja2024_Supplementary_Table_1.xlsx	Invertebrate.1.0	41	Ahuja2024:CWD19	matched	Ahuja2024:CWD19	Ahuja2024:CWD19;voucher:YPMIZ35346
data/sources/Ahuja2024_Supplementary_Table_1.xlsx	Invertebrate.1.0	42	Ahuja2024:NA10	matched	Ahuja2024:NA10	Ahuja2024:NA10
data/sources/Ahuja2024_Supplementary_Table_1.xlsx	Invertebrate.1.0	43	Ahuja2024:NA11	matched	Ahuja2024:NA11	Ahuja2024:NA11
data/sources/Ahuja2024_Supplementary_Table_1.xlsx	Invertebrate.1.0	44	Ahuja2024:CWD131	matched	Ahuja2024:CWD131	Ahuja2024:CWD131;voucher:YPMIZ35355
data/sources/Ahuja2024_Supplementary_Table_1.xlsx	Invertebrate.1.0	45	Ahuja2024:CWD20	matched	Ahuja2024:CWD20	Ahuja2024:CWD20;voucher:YPMIZ35347
data/sources/Ahuja2024_Supplementary_Table_1.xlsx	Invertebrate.1.0	46	Ahuja2024:CWD21	matched	Ahuja2024:CWD21	Ahuja2024:CWD21;voucher:YPMIZ35041
data/sources/Ahuja2024_Supplementary_Table_1.xlsx	Invertebrate.1.0	47	Ahuja2024:CWD141	matched	Ahuja2024:CWD141	Ahuja2024:CWD141;voucher:YPMIZ35358
data/sources/Ahuja2024_Supplementary_Table_1.xlsx	Invertebrate.1.0	48	Ahuja2024:CWD11	matched	Ahuja2024:CWD11	Ahuja2024:CWD11;voucher:YPMIZ35076
data/sources/Ahuja2026_journal.pone.0351247.s008.xlsx	Sheet1	2	Ahuja2026:CWD16	matched	Ahuja2024:CWD16	Ahuja2026:CWD16;voucher:YPMIZ35039;run:SRR23143286
data/sources/Ahuja2026_journal.pone.0351247.s008.xlsx	Sheet1	3	Ahuja2026:WS5	matched	Ahuja2026:WS5	Ahuja2026:WS5;voucher:YPMIZ111736;run:SRR33215985
data/sources/Ahuja2026_journal.pone.0351247.s008.xlsx	Sheet1	4	Ahuja2026:WS6	matched	Ahuja2026:WS6	Ahuja2026:WS6;voucher:YPMIZ111737;run:SRR33215984
data/sources/Ahuja2026_journal.pone.0351247.s008.xlsx	Sheet1	5	Ahuja2026:WS7	matched	Ahuja2026:WS7	Ahuja2026:WS7;voucher:YPMIZ111738;run:SRR33215973
data/sources/Ahuja2026_journal.pone.0351247.s008.xlsx	Sheet1	6	Ahuja2026:WS8	matched	Ahuja2026:WS8	Ahuja2026:WS8;voucher:YPMIZ111739;run:SRR33215972
data/sources/Ahuja2026_journal.pone.0351247.s008.xlsx	Sheet1	7	Ahuja2026:WS9	matched	Ahuja2026:WS9	Ahuja2026:WS9;voucher:YPMIZ107008;run:SRR33215971
data/sources/Ahuja2026_journal.pone.0351247.s008.xlsx	Sheet1	8	Ahuja2026:WS10	matched	Ahuja2026:WS10	Ahuja2026:WS10;voucher:YPMIZ111745;run:SRR33215970
data/sources/Ahuja2026_journal.pone.0351247.s008.xlsx	Sheet1	9	Ahuja2026:NA31	matched	Ahuja2026:NA31	Ahuja2026:NA31;voucher:YPMIZ111742;run:SRR33215969
data/sources/Ahuja2026_journal.pone.0351247.s008.xlsx	Sheet1	10	Ahuja2026:NA32	matched	Ahuja2026:NA32	Ahuja2026:NA32;voucher:YPMIZ111740;run:SRR33215968
data/sources/Ahuja2026_journal.pone.0351247.s008.xlsx	Sheet1	11	Ahuja2026:NA33	matched	Ahuja2026:NA33	Ahuja2026:NA33;voucher:YPMIZ111741;run:SRR33215967
data/sources/Ahuja2026_journal.pone.0351247.s008.xlsx	Sheet1	12	Ahuja2026:NA29	matched	Ahuja2026:NA29	Ahuja2026:NA29;voucher:YPMIZ111733;run:SRR33215966
data/sources/Ahuja2026_journal.pone.0351247.s008.xlsx	Sheet1	13	Ahuja2026:NA28	matched	Ahuja2026:NA28	Ahuja2026:NA28;voucher:YPMIZ110451;run:SRR33215983
data/sources/Ahuja2026_journal.pone.0351247.s008.xlsx	Sheet1	14	Ahuja2026:WS2	matched	Ahuja2026:WS2	Ahuja2026:WS2;voucher:YPMIZ110216;run:SRR33215982
data/sources/Ahuja2026_journal.pone.0351247.s008.xlsx	Sheet1	15	Ahuja2026:WS3	matched	Ahuja2026:WS3	Ahuja2026:WS3;voucher:YPMIZ111734;run:SRR33215981
data/sources/Ahuja2026_journal.pone.0351247.s008.xlsx	Sheet1	16	Ahuja2026:WS4	matched	Ahuja2026:WS4	Ahuja2026:WS4;voucher:YPMIZ111735;run:SRR33215980
data/sources/Ahuja2026_journal.pone.0351247.s008.xlsx	Sheet1	17	Ahuja2026:NA30	matched	Ahuja2026:NA30	Ahuja2026:NA30;voucher:YPMIZ111732;run:SRR33215979
data/sources/Ahuja2026_journal.pone.0351247.s008.xlsx	Sheet1	18	Ahuja2026:NA34	matched	Ahuja2026:NA34	Ahuja2026:NA34;voucher:YPMIZ111164;run:SRR33215978
data/sources/Ahuja2026_journal.pone.0351247.s008.xlsx	Sheet1	19	Ahuja2026:NA35	matched	Ahuja2026:NA35	Ahuja2026:NA35;voucher:YPMIZ111165;run:SRR33215977
data/sources/Ahuja2026_journal.pone.0351247.s008.xlsx	Sheet1	20	Ahuja2026:NA36	matched	Ahuja2026:NA36	Ahuja2026:NA36;voucher:YPMIZ111166;run:SRR33215976
data/sources/Ahuja2026_journal.pone.0351247.s008.xlsx	Sheet1	21	Ahuja2026:NA37	matched	Ahuja2026:NA37	Ahuja2026:NA37;voucher:YPMIZ111590;run:SRR33215975
data/sources/Ahuja2026_journal.pone.0351247.s008.xlsx	Sheet1	22	Ahuja2026:NA38	matched	Ahuja2026:NA38	Ahuja2026:NA38;voucher:YPMIZ111591;run:SRR33215974
data/sources/Ahuja2026_journal.pone.0351247.s008.xlsx	Sheet1	23	Ahuja2026:NA19	matched	Ahuja2026:NA19	Ahuja2026:NA19;voucher:YPMIZ111744;run:SRR23143273
data/sources/Ahuja2026_journal.pone.0351247.s008.xlsx	Sheet1	24	Ahuja2026:	unmatched		
data/sources/Ahuja2026_journal.pone.0351247.s008.xlsx	Sheet1	25	Ahuja2026:	excluded_non_DNA		
data/sources/Ahuja2026_journal.pone.0351247.s008.xlsx	Sheet1	26	Ahuja2026:CMN194	excluded_non_DNA		
data/sources/Ahuja2026_journal.pone.0351247.s008.xlsx	Sheet1	27	Ahuja2026:CMN193	excluded_non_DNA		
data/sources/Ahuja2026_journal.pone.0351247.s008.xlsx	Sheet1	28	Ahuja2026:CMN192	excluded_non_DNA		
data/sources/Ahuja2026_journal.pone.0351247.s008.xlsx	Sheet1	29	Ahuja2026:CMN191	excluded_non_DNA		
data/sources/Ahuja2026_journal.pone.0351247.s008.xlsx	Sheet1	30	Ahuja2026:CMN135	excluded_non_DNA	Ahuja2026:WS9	voucher:YPMIZ107008
data/sources/Ahuja2026_journal.pone.0351247.s008.xlsx	Sheet1	31	Ahuja2026:CMN134	excluded_non_DNA	Ahuja2026:WS9	voucher:YPMIZ107008
data/sources/Ahuja2026_journal.pone.0351247.s008.xlsx	Sheet1	32	Ahuja2026:CMN133	excluded_non_DNA	Ahuja2026:WS9	voucher:YPMIZ107008
data/sources/Ahuja2026_journal.pone.0351247.s008.xlsx	Sheet1	33	Ahuja2026:CMN132	excluded_non_DNA	Ahuja2026:WS9	voucher:YPMIZ107008
data/sources/Ahuja2026_journal.pone.0351247.s008.xlsx	Sheet1	34	Ahuja2026:CMN131	excluded_non_DNA	Ahuja2026:WS9	voucher:YPMIZ107008
data/sources/Ahuja2026_journal.pone.0351247.s008.xlsx	Sheet1	35	Ahuja2026:CMN138	excluded_non_DNA	Ahuja2026:WS9	voucher:YPMIZ107008
data/sources/Ahuja2026_journal.pone.0351247.s008.xlsx	Sheet1	36	Ahuja2026:CMN145	excluded_non_DNA		
data/sources/Ahuja2026_journal.pone.0351247.s008.xlsx	Sheet1	37	Ahuja2026:CMN136	excluded_non_DNA	Ahuja2026:WS9	voucher:YPMIZ107008
data/sources/Ahuja2026_journal.pone.0351247.s008.xlsx	Sheet1	38	Ahuja2026:CMN137	excluded_non_DNA	Ahuja2026:WS9	voucher:YPMIZ107008
data/sources/Ahuja2026_journal.pone.0351247.s008.xlsx	Sheet1	39	Ahuja2026:CMN148	excluded_non_DNA		
data/sources/Ahuja2026_journal.pone.0351247.s008.xlsx	Sheet1	40	Ahuja2026:CMN149	excluded_non_DNA		
data/sources/Ahuja2026_journal.pone.0351247.s008.xlsx	Sheet1	41	Ahuja2026:CMN146	excluded_non_DNA		
data/sources/Ahuja2026_journal.pone.0351247.s008.xlsx	Sheet1	42	Ahuja2026:CMN147	excluded_non_DNA		
data/sources/Ahuja2026_journal.pone.0351247.s008.xlsx	Sheet1	43	Ahuja2026:CMN150	excluded_non_DNA		
data/sources/Ahuja2026_journal.pone.0351247.s008.xlsx	Sheet1	44	Ahuja2026:CMN190	excluded_non_DNA		
