run	bioproject	sample_alias	platform	layout	read_count	site	sample_type	preservation	animal	urls	md5
SRR26155636	PRJNA1020388	Kmuffet_L36_Tavernier_Water_DESS_NA	ILLUMINA	PAIRED	93021	Tavernier	Water	DESS	NA	https://ftp.sra.ebi.ac.uk/vol1/fastq/SRR261/036/SRR26155636/SRR26155636_1.fastq.gz;https://ftp.sra.ebi.ac.uk/vol1/fastq/SRR261/036/SRR26155636/SRR26155636_2.fastq.gz	a7f7b518b860f6213ab21bc60726d477;b409f23855ac0bc73a789880a241dbe6
SRR26155640	PRJNA1020388	Kmuffet_136_Tavernier_GVC_DESS_34	ILLUMINA	PAIRED	127762	Tavernier	GVC	DESS	34	https://ftp.sra.ebi.ac.uk/vol1/fastq/SRR261/040/SRR26155640/SRR26155640_1.fastq.gz;https://ftp.sra.ebi.ac.uk/vol1/fastq/SRR261/040/SRR26155640/SRR26155640_2.fastq.gz	11b6a01323d79eacf8ab16d320fe3931;8f341468474b210a4c861762c748ce3f
SRR26155641	PRJNA1020388	Kmuffet_134_Tavernier_External_DESS_34	ILLUMINA	PAIRED	144608	Tavernier	External	DESS	34	https://ftp.sra.ebi.ac.uk/vol1/fastq/SRR261/041/SRR26155641/SRR26155641_1.fastq.gz;https://ftp.sra.ebi.ac.uk/vol1/fastq/SRR261/041/SRR26155641/SRR26155641_2.fastq.gz	4dbe0b31ae6861d2a813a4f5fed96815;e9d24e054b02dc2ab7323f5505765728
SRR26155643	PRJNA1020388	Kmuffet_131_Tavernier_GVC_DESS_33	ILLUMINA	PAIRED	95369	Tavernier	GVC	DESS	33	https://ftp.sra.ebi.ac.uk/vol1/fastq/SRR261/043/SRR26155643/SRR26155643_1.fastq.gz;https://ftp.sra.ebi.ac.uk/vol1/fastq/SRR261/043/SRR26155643/SRR26155643_2.fastq.gz	c34b42258cd389ce948867dc00625810;91f25355428e9ab3b57eb5cb29db4b2a
SRR26155650	PRJNA1020388	Kmuffet_DB1_SWAB_Control_DESS_2	ILLUMINA	PAIRED	75139	SWAB	Control	DESS	2	https://ftp.sra.ebi.ac.uk/vol1/fastq/SRR261/050/SRR26155650/SRR26155650_1.fastq.gz;https://ftp.sra.ebi.ac.uk/vol1/fastq/SRR261/050/SRR26155650/SRR26155650_2.fastq.gz	f1eb6d4365cf367beb849c93af178352;499504d41fa70410a12144fb4edd21d1
SRR26155654	PRJNA1020388	Kmuffet_L12_MarathonKey_Water_DESS_NA	ILLUMINA	PAIRED	104134	MarathonKey	Water	DESS	NA	https://ftp.sra.ebi.ac.uk/vol1/fastq/SRR261/054/SRR26155654/SRR26155654_1.fastq.gz;https://ftp.sra.ebi.ac.uk/vol1/fastq/SRR261/054/SRR26155654/SRR26155654_2.fastq.gz	8a62d138bc16e394ceaad5a1318c48e1;d18ea8f551500e0f8434956282820baf
SRR26155656	PRJNA1020388	Kmuffet_7_MarathonKey_External_DESS_2	ILLUMINA	PAIRED	130995	MarathonKey	External	DESS	2	https://ftp.sra.ebi.ac.uk/vol1/fastq/SRR261/056/SRR26155656/SRR26155656_1.fastq.gz;https://ftp.sra.ebi.ac.uk/vol1/fastq/SRR261/056/SRR26155656/SRR26155656_2.fastq.gz	57aa41ebc065358aebe4f78e535b28ae;758b5d295722fac0dbb13146baa74fb7
SRR26155658	PRJNA1020388	Kmuffet_34_MarathonKey_GVC_DESS_8	ILLUMINA	PAIRED	132983	MarathonKey	GVC	DESS	8	https://ftp.sra.ebi.ac.uk/vol1/fastq/SRR261/058/SRR26155658/SRR26155658_1.fastq.gz;https://ftp.sra.ebi.ac.uk/vol1/fastq/SRR261/058/SRR26155658/SRR26155658_2.fastq.gz	57d37f65c586c01000e63441cb10283e;ad2d11064d3cb0f5001df2943381ccdd
SRR26155667	PRJNA1020388	Kmuffet_19_MarathonKey_GVC_DESS_5	ILLUMINA	PAIRED	92749	MarathonKey	GVC	DESS	5	https://ftp.sra.ebi.ac.uk/vol1/fastq/SRR261/067/SRR26155667/SRR26155667_1.fastq.gz;https://ftp.sra.ebi.ac.uk/vol1/fastq/SRR261/067/SRR26155667/SRR26155667_2.fastq.gz	f27b86508654b9b6c1d025ba51cd7c53;af66c04ff9bbef82511a54a8ebb411c0
SRR26155669	PRJNA1020388	Kmuffet_14_MarathonKey_GVC_DESS_3	ILLUMINA	PAIRED	79234	MarathonKey	GVC	DESS	3	https://ftp.sra.ebi.ac.uk/vol1/fastq/SRR261/069/SRR26155669/SRR26155669_1.fastq.gz;https://ftp.sra.ebi.ac.uk/vol1/fastq/SRR261/069/SRR26155669/SRR26155669_2.fastq.gz	71ed7f360229435b3b70b2d2c7e12b10;f444dd695a648264d407e16c936b421c
SRR26155674	PRJNA1020388	Kmuffet_164_LowerMatacombeKey_External_DESS_40	ILLUMINA	PAIRED	161641	LowerMatacombeKey	External	DESS	40	https://ftp.sra.ebi.ac.uk/vol1/fastq/SRR261/074/SRR26155674/SRR26155674_1.fastq.gz;https://ftp.sra.ebi.ac.uk/vol1/fastq/SRR261/074/SRR26155674/SRR26155674_2.fastq.gz	a36ff12359ed9b4c48d57cf1a4b74a1e;4f64fcfe0c9a856b4d9beaf0f8c7baeb
SRR26155677	PRJNA1020388	Kmuffet_159_LowerMatacombeKey_External_DESS_39	ILLUMINA	PAIRED	124957	LowerMatacombeKey	External	DESS	39	https://ftp.sra.ebi.ac.uk/vol1/fastq/SRR261/077/SRR26155677/SRR26155677_1.fastq.gz;https://ftp.sra.ebi.ac.uk/vol1/fastq/SRR261/077/SRR26155677/SRR26155677_2.fastq.gz	950b3f2d2d2a3cf29e67ddd79bb9e681;a706ed1d1f3fd336297527c954459d10
SRR26155678	PRJNA1020388	Kmuffet_L32_KeyWest_Water_DESS_NA	ILLUMINA	PAIRED	98642	KeyWest	Water	DESS	NA	https://ftp.sra.ebi.ac.uk/vol1/fastq/SRR261/078/SRR26155678/SRR26155678_1.fastq.gz;https://ftp.sra.ebi.ac.uk/vol1/fastq/SRR261/078/SRR26155678/SRR26155678_2.fastq.gz	f0e78e9678a20d040deb30ee4c109b43;2c5a7279eef60b2f6439ffd5b6daa437
SRR26155687	PRJNA1020388	Kmuffet_121_KeyWest_GVC_DESS_30	ILLUMINA	PAIRED	167417	KeyWest	GVC	DESS	30	https://ftp.sra.ebi.ac.uk/vol1/fastq/SRR261/087/SRR26155687/SRR26155687_1.fastq.gz;https://ftp.sra.ebi.ac.uk/vol1/fastq/SRR261/087/SRR26155687/SRR26155687_2.fastq.gz	debe434aa7e70a5c7c5202c99389d669;23ac588905f1bc61f7f5686d79997a02
SRR26155688	PRJNA1020388	Kmuffet_120_KeyWest_GVC_Ethanol_30	ILLUMINA	PAIRED	227512	KeyWest	GVC	Ethanol	30	https://ftp.sra.ebi.ac.uk/vol1/fastq/SRR261/088/SRR26155688/SRR26155688_1.fastq.gz;https://ftp.sra.ebi.ac.uk/vol1/fastq/SRR261/088/SRR26155688/SRR26155688_2.fastq.gz	ed127678e3bbd7af9e81884e2773e498;146587964a9e7f012dae420ca2eb144d
SRR26155690	PRJNA1020388	Kmuffet_118_KeyWest_External_Ethanol_30	ILLUMINA	PAIRED	173659	KeyWest	External	Ethanol	30	https://ftp.sra.ebi.ac.uk/vol1/fastq/SRR261/090/SRR26155690/SRR26155690_1.fastq.gz;https://ftp.sra.ebi.ac.uk/vol1/fastq/SRR261/090/SRR26155690/SRR26155690_2.fastq.gz	ccb6cfd165b110b39019e1abec850bb7;020e6604e2cc0c9e3764804f5968da94
SRR26155693	PRJNA1020388	Kmuffet_228_KeyLargo_GVC_DESS_54	ILLUMINA	PAIRED	200594	KeyLargo	GVC	DESS	54	https://ftp.sra.ebi.ac.uk/vol1/fastq/SRR261/093/SRR26155693/SRR26155693_1.fastq.gz;https://ftp.sra.ebi.ac.uk/vol1/fastq/SRR261/093/SRR26155693/SRR26155693_2.fastq.gz	18a9b119992b94893f040e3369aece1b;128d5b7e78760f578611b955cdceeace
SRR26155697	PRJNA1020388	Kmuffet_51_BahiaHonda_External_DESS_14	ILLUMINA	PAIRED	124349	BahiaHonda	External	DESS	14	https://ftp.sra.ebi.ac.uk/vol1/fastq/SRR261/097/SRR26155697/SRR26155697_1.fastq.gz;https://ftp.sra.ebi.ac.uk/vol1/fastq/SRR261/097/SRR26155697/SRR26155697_2.fastq.gz	1fdd8ce29fce1311adee682b3179ecf9;890a9b972088942a4b751d46f99e5c7b
SRR26155698	PRJNA1020388	Kmuffet_218_KeyLargo_GVC_DESS_52	ILLUMINA	PAIRED	149243	KeyLargo	GVC	DESS	52	https://ftp.sra.ebi.ac.uk/vol1/fastq/SRR261/098/SRR26155698/SRR26155698_1.fastq.gz;https://ftp.sra.ebi.ac.uk/vol1/fastq/SRR261/098/SRR26155698/SRR26155698_2.fastq.gz	b09eb26ecb9534485f007e191ae6a72a;4e7d5b04ca67a1abea722312748caff0
SRR26155710	PRJNA1020388	Kmuffet_186_CudjoeKey_External_DESS_44	ILLUMINA	PAIRED	140142	CudjoeKey	External	DESS	44	https://ftp.sra.ebi.ac.uk/vol1/fastq/SRR261/010/SRR26155710/SRR26155710_1.fastq.gz;https://ftp.sra.ebi.ac.uk/vol1/fastq/SRR261/010/SRR26155710/SRR26155710_2.fastq.gz	01717ed1217fe7f50b44485606ed9385;9d1a166699401b827b970732385609f5
SRR26155713	PRJNA1020388	Kmuffet_178_CudjoeKey_GVC_DESS_42	ILLUMINA	PAIRED	148597	CudjoeKey	GVC	DESS	42	https://ftp.sra.ebi.ac.uk/vol1/fastq/SRR261/013/SRR26155713/SRR26155713_1.fastq.gz;https://ftp.sra.ebi.ac.uk/vol1/fastq/SRR261/013/SRR26155713/SRR26155713_2.fastq.gz	ab5a8be4e38f3ea2536d66559a690547;75b854b6393d769d4d7278ab0cb36a05
SRR26155722	PRJNA1020388	Kmuffet_71_BigPineKey_GVC_DESS_18	ILLUMINA	PAIRED	145688	BigPineKey	GVC	DESS	18	https://ftp.sra.ebi.ac.uk/vol1/fastq/SRR261/022/SRR26155722/SRR26155722_1.fastq.gz;https://ftp.sra.ebi.ac.uk/vol1/fastq/SRR261/022/SRR26155722/SRR26155722_2.fastq.gz	0fef4bff7ebd4c311351d500fd3b905b;11d90a205b596cbb886356de1b5e007b
SRR26155728	PRJNA1020388	Kmuffet_61_BigPineKey_GVC_DESS_16	ILLUMINA	PAIRED	160783	BigPineKey	GVC	DESS	16	https://ftp.sra.ebi.ac.uk/vol1/fastq/SRR261/028/SRR26155728/SRR26155728_1.fastq.gz;https://ftp.sra.ebi.ac.uk/vol1/fastq/SRR261/028/SRR26155728/SRR26155728_2.fastq.gz	3d1ba918f69d3399e1a1dfcca2cbb9cd;5085055f1fba5815df733132575c272c
SRR26155729	PRJNA1020388	Kmuffet_59_BigPineKey_External_DESS_16	ILLUMINA	PAIRED	145600	BigPineKey	External	DESS	16	https://ftp.sra.ebi.ac.uk/vol1/fastq/SRR261/029/SRR26155729/SRR26155729_1.fastq.gz;https://ftp.sra.ebi.ac.uk/vol1/fastq/SRR261/029/SRR26155729/SRR26155729_2.fastq.gz	dc240a86c4331a7d2ccafc863890d9db;4276e133e376f70efa8064d59c299f4b
SRR26155644	PRJNA1020388	Kmuffet_129_Tavernier_External_DESS_33	ILLUMINA	PAIRED	187388	Tavernier	External	DESS	33	https://ftp.sra.ebi.ac.uk/vol1/fastq/SRR261/044/SRR26155644/SRR26155644_1.fastq.gz;https://ftp.sra.ebi.ac.uk/vol1/fastq/SRR261/044/SRR26155644/SRR26155644_2.fastq.gz	e9423a81d169dc3f09ce0130a19d47b5;86e955e6e7f0e23888de6b18ef332a70
SRR26155645	PRJNA1020388	Kmuffet_L51_FreshwaterFilter_Control_DESS	ILLUMINA	PAIRED	181330	FreshwaterFilter	Control	DESS		https://ftp.sra.ebi.ac.uk/vol1/fastq/SRR261/045/SRR26155645/SRR26155645_1.fastq.gz;https://ftp.sra.ebi.ac.uk/vol1/fastq/SRR261/045/SRR26155645/SRR26155645_2.fastq.gz	896a8801519aac8137cea257b4aca4ea;4f3b8cc68d726458e61e14d9afc7b39e
SRR26155652	PRJNA1020388	Kmuffet_L3_MarathonKey_Benthic_DESS_NA	ILLUMINA	PAIRED	113461	MarathonKey	Benthic	DESS	NA	https://ftp.sra.ebi.ac.uk/vol1/fastq/SRR261/052/SRR26155652/SRR26155652_1.fastq.gz;https://ftp.sra.ebi.ac.uk/vol1/fastq/SRR261/052/SRR26155652/SRR26155652_2.fastq.gz	bd1ecff474cd6335f7f75e501e73a7a2;bca43b72ea5c76ca1fae9ce0667aca88
SRR26155653	PRJNA1020388	Kmuffet_L13_L18_BahiaHonda_Benthic_DESS_NA	ILLUMINA	PAIRED	117887	BahiaHonda	Benthic	DESS	NA	https://ftp.sra.ebi.ac.uk/vol1/fastq/SRR261/053/SRR26155653/SRR26155653_1.fastq.gz;https://ftp.sra.ebi.ac.uk/vol1/fastq/SRR261/053/SRR26155653/SRR26155653_2.fastq.gz	6ddf54144deadb7957469d0ae187fba1;f9a88c99968f49361a3c1766cbbe96c9
SRR26155655	PRJNA1020388	Kmuffet_9_MarathonKey_GVC_DESS_2	ILLUMINA	PAIRED	92215	MarathonKey	GVC	DESS	2	https://ftp.sra.ebi.ac.uk/vol1/fastq/SRR261/055/SRR26155655/SRR26155655_1.fastq.gz;https://ftp.sra.ebi.ac.uk/vol1/fastq/SRR261/055/SRR26155655/SRR26155655_2.fastq.gz	40c26e3c1d17abd41d13a0d641f1f249;b6bd8f1d75105c95f8df913182ce742a
SRR26155660	PRJNA1020388	Kmuffet_30_MarathonKey_GVC_DESS_7	ILLUMINA	PAIRED	64033	MarathonKey	GVC	DESS	7	https://ftp.sra.ebi.ac.uk/vol1/fastq/SRR261/060/SRR26155660/SRR26155660_1.fastq.gz;https://ftp.sra.ebi.ac.uk/vol1/fastq/SRR261/060/SRR26155660/SRR26155660_2.fastq.gz	cf5da56623bcb3dbd6dc88411a620b55;5053a7624736890830c9d43cb7d89a05
SRR26155661	PRJNA1020388	Kmuffet_28_MarathonKey_External_DESS_7	ILLUMINA	PAIRED	110294	MarathonKey	External	DESS	7	https://ftp.sra.ebi.ac.uk/vol1/fastq/SRR261/061/SRR26155661/SRR26155661_1.fastq.gz;https://ftp.sra.ebi.ac.uk/vol1/fastq/SRR261/061/SRR26155661/SRR26155661_2.fastq.gz	1c7bfa7a2468f575e0cde44e9dde3e15;d5628f1504953eec6599835c62c1d2d3
SRR26155666	PRJNA1020388	Kmuffet_2_MarathonKey_External_DESS_1	ILLUMINA	PAIRED	139063	MarathonKey	External	DESS	1	https://ftp.sra.ebi.ac.uk/vol1/fastq/SRR261/066/SRR26155666/SRR26155666_1.fastq.gz;https://ftp.sra.ebi.ac.uk/vol1/fastq/SRR261/066/SRR26155666/SRR26155666_2.fastq.gz	53467aaff4d861dfab27abda8465dcaf;75fc64daecf253b88b7777c85d5e5189
SRR26155668	PRJNA1020388	Kmuffet_17_MarathonKey_External_DESS_5	ILLUMINA	PAIRED	100021	MarathonKey	External	DESS	5	https://ftp.sra.ebi.ac.uk/vol1/fastq/SRR261/068/SRR26155668/SRR26155668_1.fastq.gz;https://ftp.sra.ebi.ac.uk/vol1/fastq/SRR261/068/SRR26155668/SRR26155668_2.fastq.gz	66dc653b88c75a89b42453f2a6030002;7992ab9d6b00e96834e991c09875c034
SRR26155673	PRJNA1020388	Kmuffet_166_LowerMatacombeKey_GVC_DESS_40	ILLUMINA	PAIRED	111681	LowerMatacombeKey	GVC	DESS	40	https://ftp.sra.ebi.ac.uk/vol1/fastq/SRR261/073/SRR26155673/SRR26155673_1.fastq.gz;https://ftp.sra.ebi.ac.uk/vol1/fastq/SRR261/073/SRR26155673/SRR26155673_2.fastq.gz	69d855faea1c3b021a909be8e8c7500d;4b2106cbdc5f7854ab1831dbbe0621d1
SRR26155675	PRJNA1020388	Kmuffet_55_BahiaHonda_External_DESS_15	ILLUMINA	PAIRED	110781	BahiaHonda	External	DESS	15	https://ftp.sra.ebi.ac.uk/vol1/fastq/SRR261/075/SRR26155675/SRR26155675_1.fastq.gz;https://ftp.sra.ebi.ac.uk/vol1/fastq/SRR261/075/SRR26155675/SRR26155675_2.fastq.gz	159894c5a3047ab6692422192c32b995;6f230fa28937e58cf3a912d6fda8eac5
SRR26155682	PRJNA1020388	Kmuffet_91_KeyWest_GVC_DESS_24	ILLUMINA	PAIRED	189196	KeyWest	GVC	DESS	24	https://ftp.sra.ebi.ac.uk/vol1/fastq/SRR261/082/SRR26155682/SRR26155682_1.fastq.gz;https://ftp.sra.ebi.ac.uk/vol1/fastq/SRR261/082/SRR26155682/SRR26155682_2.fastq.gz	bee7cebaf01083e6946214e7a6175ab6;6e27355998ec8d48dc16d0efb40c0658
SRR26155685	PRJNA1020388	Kmuffet_84_KeyWest_External_DESS_23	ILLUMINA	PAIRED	111625	KeyWest	External	DESS	23	https://ftp.sra.ebi.ac.uk/vol1/fastq/SRR261/085/SRR26155685/SRR26155685_1.fastq.gz;https://ftp.sra.ebi.ac.uk/vol1/fastq/SRR261/085/SRR26155685/SRR26155685_2.fastq.gz	9570398329a0198eea3c54f24d5a03a4;9a53b0e4601f0cdf5bf6c116e39c6856
SRR26155686	PRJNA1020388	Kmuffet_53_BahiaHonda_GVC_DESS_14	ILLUMINA	PAIRED	98420	BahiaHonda	GVC	DESS	14	https://ftp.sra.ebi.ac.uk/vol1/fastq/SRR261/086/SRR26155686/SRR26155686_1.fastq.gz;https://ftp.sra.ebi.ac.uk/vol1/fastq/SRR261/086/SRR26155686/SRR26155686_2.fastq.gz	527b871f387667454af8060e0689e6d5;a612feb966c121d0adbdb8551443924f
SRR26155691	PRJNA1020388	Kmuffet_L49_KeyLargo_Benthic_DESS_NA	ILLUMINA	PAIRED	135811	KeyLargo	Benthic	DESS	NA	https://ftp.sra.ebi.ac.uk/vol1/fastq/SRR261/091/SRR26155691/SRR26155691_1.fastq.gz;https://ftp.sra.ebi.ac.uk/vol1/fastq/SRR261/091/SRR26155691/SRR26155691_2.fastq.gz	5b15e9934d705f9fae7d7b873c8c9ec1;4a4110f32d8c517f8b87677157e4fdc5
SRR26155692	PRJNA1020388	Kmuffet_L47_KeyLargo_Water_DESS_NA	ILLUMINA	PAIRED	94689	KeyLargo	Water	DESS	NA	https://ftp.sra.ebi.ac.uk/vol1/fastq/SRR261/092/SRR26155692/SRR26155692_1.fastq.gz;https://ftp.sra.ebi.ac.uk/vol1/fastq/SRR261/092/SRR26155692/SRR26155692_2.fastq.gz	bdf63bd4aca657ade0c03881ec3d2307;b0d1af6ea22cb957cf7597a91527c23e
SRR26155695	PRJNA1020388	Kmuffet_223_KeyLargo_GVC_DESS_53	ILLUMINA	PAIRED	132452	KeyLargo	GVC	DESS	53	https://ftp.sra.ebi.ac.uk/vol1/fastq/SRR261/095/SRR26155695/SRR26155695_1.fastq.gz;https://ftp.sra.ebi.ac.uk/vol1/fastq/SRR261/095/SRR26155695/SRR26155695_2.fastq.gz	2d8e16b94a472c6175d5e372f7288dec;0ced23ad2df5923888f3ce8cdc66cfee
SRR26155699	PRJNA1020388	Kmuffet_216_KeyLargo_External_DESS_52	ILLUMINA	PAIRED	118156	KeyLargo	External	DESS	52	https://ftp.sra.ebi.ac.uk/vol1/fastq/SRR261/099/SRR26155699/SRR26155699_1.fastq.gz;https://ftp.sra.ebi.ac.uk/vol1/fastq/SRR261/099/SRR26155699/SRR26155699_2.fastq.gz	1926d25fb1cfb0496804c5d310ba1712;9c457d437b38adcddd17c233d049928b
SRR26155700	PRJNA1020388	Kmuffet_213_KeyLargo_GVC_DESS_51	ILLUMINA	PAIRED	169601	KeyLargo	GVC	DESS	51	https://ftp.sra.ebi.ac.uk/vol1/fastq/SRR261/000/SRR26155700/SRR26155700_1.fastq.gz;https://ftp.sra.ebi.ac.uk/vol1/fastq/SRR261/000/SRR26155700/SRR26155700_2.fastq.gz	0bb807007f5f25531266c464dadf8d8b;c828ddf68fc9273ed8db216adfa4548d
SRR26155708	PRJNA1020388	Kmuffet_48_BahiaHonda_GVC_DESS_13	ILLUMINA	PAIRED	121003	BahiaHonda	GVC	DESS	13	https://ftp.sra.ebi.ac.uk/vol1/fastq/SRR261/008/SRR26155708/SRR26155708_1.fastq.gz;https://ftp.sra.ebi.ac.uk/vol1/fastq/SRR261/008/SRR26155708/SRR26155708_2.fastq.gz	9f37af51540a98058283deeee13d142b;1bdebd4439bf5ef3e51ec53137aaeb49
SRR26155712	PRJNA1020388	Kmuffet_181_CudjoeKey_External_DESS_43	ILLUMINA	PAIRED	158857	CudjoeKey	External	DESS	43	https://ftp.sra.ebi.ac.uk/vol1/fastq/SRR261/012/SRR26155712/SRR26155712_1.fastq.gz;https://ftp.sra.ebi.ac.uk/vol1/fastq/SRR261/012/SRR26155712/SRR26155712_2.fastq.gz	eee7779fc29e26ae1e28c45e752adf59;cc7ed31e6b2089be32563d019d861381
SRR26155720	PRJNA1020388	Kmuffet_76_BigPineKey_GVC_DESS_21	ILLUMINA	PAIRED	193779	BigPineKey	GVC	DESS	21	https://ftp.sra.ebi.ac.uk/vol1/fastq/SRR261/020/SRR26155720/SRR26155720_1.fastq.gz;https://ftp.sra.ebi.ac.uk/vol1/fastq/SRR261/020/SRR26155720/SRR26155720_2.fastq.gz	3554dd57c0e503d49f714c0b33728713;e9711ddd7331ed3f5769c64da2015c5f
SRR26155727	PRJNA1020388	Kmuffet_64_BigPineKey_External_DESS_17	ILLUMINA	PAIRED	180895	BigPineKey	External	DESS	17	https://ftp.sra.ebi.ac.uk/vol1/fastq/SRR261/027/SRR26155727/SRR26155727_1.fastq.gz;https://ftp.sra.ebi.ac.uk/vol1/fastq/SRR261/027/SRR26155727/SRR26155727_2.fastq.gz	cbf4f07ada52ce400a3433939aa4f7ec;ad2064b0a05c93793fa50ede793f7d40
SRR26155730	PRJNA1020388	Kmuffet_38_BahiaHonda_GVC_DESS_11	ILLUMINA	PAIRED	111380	BahiaHonda	GVC	DESS	11	https://ftp.sra.ebi.ac.uk/vol1/fastq/SRR261/030/SRR26155730/SRR26155730_1.fastq.gz;https://ftp.sra.ebi.ac.uk/vol1/fastq/SRR261/030/SRR26155730/SRR26155730_2.fastq.gz	03ad4d0e9d3214d6a1e4f327903ee263;3e170e10b04fe3564f8a379b2147b3e4
SRR26155638	PRJNA1020388	Kmuffet_141_Tavernier_GVC_DESS_35	ILLUMINA	PAIRED	163285	Tavernier	GVC	DESS	35	https://ftp.sra.ebi.ac.uk/vol1/fastq/SRR261/038/SRR26155638/SRR26155638_1.fastq.gz;https://ftp.sra.ebi.ac.uk/vol1/fastq/SRR261/038/SRR26155638/SRR26155638_2.fastq.gz	7ad466609f4e1ea2d3f2d8787e3bc24b;f9f5203422860c983dcab35daa241078
SRR26155647	PRJNA1020388	Kmuffet_EB2_SWAB_Control_Ethanol_2	ILLUMINA	PAIRED	118421	SWAB	Control	Ethanol	2	https://ftp.sra.ebi.ac.uk/vol1/fastq/SRR261/047/SRR26155647/SRR26155647_1.fastq.gz;https://ftp.sra.ebi.ac.uk/vol1/fastq/SRR261/047/SRR26155647/SRR26155647_2.fastq.gz	f3707fd4ef1a9979823a784b98bb5555;2bbf69d20e13ff8c69d98c3e3107c10b
SRR26155648	PRJNA1020388	Kmuffet_EB_SWAB_Control_Ethanol_1	ILLUMINA	PAIRED	96050	SWAB	Control	Ethanol	1	https://ftp.sra.ebi.ac.uk/vol1/fastq/SRR261/048/SRR26155648/SRR26155648_1.fastq.gz;https://ftp.sra.ebi.ac.uk/vol1/fastq/SRR261/048/SRR26155648/SRR26155648_2.fastq.gz	f35e876b0204d7ee8adc9cc2ae060fbd;9b5a74b31e5feb8b5b06141f3837914e
SRR26155637	PRJNA1020388	Kmuffet_L34_Tavernier_Benthic_DESS_NA	ILLUMINA	PAIRED	117535	Tavernier	Benthic	DESS	NA	https://ftp.sra.ebi.ac.uk/vol1/fastq/SRR261/037/SRR26155637/SRR26155637_1.fastq.gz;https://ftp.sra.ebi.ac.uk/vol1/fastq/SRR261/037/SRR26155637/SRR26155637_2.fastq.gz	30fd1cf9655b4066bbe8dcd2df9d537c;cdd3822005db70af342d2cb90c33a5f9
SRR26155662	PRJNA1020388	Kmuffet_26_MarathonKey_GVC_DESS_6	ILLUMINA	PAIRED	109474	MarathonKey	GVC	DESS	6	https://ftp.sra.ebi.ac.uk/vol1/fastq/SRR261/062/SRR26155662/SRR26155662_1.fastq.gz;https://ftp.sra.ebi.ac.uk/vol1/fastq/SRR261/062/SRR26155662/SRR26155662_2.fastq.gz	96f95c795da412e21013db0d26e1fe5b;1b2c1eb7d22b6aa4b5a005d4a441fafd
SRR26155639	PRJNA1020388	Kmuffet_139_Tavernier_External_DESS_35	ILLUMINA	PAIRED	126046	Tavernier	External	DESS	35	https://ftp.sra.ebi.ac.uk/vol1/fastq/SRR261/039/SRR26155639/SRR26155639_1.fastq.gz;https://ftp.sra.ebi.ac.uk/vol1/fastq/SRR261/039/SRR26155639/SRR26155639_2.fastq.gz	be7478d3fb519a90a18268a426615e54;70aab42c385e3778bb153e727ddc0742
SRR26155664	PRJNA1020388	Kmuffet_57_BahiaHonda_GVC_DESS_15	ILLUMINA	PAIRED	135538	BahiaHonda	GVC	DESS	15	https://ftp.sra.ebi.ac.uk/vol1/fastq/SRR261/064/SRR26155664/SRR26155664_1.fastq.gz;https://ftp.sra.ebi.ac.uk/vol1/fastq/SRR261/064/SRR26155664/SRR26155664_2.fastq.gz	9c452d217dbda28317a7e48a206d4410;9a1cf6d3fe74d85179748e8ea13de627
SRR26155665	PRJNA1020388	Kmuffet_22_MarathonKey_Benthic_DESS_NA	ILLUMINA	PAIRED	90502	MarathonKey	Benthic	DESS	NA	https://ftp.sra.ebi.ac.uk/vol1/fastq/SRR261/065/SRR26155665/SRR26155665_1.fastq.gz;https://ftp.sra.ebi.ac.uk/vol1/fastq/SRR261/065/SRR26155665/SRR26155665_2.fastq.gz	11daaefc3fe5db6675c50a515ebb8dce;de0c88c30bec2916a2fa9209918c791d
SRR26155649	PRJNA1020388	Kmuffet_DS_FRESHSWAB_Control_DESS	ILLUMINA	PAIRED	106406	FRESHSWAB	Control	DESS		https://ftp.sra.ebi.ac.uk/vol1/fastq/SRR261/049/SRR26155649/SRR26155649_1.fastq.gz;https://ftp.sra.ebi.ac.uk/vol1/fastq/SRR261/049/SRR26155649/SRR26155649_2.fastq.gz	309561fb514ff0bb00788f57b5e5a0c8;c9e7b2a654202be32c0529b6bd541f7f
SRR26155671	PRJNA1020388	Kmuffet_L38_LowerMatacombeKey_Water_DESS_NA	ILLUMINA	PAIRED	115069	LowerMatacombeKey	Water	DESS	NA	https://ftp.sra.ebi.ac.uk/vol1/fastq/SRR261/071/SRR26155671/SRR26155671_1.fastq.gz;https://ftp.sra.ebi.ac.uk/vol1/fastq/SRR261/071/SRR26155671/SRR26155671_2.fastq.gz	b72666b7b3adf620807a4d9851750fcc;c100adf15702456051486988efc02b71
SRR26155663	PRJNA1020388	Kmuffet_24_MarathonKey_External_DESS_6	ILLUMINA	PAIRED	135965	MarathonKey	External	DESS	6	https://ftp.sra.ebi.ac.uk/vol1/fastq/SRR261/063/SRR26155663/SRR26155663_1.fastq.gz;https://ftp.sra.ebi.ac.uk/vol1/fastq/SRR261/063/SRR26155663/SRR26155663_2.fastq.gz	01c5fb990c28d8f18cc94980957a0bfa;795fc7d2fcf0563642e1d01ccb7d7a2d
SRR26155672	PRJNA1020388	Kmuffet_169_LowerMatacombeKey_Benthic_DESS_NA	ILLUMINA	PAIRED	136570	LowerMatacombeKey	Benthic	DESS	NA	https://ftp.sra.ebi.ac.uk/vol1/fastq/SRR261/072/SRR26155672/SRR26155672_1.fastq.gz;https://ftp.sra.ebi.ac.uk/vol1/fastq/SRR261/072/SRR26155672/SRR26155672_2.fastq.gz	629ce5b6c25aaeb0c8d0adbfc760ab68;0d0adf76c0d54ab30273de893363d810
SRR26155676	PRJNA1020388	Kmuffet_161_LowerMatacombeKey_GVC_DESS_39	ILLUMINA	PAIRED	127202	LowerMatacombeKey	GVC	DESS	39	https://ftp.sra.ebi.ac.uk/vol1/fastq/SRR261/076/SRR26155676/SRR26155676_1.fastq.gz;https://ftp.sra.ebi.ac.uk/vol1/fastq/SRR261/076/SRR26155676/SRR26155676_2.fastq.gz	851cddeeb8c0d350f6dbfc3b39fd0596;775a0356efec22a0920246eb1fa57d09
SRR26155702	PRJNA1020388	Kmuffet_L44_CudjoeKey_Benthic_DESS_NA	ILLUMINA	PAIRED	117006	CudjoeKey	Benthic	DESS	NA	https://ftp.sra.ebi.ac.uk/vol1/fastq/SRR261/002/SRR26155702/SRR26155702_1.fastq.gz;https://ftp.sra.ebi.ac.uk/vol1/fastq/SRR261/002/SRR26155702/SRR26155702_2.fastq.gz	a0a2df5bce793c3958b3f600e9bbb4d2;e32538ad76e14ece78ef26c06c05376d
SRR26155679	PRJNA1020388	Kmuffet_L30_KeyWest_Benthic_DESS_NA	ILLUMINA	PAIRED	94549	KeyWest	Benthic	DESS	NA	https://ftp.sra.ebi.ac.uk/vol1/fastq/SRR261/079/SRR26155679/SRR26155679_1.fastq.gz;https://ftp.sra.ebi.ac.uk/vol1/fastq/SRR261/079/SRR26155679/SRR26155679_2.fastq.gz	a3700ca706c25fa3ac244c2b95a702b3;6a93c88437cbb87ba8b447ddf0f26120
SRR26155705	PRJNA1020388	Kmuffet_196_CudjoeKey_External_DESS_46	ILLUMINA	PAIRED	156252	CudjoeKey	External	DESS	46	https://ftp.sra.ebi.ac.uk/vol1/fastq/SRR261/005/SRR26155705/SRR26155705_1.fastq.gz;https://ftp.sra.ebi.ac.uk/vol1/fastq/SRR261/005/SRR26155705/SRR26155705_2.fastq.gz	1c13e4910f435d3b2aed0cb6cc2803a8;77ca4ac9d3c2cf6b53bfc41e6599f1e9
SRR26155684	PRJNA1020388	Kmuffet_86_KeyWest_GVC_DESS_23	ILLUMINA	PAIRED	138227	KeyWest	GVC	DESS	23	https://ftp.sra.ebi.ac.uk/vol1/fastq/SRR261/084/SRR26155684/SRR26155684_1.fastq.gz;https://ftp.sra.ebi.ac.uk/vol1/fastq/SRR261/084/SRR26155684/SRR26155684_2.fastq.gz	af8c24b8ed1792bb96bed86093a077a9;149d32bd6c0c775495aa49c588448270
SRR26155701	PRJNA1020388	Kmuffet_211_KeyLargo_External_DESS_51	ILLUMINA	PAIRED	183297	KeyLargo	External	DESS	51	https://ftp.sra.ebi.ac.uk/vol1/fastq/SRR261/001/SRR26155701/SRR26155701_1.fastq.gz;https://ftp.sra.ebi.ac.uk/vol1/fastq/SRR261/001/SRR26155701/SRR26155701_2.fastq.gz	5af72fd1fa117b3bfbcbece18d31f890;5987778757b4dc73ef36b16cabb2625d
SRR26155703	PRJNA1020388	Kmuffet_L42_CudjoeKey_Water_DESS_NA	ILLUMINA	PAIRED	130033	CudjoeKey	Water	DESS	NA	https://ftp.sra.ebi.ac.uk/vol1/fastq/SRR261/003/SRR26155703/SRR26155703_1.fastq.gz;https://ftp.sra.ebi.ac.uk/vol1/fastq/SRR261/003/SRR26155703/SRR26155703_2.fastq.gz	0cf8d04bb713cb2b3b9f15648bdd6459;193bf96f3d8bcd4b662ef09c980807c5
SRR26155706	PRJNA1020388	Kmuffet_193_CudjoeKey_GVC_DESS_45	ILLUMINA	PAIRED	160033	CudjoeKey	GVC	DESS	45	https://ftp.sra.ebi.ac.uk/vol1/fastq/SRR261/006/SRR26155706/SRR26155706_1.fastq.gz;https://ftp.sra.ebi.ac.uk/vol1/fastq/SRR261/006/SRR26155706/SRR26155706_2.fastq.gz	75fbc886f14e6dbff944ec55f9ffa212;5ae1aec6ca3fc441de2a27be3f5e7f12
SRR26155718	PRJNA1020388	Kmuffet_L23_BigPineKey_Water_DESS_NA	ILLUMINA	PAIRED	224511	BigPineKey	Water	DESS	NA	https://ftp.sra.ebi.ac.uk/vol1/fastq/SRR261/018/SRR26155718/SRR26155718_1.fastq.gz;https://ftp.sra.ebi.ac.uk/vol1/fastq/SRR261/018/SRR26155718/SRR26155718_2.fastq.gz	a7d537db327580bda3adeb16e427be54;f0a7f00fe56a03dc2d69c2c92eb1d681
SRR26155711	PRJNA1020388	Kmuffet_183_CudjoeKey_GVC_DESS_43	ILLUMINA	PAIRED	154405	CudjoeKey	GVC	DESS	43	https://ftp.sra.ebi.ac.uk/vol1/fastq/SRR261/011/SRR26155711/SRR26155711_1.fastq.gz;https://ftp.sra.ebi.ac.uk/vol1/fastq/SRR261/011/SRR26155711/SRR26155711_2.fastq.gz	631f28913019c68f73f06b49bc2e8545;ca64db5667d443db1dfd2e88eb7d2212
SRR26155723	PRJNA1020388	Kmuffet_70_BigPineKey_GVC_Ethanol_18	ILLUMINA	PAIRED	45547	BigPineKey	GVC	Ethanol	18	https://ftp.sra.ebi.ac.uk/vol1/fastq/SRR261/023/SRR26155723/SRR26155723_1.fastq.gz;https://ftp.sra.ebi.ac.uk/vol1/fastq/SRR261/023/SRR26155723/SRR26155723_2.fastq.gz	6fd838d1c685ae543757220c1c6c276f;a85e08ad6b70bcb9bbe2cb8966fdf150
SRR26155715	PRJNA1020388	Kmuffet_173_CudjoeKey_GVC_DESS_41	ILLUMINA	PAIRED	170555	CudjoeKey	GVC	DESS	41	https://ftp.sra.ebi.ac.uk/vol1/fastq/SRR261/015/SRR26155715/SRR26155715_1.fastq.gz;https://ftp.sra.ebi.ac.uk/vol1/fastq/SRR261/015/SRR26155715/SRR26155715_2.fastq.gz	c42b14b6adb54369fbb263820c438a02;c864558805a5797bc543e6c9982a5aa7
SRR26155716	PRJNA1020388	Kmuffet_171_CudjoeKey_External_DESS_41	ILLUMINA	PAIRED	134223	CudjoeKey	External	DESS	41	https://ftp.sra.ebi.ac.uk/vol1/fastq/SRR261/016/SRR26155716/SRR26155716_1.fastq.gz;https://ftp.sra.ebi.ac.uk/vol1/fastq/SRR261/016/SRR26155716/SRR26155716_2.fastq.gz	328288441f759ca26c3e3330c390834c;69fce492ab4e2b0215cc5ec3ca9109cc
SRR26155719	PRJNA1020388	Kmuffet_46_BahiaHonda_External_DESS_13	ILLUMINA	PAIRED	120027	BahiaHonda	External	DESS	13	https://ftp.sra.ebi.ac.uk/vol1/fastq/SRR261/019/SRR26155719/SRR26155719_1.fastq.gz;https://ftp.sra.ebi.ac.uk/vol1/fastq/SRR261/019/SRR26155719/SRR26155719_2.fastq.gz	0acdef932574ce64102316364cb06512;dd3e894fd205538479cfb4c287979bde
SRR26155731	PRJNA1020388	Kmuffet_36_BahiaHonda_External_DESS_11	ILLUMINA	PAIRED	111034	BahiaHonda	External	DESS	11	https://ftp.sra.ebi.ac.uk/vol1/fastq/SRR261/031/SRR26155731/SRR26155731_1.fastq.gz;https://ftp.sra.ebi.ac.uk/vol1/fastq/SRR261/031/SRR26155731/SRR26155731_2.fastq.gz	02bb9046d79e74c80288621908339eac;3a0405b8512166ff7bb6d39ab1382aa1
SRR26155642	PRJNA1020388	Kmuffet_L20_BahiaHonda_Water_DESS_NA	ILLUMINA	PAIRED	95481	BahiaHonda	Water	DESS	NA	https://ftp.sra.ebi.ac.uk/vol1/fastq/SRR261/042/SRR26155642/SRR26155642_1.fastq.gz;https://ftp.sra.ebi.ac.uk/vol1/fastq/SRR261/042/SRR26155642/SRR26155642_2.fastq.gz	3350706d96dc1ed3fbc9256bac5102b2;9b7056fa1387aca9793f8c2325ed69e7
SRR26155646	PRJNA1020388	Kmuffet_FS_LabRaised_GVC_Fresh	ILLUMINA	PAIRED	75826	LabRaised	GVC	Fresh		https://ftp.sra.ebi.ac.uk/vol1/fastq/SRR261/046/SRR26155646/SRR26155646_1.fastq.gz;https://ftp.sra.ebi.ac.uk/vol1/fastq/SRR261/046/SRR26155646/SRR26155646_2.fastq.gz	1c6849dd882858d05d10d5aa5f68ab34;5d87496f18057e9e719a8cc738db39b0
SRR26155651	PRJNA1020388	Kmuffet_DB_SWAB_Control_DESS_1	ILLUMINA	PAIRED	149273	SWAB	Control	DESS	1	https://ftp.sra.ebi.ac.uk/vol1/fastq/SRR261/051/SRR26155651/SRR26155651_1.fastq.gz;https://ftp.sra.ebi.ac.uk/vol1/fastq/SRR261/051/SRR26155651/SRR26155651_2.fastq.gz	4f3236fa3bc6fceed73285ef17e40367;1ce1078cbd0d1489bb891905c3df6fe9
SRR26155657	PRJNA1020388	Kmuffet_4_MarathonKey_GVC_DESS_1	ILLUMINA	PAIRED	142379	MarathonKey	GVC	DESS	1	https://ftp.sra.ebi.ac.uk/vol1/fastq/SRR261/057/SRR26155657/SRR26155657_1.fastq.gz;https://ftp.sra.ebi.ac.uk/vol1/fastq/SRR261/057/SRR26155657/SRR26155657_2.fastq.gz	4884d5dfae3f653d29aac65e54e89897;a7821f2be0e86383ea7203b8282941e1
SRR26155659	PRJNA1020388	Kmuffet_32_MarathonKey_External_DESS_8	ILLUMINA	PAIRED	64239	MarathonKey	External	DESS	8	https://ftp.sra.ebi.ac.uk/vol1/fastq/SRR261/059/SRR26155659/SRR26155659_1.fastq.gz;https://ftp.sra.ebi.ac.uk/vol1/fastq/SRR261/059/SRR26155659/SRR26155659_2.fastq.gz	337a8de9a441ca96df9ecf696ef9dfd8;3601ee3e3884c24f112965e0d4f859a2
SRR26155670	PRJNA1020388	Kmuffet_12_MarathonKey_External_DESS_3	ILLUMINA	PAIRED	99056	MarathonKey	External	DESS	3	https://ftp.sra.ebi.ac.uk/vol1/fastq/SRR261/070/SRR26155670/SRR26155670_1.fastq.gz;https://ftp.sra.ebi.ac.uk/vol1/fastq/SRR261/070/SRR26155670/SRR26155670_2.fastq.gz	801ed767bc029da010028228ffaf67f5;d73294f6c04a778fb52968f4e00b83a8
SRR26155680	PRJNA1020388	Kmuffet_96_KeyWest_GVC_DESS_25	ILLUMINA	PAIRED	122659	KeyWest	GVC	DESS	25	https://ftp.sra.ebi.ac.uk/vol1/fastq/SRR261/080/SRR26155680/SRR26155680_1.fastq.gz;https://ftp.sra.ebi.ac.uk/vol1/fastq/SRR261/080/SRR26155680/SRR26155680_2.fastq.gz	a4c1f8d0fca9594a0bcc8ed071955837;fcf546ba05a41f94f21e900bc58ead5b
SRR26155681	PRJNA1020388	Kmuffet_94_KeyWest_External_DESS_25	ILLUMINA	PAIRED	110316	KeyWest	External	DESS	25	https://ftp.sra.ebi.ac.uk/vol1/fastq/SRR261/081/SRR26155681/SRR26155681_1.fastq.gz;https://ftp.sra.ebi.ac.uk/vol1/fastq/SRR261/081/SRR26155681/SRR26155681_2.fastq.gz	4fec1bd99c501138586abda770ad1816;3bd3f6d3d5b3ed741d2e41a8d4b054c3
SRR26155683	PRJNA1020388	Kmuffet_89_KeyWest_External_DESS_24	ILLUMINA	PAIRED	143371	KeyWest	External	DESS	24	https://ftp.sra.ebi.ac.uk/vol1/fastq/SRR261/083/SRR26155683/SRR26155683_1.fastq.gz;https://ftp.sra.ebi.ac.uk/vol1/fastq/SRR261/083/SRR26155683/SRR26155683_2.fastq.gz	0fbc405b8510be7bf95673d2725ce0ac;03999a77d89c2ce0b7ff85dbbf4abeab
SRR26155689	PRJNA1020388	Kmuffet_119_KeyWest_External_DESS_30	ILLUMINA	PAIRED	134881	KeyWest	External	DESS	30	https://ftp.sra.ebi.ac.uk/vol1/fastq/SRR261/089/SRR26155689/SRR26155689_1.fastq.gz;https://ftp.sra.ebi.ac.uk/vol1/fastq/SRR261/089/SRR26155689/SRR26155689_2.fastq.gz	605d2a53d8677175ad909d70dd2f4cd9;885dffd375f7a4ab3389854bd7160fd7
SRR26155694	PRJNA1020388	Kmuffet_226_KeyLargo_External_DESS_54	ILLUMINA	PAIRED	159209	KeyLargo	External	DESS	54	https://ftp.sra.ebi.ac.uk/vol1/fastq/SRR261/094/SRR26155694/SRR26155694_1.fastq.gz;https://ftp.sra.ebi.ac.uk/vol1/fastq/SRR261/094/SRR26155694/SRR26155694_2.fastq.gz	fef940559226634b60a8492947ec5eaa;f43e3f0be54f109fa33132665c3e13e2
SRR26155696	PRJNA1020388	Kmuffet_221_KeyLargo_External_DESS_53	ILLUMINA	PAIRED	144275	KeyLargo	External	DESS	53	https://ftp.sra.ebi.ac.uk/vol1/fastq/SRR261/096/SRR26155696/SRR26155696_1.fastq.gz;https://ftp.sra.ebi.ac.uk/vol1/fastq/SRR261/096/SRR26155696/SRR26155696_2.fastq.gz	f90f9d080cd1a406b021cbdbd20509c4;ff794b2540579d773d4c32b7e4caa1f7
SRR26155704	PRJNA1020388	Kmuffet_198_CudjoeKey_Internal_DESS_46	ILLUMINA	PAIRED	127620	CudjoeKey	Internal	DESS	46	https://ftp.sra.ebi.ac.uk/vol1/fastq/SRR261/004/SRR26155704/SRR26155704_1.fastq.gz;https://ftp.sra.ebi.ac.uk/vol1/fastq/SRR261/004/SRR26155704/SRR26155704_2.fastq.gz	f0939d53f52561956a8bfc4cddb1ba1f;22c3eed9db8410a3f7535725cc6395a1
SRR26155707	PRJNA1020388	Kmuffet_191_CudjoeKey_External_DESS_45	ILLUMINA	PAIRED	197434	CudjoeKey	External	DESS	45	https://ftp.sra.ebi.ac.uk/vol1/fastq/SRR261/007/SRR26155707/SRR26155707_1.fastq.gz;https://ftp.sra.ebi.ac.uk/vol1/fastq/SRR261/007/SRR26155707/SRR26155707_2.fastq.gz	ae61fc9ec0b96cc79a38b956c1985dea;b13525b554cab4c65c791ebf8ffb78f4
SRR26155709	PRJNA1020388	Kmuffet_188_CudjoeKey_GVC_DESS_44	ILLUMINA	PAIRED	138561	CudjoeKey	GVC	DESS	44	https://ftp.sra.ebi.ac.uk/vol1/fastq/SRR261/009/SRR26155709/SRR26155709_1.fastq.gz;https://ftp.sra.ebi.ac.uk/vol1/fastq/SRR261/009/SRR26155709/SRR26155709_2.fastq.gz	242a3bbeeb8a2aea3cf19e7afff5b5d6;7103f27fdac30e8367f19c5921b3b51d
SRR26155714	PRJNA1020388	Kmuffet_176_CudjoeKey_External_DESS_42	ILLUMINA	PAIRED	194511	CudjoeKey	External	DESS	42	https://ftp.sra.ebi.ac.uk/vol1/fastq/SRR261/014/SRR26155714/SRR26155714_1.fastq.gz;https://ftp.sra.ebi.ac.uk/vol1/fastq/SRR261/014/SRR26155714/SRR26155714_2.fastq.gz	302cb6b0565ccef1f59f6cdbf6cd94b5;3777255c8ad2a9cb78b35d029d3e5da2
SRR26155717	PRJNA1020388	Kmuffet_L25_BigPineKey_Benthic_DESS_NA	ILLUMINA	PAIRED	129366	BigPineKey	Benthic	DESS	NA	https://ftp.sra.ebi.ac.uk/vol1/fastq/SRR261/017/SRR26155717/SRR26155717_1.fastq.gz;https://ftp.sra.ebi.ac.uk/vol1/fastq/SRR261/017/SRR26155717/SRR26155717_2.fastq.gz	98148528c86dcb3ba2e0ee97799f29a7;e4f5e90428c52f7df425dbe194deef9e
SRR26155721	PRJNA1020388	Kmuffet_74_BigPineKey_External_DESS_21	ILLUMINA	PAIRED	144282	BigPineKey	External	DESS	21	https://ftp.sra.ebi.ac.uk/vol1/fastq/SRR261/021/SRR26155721/SRR26155721_1.fastq.gz;https://ftp.sra.ebi.ac.uk/vol1/fastq/SRR261/021/SRR26155721/SRR26155721_2.fastq.gz	452c2e680ff9c767d3ec59fb4142ce1c;e7627687057cc739a4733fa16515eb84
SRR26155724	PRJNA1020388	Kmuffet_69_BigPineKey_External_DESS_18	ILLUMINA	PAIRED	192167	BigPineKey	External	DESS	18	https://ftp.sra.ebi.ac.uk/vol1/fastq/SRR261/024/SRR26155724/SRR26155724_1.fastq.gz;https://ftp.sra.ebi.ac.uk/vol1/fastq/SRR261/024/SRR26155724/SRR26155724_2.fastq.gz	fadd55dd8a78caad0161cfa1b8ab1612;a749ae45f765104fedfe44e21281edfb
SRR26155725	PRJNA1020388	Kmuffet_68_BigPineKey_External_Ethanol_18	ILLUMINA	PAIRED	180404	BigPineKey	External	Ethanol	18	https://ftp.sra.ebi.ac.uk/vol1/fastq/SRR261/025/SRR26155725/SRR26155725_1.fastq.gz;https://ftp.sra.ebi.ac.uk/vol1/fastq/SRR261/025/SRR26155725/SRR26155725_2.fastq.gz	878c012232c321267bca22e38ae4aab9;8cd9b8f6e91e13dac67ab3a65cfab004
SRR26155726	PRJNA1020388	Kmuffet_66_BigPineKey_GVC_DESS_17	ILLUMINA	PAIRED	125138	BigPineKey	GVC	DESS	17	https://ftp.sra.ebi.ac.uk/vol1/fastq/SRR261/026/SRR26155726/SRR26155726_1.fastq.gz;https://ftp.sra.ebi.ac.uk/vol1/fastq/SRR261/026/SRR26155726/SRR26155726_2.fastq.gz	cf9881d9c1f4aa29837033f448aa23e1;1ea42a0fa0ebf44216305e56a9763e52
SRR26156807	PRJNA1020446	Kmuffet_30_MarathonKey_GVC_DESS_7	PACBIO_SMRT	SINGLE	12827	MarathonKey	GVC	DESS	7	https://ftp.sra.ebi.ac.uk/vol1/fastq/SRR261/007/SRR26156807/SRR26156807_subreads.fastq.gz	d59252cb8ff47d9758fad34fbd9bbe9c
SRR26156805	PRJNA1020446	Kmuffet_121_KeyWest_GVC_DESS_30	PACBIO_SMRT	SINGLE	12813	KeyWest	GVC	DESS	30	https://ftp.sra.ebi.ac.uk/vol1/fastq/SRR261/005/SRR26156805/SRR26156805_subreads.fastq.gz	6275ff701fa8274d61469f60f90b7a71
SRR26156806	PRJNA1020446	Kmuffet_96_KeyWest_GVC_DESS_25	PACBIO_SMRT	SINGLE	12634	KeyWest	GVC	DESS	25	https://ftp.sra.ebi.ac.uk/vol1/fastq/SRR261/006/SRR26156806/SRR26156806_subreads.fastq.gz	bb11f2c0cf614073b11ae96b398a13d5
