sample_id	analysis	variants	stratum
Church2025__YPM-IZ-110926	host_handling	full_reads	P_physalis:depth_quintile_1
Church2025__YPM-IZ-110433	host_handling	full_reads	P_physalis:depth_quintile_2
Church2025__WAM-Z97914	host_handling	full_reads	P_physalis:depth_quintile_3
Church2025__YPM-IZ-110877	host_handling	full_reads	P_physalis:depth_quintile_4
Church2025__YPM-IZ-110467	host_handling	full_reads	P_physalis:depth_quintile_5
Ahuja2026__WS7	host_handling	full_reads	N_septata:depth_quintile_1
Ahuja2026__NA36	host_handling	full_reads	N_septata:depth_quintile_2
Ahuja2026__WS10	host_handling	full_reads	N_septata:depth_quintile_3
Ahuja2026__NA34	host_handling	full_reads	N_septata:depth_quintile_4
Ahuja2026__WS6	host_handling	full_reads	N_septata:depth_quintile_5
Ahuja2024__CWD146	capping	uncapped	reference_free
Ahuja2024__CWD3	capping	uncapped	reference_free
Ahuja2024__NA1	capping	uncapped	reference_free
Ahuja2026__NA38	capping	uncapped	reference_free
Ahuja2026__WS7	capping	full_reads;uncapped	reference_bearing
Ahuja2026__WS9	capping	full_reads;uncapped	reference_bearing
Church2025__YPM-IZ-110436	capping	full_reads;uncapped	reference_bearing
Church2025__YPM-IZ-111839	capping	full_reads;uncapped	reference_bearing
