sample_id	host_route	strategy	retained_pairs	minimum_assembly_input_pairs	assembly_eligible
Ahuja2024__CWD1	none	fixed_effort_trimmed	25000000	175000	true
Ahuja2024__CWD101	none	fixed_effort_trimmed	25000000	175000	true
Ahuja2024__CWD104	none	fixed_effort_trimmed	25000000	175000	true
Ahuja2024__CWD11	none	fixed_effort_trimmed	25000000	175000	true
Ahuja2024__CWD116	none	fixed_effort_trimmed	25000000	175000	true
Ahuja2024__CWD117	none	fixed_effort_trimmed	25000000	175000	true
Ahuja2024__CWD12	none	fixed_effort_trimmed	25000000	175000	true
Ahuja2024__CWD121	none	fixed_effort_trimmed	25000000	175000	true
Ahuja2024__CWD122	none	fixed_effort_trimmed	25000000	175000	true
Ahuja2024__CWD131	none	fixed_effort_trimmed	25000000	175000	true
Ahuja2024__CWD141	none	fixed_effort_trimmed	25000000	175000	true
Ahuja2024__CWD144	none	fixed_effort_trimmed	25000000	175000	true
Ahuja2024__CWD146	none	fixed_effort_trimmed	25000000	175000	true
Ahuja2024__CWD16	none	fixed_effort_trimmed	25000000	175000	true
Ahuja2024__CWD17	none	fixed_effort_trimmed	25000000	175000	true
Ahuja2024__CWD19	none	fixed_effort_trimmed	25000000	175000	true
Ahuja2024__CWD2	none	fixed_effort_trimmed	25000000	175000	true
Ahuja2024__CWD20	none	fixed_effort_trimmed	25000000	175000	true
Ahuja2024__CWD21	none	fixed_effort_trimmed	25000000	175000	true
Ahuja2024__CWD3	none	fixed_effort_trimmed	25000000	175000	true
Ahuja2024__CWD6	none	fixed_effort_trimmed	25000000	175000	true
Ahuja2024__CWD7	none	fixed_effort_trimmed	25000000	175000	true
Ahuja2024__NA1	none	fixed_effort_trimmed	25000000	175000	true
Ahuja2024__NA10	none	fixed_effort_trimmed	25000000	175000	true
Ahuja2024__NA11	none	fixed_effort_trimmed	25000000	175000	true
Ahuja2024__NA2	none	fixed_effort_trimmed	25000000	175000	true
Ahuja2024__NA3	none	fixed_effort_trimmed	25000000	175000	true
Ahuja2024__NA4	none	fixed_effort_trimmed	25000000	175000	true
Ahuja2024__NA5	none	fixed_effort_trimmed	25000000	175000	true
Ahuja2024__NA6	none	fixed_effort_trimmed	25000000	175000	true
Ahuja2024__NA7	none	fixed_effort_trimmed	25000000	175000	true
Ahuja2024__NA8	none	fixed_effort_trimmed	25000000	175000	true
Ahuja2024__NA9	none	fixed_effort_trimmed	25000000	175000	true
Ahuja2026__NA19	N_septata	reference_depleted	249119	175000	true
Ahuja2026__NA28	none	fixed_effort_trimmed	25000000	175000	true
Ahuja2026__NA29	none	fixed_effort_trimmed	25000000	175000	true
Ahuja2026__NA30	none	fixed_effort_trimmed	25000000	175000	true
Ahuja2026__NA31	none	fixed_effort_trimmed	25000000	175000	true
Ahuja2026__NA32	none	fixed_effort_trimmed	25000000	175000	true
Ahuja2026__NA33	none	fixed_effort_trimmed	25000000	175000	true
Ahuja2026__NA34	N_septata	reference_depleted	202143	175000	true
Ahuja2026__NA35	N_septata	reference_depleted	219468	175000	true
Ahuja2026__NA36	N_septata	reference_depleted	179805	175000	true
Ahuja2026__NA37	none	fixed_effort_trimmed	25000000	175000	true
Ahuja2026__NA38	none	fixed_effort_trimmed	25000000	175000	true
Ahuja2026__WS10	N_septata	reference_depleted	195150	175000	true
Ahuja2026__WS2	none	fixed_effort_trimmed	25000000	175000	true
Ahuja2026__WS3	none	fixed_effort_trimmed	25000000	175000	true
Ahuja2026__WS4	none	fixed_effort_trimmed	25000000	175000	true
Ahuja2026__WS5	N_septata	reference_depleted	178484	175000	true
Ahuja2026__WS6	N_septata	reference_depleted	376070	175000	true
Ahuja2026__WS7	N_septata	reference_depleted	176589	175000	true
Ahuja2026__WS8	N_septata	reference_depleted	201410	175000	true
Ahuja2026__WS9	N_septata	reference_depleted	174701	175000	false
Church2025__FM-16644	P_physalis	reference_depleted	392965	175000	true
Church2025__NIWA-173304	P_physalis	reference_depleted	5137692	175000	true
Church2025__NIWA-173305	P_physalis	reference_depleted	4361937	175000	true
Church2025__OA-190531-1	P_physalis	reference_depleted	4166042	175000	true
Church2025__OA-Bluebottle	P_physalis	reference_depleted	3584051	175000	true
Church2025__TMAG-K5632	P_physalis	reference_depleted	2958950	175000	true
Church2025__TMAG-K5633	P_physalis	reference_depleted	15830691	175000	true
Church2025__TMAG-K5634	P_physalis	reference_depleted	6744441	175000	true
Church2025__TMAG-K5635	P_physalis	reference_depleted	13643311	175000	true
Church2025__TMAG-K5636	P_physalis	reference_depleted	11015648	175000	true
Church2025__WAM-Z88480	P_physalis	reference_depleted	1388347	175000	true
Church2025__WAM-Z97900	P_physalis	reference_depleted	700518	175000	true
Church2025__WAM-Z97901	P_physalis	reference_depleted	1438772	175000	true
Church2025__WAM-Z97902	P_physalis	reference_depleted	3711347	175000	true
Church2025__WAM-Z97903	P_physalis	reference_depleted	915121	175000	true
Church2025__WAM-Z97906	P_physalis	reference_depleted	1178784	175000	true
Church2025__WAM-Z97907	P_physalis	reference_depleted	2584069	175000	true
Church2025__WAM-Z97908	P_physalis	reference_depleted	3525667	175000	true
Church2025__WAM-Z97910	P_physalis	reference_depleted	2042783	175000	true
Church2025__WAM-Z97911	P_physalis	reference_depleted	2266955	175000	true
Church2025__WAM-Z97914	P_physalis	reference_depleted	2224209	175000	true
Church2025__WAM-Z97916	P_physalis	reference_depleted	3205243	175000	true
Church2025__WAM-Z97917	P_physalis	reference_depleted	4099010	175000	true
Church2025__WAM-Z97920	P_physalis	reference_depleted	1020709	175000	true
Church2025__WAM-Z97921	P_physalis	reference_depleted	3033902	175000	true
Church2025__WAM-Z97923	P_physalis	reference_depleted	1994727	175000	true
Church2025__YPM-IZ-104460	P_physalis	reference_depleted	1451807	175000	true
Church2025__YPM-IZ-104461	P_physalis	reference_depleted	1028189	175000	true
Church2025__YPM-IZ-104464	P_physalis	reference_depleted	3049561	175000	true
Church2025__YPM-IZ-104465	P_physalis	reference_depleted	2425576	175000	true
Church2025__YPM-IZ-106919	P_physalis	reference_depleted	2818990	175000	true
Church2025__YPM-IZ-106920	P_physalis	reference_depleted	2712464	175000	true
Church2025__YPM-IZ-106923	P_physalis	reference_depleted	2819709	175000	true
Church2025__YPM-IZ-106935	P_physalis	reference_depleted	142866	175000	false
Church2025__YPM-IZ-106936	P_physalis	reference_depleted	197185	175000	true
Church2025__YPM-IZ-106937	P_physalis	reference_depleted	155286	175000	false
Church2025__YPM-IZ-106941	P_physalis	reference_depleted	121234	175000	false
Church2025__YPM-IZ-106943	P_physalis	reference_depleted	330364	175000	true
Church2025__YPM-IZ-106954	P_physalis	reference_depleted	443556	175000	true
Church2025__YPM-IZ-106958	P_physalis	reference_depleted	177257	175000	true
Church2025__YPM-IZ-110251	P_physalis	reference_depleted	609006	175000	true
Church2025__YPM-IZ-110254	P_physalis	reference_depleted	382964	175000	true
Church2025__YPM-IZ-110264	P_physalis	reference_depleted	1766220	175000	true
Church2025__YPM-IZ-110268	P_physalis	reference_depleted	2015563	175000	true
Church2025__YPM-IZ-110269	P_physalis	reference_depleted	4372434	175000	true
Church2025__YPM-IZ-110276	P_physalis	reference_depleted	2015901	175000	true
Church2025__YPM-IZ-110277	P_physalis	reference_depleted	2084953	175000	true
Church2025__YPM-IZ-110278	P_physalis	reference_depleted	1677168	175000	true
Church2025__YPM-IZ-110433	P_physalis	reference_depleted	910382	175000	true
Church2025__YPM-IZ-110434	P_physalis	reference_depleted	903436	175000	true
Church2025__YPM-IZ-110436	P_physalis	reference_depleted	1033308	175000	true
Church2025__YPM-IZ-110438	P_physalis	reference_depleted	1262364	175000	true
Church2025__YPM-IZ-110443	P_physalis	reference_depleted	273049	175000	true
Church2025__YPM-IZ-110460	P_physalis	reference_depleted	1992093	175000	true
Church2025__YPM-IZ-110467	P_physalis	reference_depleted	4428887	175000	true
Church2025__YPM-IZ-110468	P_physalis	reference_depleted	3620473	175000	true
Church2025__YPM-IZ-110469	P_physalis	reference_depleted	24497138	175000	true
Church2025__YPM-IZ-110470	P_physalis	reference_depleted	5962327	175000	true
Church2025__YPM-IZ-110471	P_physalis	reference_depleted	1128644	175000	true
Church2025__YPM-IZ-110473	P_physalis	reference_depleted	3150605	175000	true
Church2025__YPM-IZ-110474	P_physalis	reference_depleted	1325007	175000	true
Church2025__YPM-IZ-110480	P_physalis	reference_depleted	1244762	175000	true
Church2025__YPM-IZ-110515	P_physalis	reference_depleted	4364963	175000	true
Church2025__YPM-IZ-110520	P_physalis	reference_depleted	3615753	175000	true
Church2025__YPM-IZ-110526	P_physalis	reference_depleted	1866293	175000	true
Church2025__YPM-IZ-110556	P_physalis	reference_depleted	14740991	175000	true
Church2025__YPM-IZ-110557	P_physalis	reference_depleted	8156647	175000	true
Church2025__YPM-IZ-110558	P_physalis	reference_depleted	5442352	175000	true
Church2025__YPM-IZ-110566	P_physalis	reference_depleted	2486398	175000	true
Church2025__YPM-IZ-110569	P_physalis	reference_depleted	7752035	175000	true
Church2025__YPM-IZ-110600	P_physalis	reference_depleted	2023030	175000	true
Church2025__YPM-IZ-110602	P_physalis	reference_depleted	2392670	175000	true
Church2025__YPM-IZ-110605	P_physalis	reference_depleted	1578360	175000	true
Church2025__YPM-IZ-110612	P_physalis	reference_depleted	2261057	175000	true
Church2025__YPM-IZ-110613	P_physalis	reference_depleted	5305261	175000	true
Church2025__YPM-IZ-110616	P_physalis	reference_depleted	3857055	175000	true
Church2025__YPM-IZ-110631	P_physalis	reference_depleted	1782822	175000	true
Church2025__YPM-IZ-110633	P_physalis	reference_depleted	622440	175000	true
Church2025__YPM-IZ-110667	P_physalis	reference_depleted	522818	175000	true
Church2025__YPM-IZ-110694	P_physalis	reference_depleted	666293	175000	true
Church2025__YPM-IZ-110716	P_physalis	reference_depleted	502919	175000	true
Church2025__YPM-IZ-110726	P_physalis	reference_depleted	375193	175000	true
Church2025__YPM-IZ-110738	P_physalis	reference_depleted	801473	175000	true
Church2025__YPM-IZ-110777	P_physalis	reference_depleted	2633426	175000	true
Church2025__YPM-IZ-110780	P_physalis	reference_depleted	4363566	175000	true
Church2025__YPM-IZ-110785	P_physalis	reference_depleted	7173840	175000	true
Church2025__YPM-IZ-110786	P_physalis	reference_depleted	1998217	175000	true
Church2025__YPM-IZ-110828	P_physalis	reference_depleted	2265527	175000	true
Church2025__YPM-IZ-110829	P_physalis	reference_depleted	3057658	175000	true
Church2025__YPM-IZ-110830	P_physalis	reference_depleted	1508621	175000	true
Church2025__YPM-IZ-110842	P_physalis	reference_depleted	601773	175000	true
Church2025__YPM-IZ-110843	P_physalis	reference_depleted	422956	175000	true
Church2025__YPM-IZ-110844	P_physalis	reference_depleted	414477	175000	true
Church2025__YPM-IZ-110845	P_physalis	reference_depleted	770032	175000	true
Church2025__YPM-IZ-110846	P_physalis	reference_depleted	407403	175000	true
Church2025__YPM-IZ-110847	P_physalis	reference_depleted	356779	175000	true
Church2025__YPM-IZ-110876	P_physalis	reference_depleted	917634	175000	true
Church2025__YPM-IZ-110877	P_physalis	reference_depleted	3599191	175000	true
Church2025__YPM-IZ-110878	P_physalis	reference_depleted	2627913	175000	true
Church2025__YPM-IZ-110880	P_physalis	reference_depleted	113055	175000	false
Church2025__YPM-IZ-110881	P_physalis	reference_depleted	3603176	175000	true
Church2025__YPM-IZ-110882	P_physalis	reference_depleted	2652920	175000	true
Church2025__YPM-IZ-110883	P_physalis	reference_depleted	15376340	175000	true
Church2025__YPM-IZ-110906	P_physalis	reference_depleted	2277089	175000	true
Church2025__YPM-IZ-110907	P_physalis	reference_depleted	2804499	175000	true
Church2025__YPM-IZ-110925	P_physalis	reference_depleted	663125	175000	true
Church2025__YPM-IZ-110926	P_physalis	reference_depleted	451732	175000	true
Church2025__YPM-IZ-110930	P_physalis	reference_depleted	717358	175000	true
Church2025__YPM-IZ-110931	P_physalis	reference_depleted	5659093	175000	true
Church2025__YPM-IZ-110933	P_physalis	reference_depleted	738414	175000	true
Church2025__YPM-IZ-110937	P_physalis	reference_depleted	2623232	175000	true
Church2025__YPM-IZ-110938	P_physalis	reference_depleted	834854	175000	true
Church2025__YPM-IZ-110943	P_physalis	reference_depleted	1012528	175000	true
Church2025__YPM-IZ-110972	P_physalis	reference_depleted	2858296	175000	true
Church2025__YPM-IZ-111006	P_physalis	reference_depleted	1895653	175000	true
Church2025__YPM-IZ-111007	P_physalis	reference_depleted	3083108	175000	true
Church2025__YPM-IZ-111008	P_physalis	reference_depleted	2477474	175000	true
Church2025__YPM-IZ-111009	P_physalis	reference_depleted	2599854	175000	true
Church2025__YPM-IZ-111010	P_physalis	reference_depleted	707934	175000	true
Church2025__YPM-IZ-111012	P_physalis	reference_depleted	277279	175000	true
Church2025__YPM-IZ-111013	P_physalis	reference_depleted	88861	175000	false
Church2025__YPM-IZ-111014	P_physalis	reference_depleted	113273	175000	false
Church2025__YPM-IZ-111016	P_physalis	reference_depleted	145748	175000	false
Church2025__YPM-IZ-111017	P_physalis	reference_depleted	119032	175000	false
Church2025__YPM-IZ-111018	P_physalis	reference_depleted	102098	175000	false
Church2025__YPM-IZ-111156	P_physalis	reference_depleted	571417	175000	true
Church2025__YPM-IZ-111157	P_physalis	reference_depleted	720948	175000	true
Church2025__YPM-IZ-111158	P_physalis	reference_depleted	428053	175000	true
Church2025__YPM-IZ-111159	P_physalis	reference_depleted	921904	175000	true
Church2025__YPM-IZ-111160	P_physalis	reference_depleted	528995	175000	true
Church2025__YPM-IZ-111163	P_physalis	reference_depleted	2558924	175000	true
Church2025__YPM-IZ-111207	P_physalis	reference_depleted	8390538	175000	true
Church2025__YPM-IZ-111208	P_physalis	reference_depleted	9397941	175000	true
Church2025__YPM-IZ-111209	P_physalis	reference_depleted	4550236	175000	true
Church2025__YPM-IZ-111210	P_physalis	reference_depleted	8147054	175000	true
Church2025__YPM-IZ-111241	P_physalis	reference_depleted	7696529	175000	true
Church2025__YPM-IZ-111243	P_physalis	reference_depleted	7978820	175000	true
Church2025__YPM-IZ-111495	P_physalis	reference_depleted	725155	175000	true
Church2025__YPM-IZ-111513	P_physalis	reference_depleted	959832	175000	true
Church2025__YPM-IZ-111514	P_physalis	reference_depleted	492723	175000	true
Church2025__YPM-IZ-111517	P_physalis	reference_depleted	975460	175000	true
Church2025__YPM-IZ-111518	P_physalis	reference_depleted	1128851	175000	true
Church2025__YPM-IZ-111519	P_physalis	reference_depleted	712629	175000	true
Church2025__YPM-IZ-111520	P_physalis	reference_depleted	1067374	175000	true
Church2025__YPM-IZ-111521	P_physalis	reference_depleted	856179	175000	true
Church2025__YPM-IZ-111529	P_physalis	reference_depleted	684570	175000	true
Church2025__YPM-IZ-111530	P_physalis	reference_depleted	793215	175000	true
Church2025__YPM-IZ-111539	P_physalis	reference_depleted	601569	175000	true
Church2025__YPM-IZ-111547	P_physalis	reference_depleted	1469775	175000	true
Church2025__YPM-IZ-111839	P_physalis	reference_depleted	3211084	175000	true
Church2025__YPM-IZ-111840	P_physalis	reference_depleted	3090553	175000	true
