sample_id	library_id	specimen_id	study	host_route	host_reference	read_pairs	r1_paths	r2_paths	include_primary
Church2025__FM-16644	Church2025:FM-16644	FM-16644	Church2025	P_physalis	P_physalis	143590741	/gpfs/ycga/work/dunn/sequences/illumina/physalia_novaseq5_2023/Sample_FM16644_153_040/FM16644_153_040_S7_L004_R1_001.fastq.gz	/gpfs/ycga/work/dunn/sequences/illumina/physalia_novaseq5_2023/Sample_FM16644_153_040/FM16644_153_040_S7_L004_R2_001.fastq.gz	true
Church2025__NIWA-173304	Church2025:NIWA-173304	NIWA-173304	Church2025	P_physalis	P_physalis	98500887	/gpfs/ycga/work/dunn/sequences/illumina/physalia_novaseq8_2023/Sample_CWD_NZ35_122_071/CWD_NZ35_122_071_S67_L002_R1_001.fastq.gz;/gpfs/ycga/work/dunn/sequences/illumina/physalia_novaseq8_2023/Sample_CWD_NZ35_122_071_essdhc/CWD_NZ35_122_071_S122_L005_R1_001.fastq.gz	/gpfs/ycga/work/dunn/sequences/illumina/physalia_novaseq8_2023/Sample_CWD_NZ35_122_071/CWD_NZ35_122_071_S67_L002_R2_001.fastq.gz;/gpfs/ycga/work/dunn/sequences/illumina/physalia_novaseq8_2023/Sample_CWD_NZ35_122_071_essdhc/CWD_NZ35_122_071_S122_L005_R2_001.fastq.gz	true
Church2025__NIWA-173305	Church2025:NIWA-173305	NIWA-173305	Church2025	P_physalis	P_physalis	109283910	/gpfs/ycga/work/dunn/sequences/illumina/physalia_novaseq8_2023/Sample_CWD_NZ36_170_023/CWD_NZ36_170_023_S85_L003_R1_001.fastq.gz	/gpfs/ycga/work/dunn/sequences/illumina/physalia_novaseq8_2023/Sample_CWD_NZ36_170_023/CWD_NZ36_170_023_S85_L003_R2_001.fastq.gz	true
Church2025__OA-190531-1	Church2025:OA-190531-1	OA-190531-1	Church2025	P_physalis	P_physalis	1184426675	/gpfs/ycga/work/dunn/sequences/illumina/physalia_novaseq2_2023/Sample_190531_FD09253810/HYGF2CCXY_1_190531_FD09253810_Other__R_190530_SAMROS_DNA_M001_R1.fastq.gz;/gpfs/ycga/work/dunn/sequences/illumina/physalia_novaseq2_2023/Sample_190531_FD09253810/HYGF2CCXY_2_190531_FD09253810_Other__R_190530_SAMROS_DNA_M001_R1.fastq.gz;/gpfs/ycga/work/dunn/sequences/illumina/physalia_novaseq2_2023/Sample_190531_FD09253810/HYGF2CCXY_3_190531_FD09253810_Other__R_190530_SAMROS_DNA_M001_R1.fastq.gz	/gpfs/ycga/work/dunn/sequences/illumina/physalia_novaseq2_2023/Sample_190531_FD09253810/HYGF2CCXY_1_190531_FD09253810_Other__R_190530_SAMROS_DNA_M001_R2.fastq.gz;/gpfs/ycga/work/dunn/sequences/illumina/physalia_novaseq2_2023/Sample_190531_FD09253810/HYGF2CCXY_2_190531_FD09253810_Other__R_190530_SAMROS_DNA_M001_R2.fastq.gz;/gpfs/ycga/work/dunn/sequences/illumina/physalia_novaseq2_2023/Sample_190531_FD09253810/HYGF2CCXY_3_190531_FD09253810_Other__R_190530_SAMROS_DNA_M001_R2.fastq.gz	true
Church2025__OA-Bluebottle	Church2025:OA-Bluebottle	OA-Bluebottle	Church2025	P_physalis	P_physalis	393864449	/vast/palmer/pi/dunn/sc2962/physalia_genome_assemblies/2023_physalia_pacfic_genome/GON10891/GON10891A1/BluebottleDNA_S1_L001_R1_001.fastq.gz	/vast/palmer/pi/dunn/sc2962/physalia_genome_assemblies/2023_physalia_pacfic_genome/GON10891/GON10891A1/BluebottleDNA_S1_L001_R2_001.fastq.gz	true
Church2025__TMAG-K5632	Church2025:TMAG-K5632	TMAG-K5632	Church2025	P_physalis	P_physalis	255466214	/gpfs/ycga/work/dunn/sequences/illumina/physalia_novaseq2_2023/Sample_KM5632_138_055/KM5632_138_055_S65_L003_R1_001.fastq.gz;/gpfs/ycga/work/dunn/sequences/illumina/physalia_novaseq5_2023/Sample_KM5632_138_055/KM5632_138_055_S1_L001_R1_001.fastq.gz	/gpfs/ycga/work/dunn/sequences/illumina/physalia_novaseq2_2023/Sample_KM5632_138_055/KM5632_138_055_S65_L003_R2_001.fastq.gz;/gpfs/ycga/work/dunn/sequences/illumina/physalia_novaseq5_2023/Sample_KM5632_138_055/KM5632_138_055_S1_L001_R2_001.fastq.gz	true
Church2025__TMAG-K5633	Church2025:TMAG-K5633	TMAG-K5633	Church2025	P_physalis	P_physalis	353846682	/gpfs/ycga/work/dunn/sequences/illumina/physalia_novaseq2_2023/Sample_KM5633_150_043/KM5633_150_043_S66_L003_R1_001.fastq.gz;/gpfs/ycga/work/dunn/sequences/illumina/physalia_novaseq5_2023/Sample_KM5633_150_043/KM5633_150_043_S2_L001_R1_001.fastq.gz	/gpfs/ycga/work/dunn/sequences/illumina/physalia_novaseq2_2023/Sample_KM5633_150_043/KM5633_150_043_S66_L003_R2_001.fastq.gz;/gpfs/ycga/work/dunn/sequences/illumina/physalia_novaseq5_2023/Sample_KM5633_150_043/KM5633_150_043_S2_L001_R2_001.fastq.gz	true
Church2025__TMAG-K5634	Church2025:TMAG-K5634	TMAG-K5634	Church2025	P_physalis	P_physalis	52936896	/gpfs/ycga/work/dunn/sequences/illumina/physalia_novaseq2_2023/Sample_KM5634_126_067/KM5634_126_067_S67_L003_R1_001.fastq.gz	/gpfs/ycga/work/dunn/sequences/illumina/physalia_novaseq2_2023/Sample_KM5634_126_067/KM5634_126_067_S67_L003_R2_001.fastq.gz	true
Church2025__TMAG-K5635	Church2025:TMAG-K5635	TMAG-K5635	Church2025	P_physalis	P_physalis	152149795	/gpfs/ycga/work/dunn/sequences/illumina/physalia_novaseq3_2023/Sample_KM5635_128_065/KM5635_128_065_S5_L003_R1_001.fastq.gz	/gpfs/ycga/work/dunn/sequences/illumina/physalia_novaseq3_2023/Sample_KM5635_128_065/KM5635_128_065_S5_L003_R2_001.fastq.gz	true
Church2025__TMAG-K5636	Church2025:TMAG-K5636	TMAG-K5636	Church2025	P_physalis	P_physalis	129828346	/gpfs/ycga/work/dunn/sequences/illumina/physalia_novaseq3_2023/Sample_KM5636_116_077/KM5636_116_077_S6_L003_R1_001.fastq.gz	/gpfs/ycga/work/dunn/sequences/illumina/physalia_novaseq3_2023/Sample_KM5636_116_077/KM5636_116_077_S6_L003_R2_001.fastq.gz	true
Church2025__WAM-Z88480	Church2025:WAM-Z88480	WAM-Z88480	Church2025	P_physalis	P_physalis	500675101	/gpfs/ycga/work/dunn/sequences/illumina/physalia_novaseq4_2023/Sample_Z88480_170_023/Z88480_170_023_S23_L002_R1_001.fastq.gz;/gpfs/ycga/work/dunn/sequences/illumina/physalia_novaseq5_2023/Sample_Z88480_170_023/Z88480_170_023_S8_L006_R1_001.fastq.gz	/gpfs/ycga/work/dunn/sequences/illumina/physalia_novaseq4_2023/Sample_Z88480_170_023/Z88480_170_023_S23_L002_R2_001.fastq.gz;/gpfs/ycga/work/dunn/sequences/illumina/physalia_novaseq5_2023/Sample_Z88480_170_023/Z88480_170_023_S8_L006_R2_001.fastq.gz	true
Church2025__WAM-Z97900	Church2025:WAM-Z97900	WAM-Z97900	Church2025	P_physalis	P_physalis	128153778	/gpfs/ycga/work/dunn/sequences/illumina/physalia_novaseq4_2023/Sample_Z97900_158_035/Z97900_158_035_S24_L002_R1_001.fastq.gz	/gpfs/ycga/work/dunn/sequences/illumina/physalia_novaseq4_2023/Sample_Z97900_158_035/Z97900_158_035_S24_L002_R2_001.fastq.gz	true
Church2025__WAM-Z97901	Church2025:WAM-Z97901	WAM-Z97901	Church2025	P_physalis	P_physalis	147160985	/gpfs/ycga/work/dunn/sequences/illumina/physalia_novaseq4_2023/Sample_Z97901_146_047/Z97901_146_047_S25_L002_R1_001.fastq.gz	/gpfs/ycga/work/dunn/sequences/illumina/physalia_novaseq4_2023/Sample_Z97901_146_047/Z97901_146_047_S25_L002_R2_001.fastq.gz	true
Church2025__WAM-Z97902	Church2025:WAM-Z97902	WAM-Z97902	Church2025	P_physalis	P_physalis	143437107	/gpfs/ycga/work/dunn/sequences/illumina/physalia_novaseq5_2023/Sample_Z97902_152_041/Z97902_152_041_S1_L001_R1_001.fastq.gz;/gpfs/ycga/work/dunn/sequences/illumina/physalia_novaseq5_2023/Sample_Z97902_152_041/Z97902_152_041_S1_L002_R1_001.fastq.gz;/gpfs/ycga/work/dunn/sequences/illumina/physalia_novaseq5_2023/Sample_Z97902_152_041_czytbx/Z97902_152_041_S1_L001_R1_001.fastq.gz	/gpfs/ycga/work/dunn/sequences/illumina/physalia_novaseq5_2023/Sample_Z97902_152_041/Z97902_152_041_S1_L001_R2_001.fastq.gz;/gpfs/ycga/work/dunn/sequences/illumina/physalia_novaseq5_2023/Sample_Z97902_152_041/Z97902_152_041_S1_L002_R2_001.fastq.gz;/gpfs/ycga/work/dunn/sequences/illumina/physalia_novaseq5_2023/Sample_Z97902_152_041_czytbx/Z97902_152_041_S1_L001_R2_001.fastq.gz	true
Church2025__WAM-Z97903	Church2025:WAM-Z97903	WAM-Z97903	Church2025	P_physalis	P_physalis	128680152	/gpfs/ycga/work/dunn/sequences/illumina/physalia_novaseq4_2023/Sample_Z97903_134_059/Z97903_134_059_S26_L002_R1_001.fastq.gz	/gpfs/ycga/work/dunn/sequences/illumina/physalia_novaseq4_2023/Sample_Z97903_134_059/Z97903_134_059_S26_L002_R2_001.fastq.gz	true
Church2025__WAM-Z97906	Church2025:WAM-Z97906	WAM-Z97906	Church2025	P_physalis	P_physalis	134733881	/gpfs/ycga/work/dunn/sequences/illumina/physalia_novaseq4_2023/Sample_Z97906_122_071/Z97906_122_071_S27_L002_R1_001.fastq.gz	/gpfs/ycga/work/dunn/sequences/illumina/physalia_novaseq4_2023/Sample_Z97906_122_071/Z97906_122_071_S27_L002_R2_001.fastq.gz	true
Church2025__WAM-Z97907	Church2025:WAM-Z97907	WAM-Z97907	Church2025	P_physalis	P_physalis	125367064	/gpfs/ycga/work/dunn/sequences/illumina/physalia_novaseq5_2023/Sample_Z97907_140_053/Z97907_140_053_S2_L001_R1_001.fastq.gz;/gpfs/ycga/work/dunn/sequences/illumina/physalia_novaseq5_2023/Sample_Z97907_140_053/Z97907_140_053_S2_L002_R1_001.fastq.gz;/gpfs/ycga/work/dunn/sequences/illumina/physalia_novaseq5_2023/Sample_Z97907_140_053_nnhrjn/Z97907_140_053_S2_L001_R1_001.fastq.gz	/gpfs/ycga/work/dunn/sequences/illumina/physalia_novaseq5_2023/Sample_Z97907_140_053/Z97907_140_053_S2_L001_R2_001.fastq.gz;/gpfs/ycga/work/dunn/sequences/illumina/physalia_novaseq5_2023/Sample_Z97907_140_053/Z97907_140_053_S2_L002_R2_001.fastq.gz;/gpfs/ycga/work/dunn/sequences/illumina/physalia_novaseq5_2023/Sample_Z97907_140_053_nnhrjn/Z97907_140_053_S2_L001_R2_001.fastq.gz	true
Church2025__WAM-Z97908	Church2025:WAM-Z97908	WAM-Z97908	Church2025	P_physalis	P_physalis	140252505	/gpfs/ycga/work/dunn/sequences/illumina/physalia_novaseq5_2023/Sample_Z97908_128_065/Z97908_128_065_S3_L001_R1_001.fastq.gz;/gpfs/ycga/work/dunn/sequences/illumina/physalia_novaseq5_2023/Sample_Z97908_128_065/Z97908_128_065_S3_L002_R1_001.fastq.gz;/gpfs/ycga/work/dunn/sequences/illumina/physalia_novaseq5_2023/Sample_Z97908_128_065_vtsjul/Z97908_128_065_S3_L001_R1_001.fastq.gz	/gpfs/ycga/work/dunn/sequences/illumina/physalia_novaseq5_2023/Sample_Z97908_128_065/Z97908_128_065_S3_L001_R2_001.fastq.gz;/gpfs/ycga/work/dunn/sequences/illumina/physalia_novaseq5_2023/Sample_Z97908_128_065/Z97908_128_065_S3_L002_R2_001.fastq.gz;/gpfs/ycga/work/dunn/sequences/illumina/physalia_novaseq5_2023/Sample_Z97908_128_065_vtsjul/Z97908_128_065_S3_L001_R2_001.fastq.gz	true
Church2025__WAM-Z97910	Church2025:WAM-Z97910	WAM-Z97910	Church2025	P_physalis	P_physalis	119292343	/gpfs/ycga/work/dunn/sequences/illumina/physalia_novaseq5_2023/Sample_Z97910_116_077/Z97910_116_077_S4_L001_R1_001.fastq.gz;/gpfs/ycga/work/dunn/sequences/illumina/physalia_novaseq5_2023/Sample_Z97910_116_077/Z97910_116_077_S4_L002_R1_001.fastq.gz;/gpfs/ycga/work/dunn/sequences/illumina/physalia_novaseq5_2023/Sample_Z97910_116_077_upodxm/Z97910_116_077_S4_L001_R1_001.fastq.gz	/gpfs/ycga/work/dunn/sequences/illumina/physalia_novaseq5_2023/Sample_Z97910_116_077/Z97910_116_077_S4_L001_R2_001.fastq.gz;/gpfs/ycga/work/dunn/sequences/illumina/physalia_novaseq5_2023/Sample_Z97910_116_077/Z97910_116_077_S4_L002_R2_001.fastq.gz;/gpfs/ycga/work/dunn/sequences/illumina/physalia_novaseq5_2023/Sample_Z97910_116_077_upodxm/Z97910_116_077_S4_L001_R2_001.fastq.gz	true
Church2025__WAM-Z97911	Church2025:WAM-Z97911	WAM-Z97911	Church2025	P_physalis	P_physalis	134756668	/gpfs/ycga/work/dunn/sequences/illumina/physalia_novaseq5_2023/Sample_Z97911_104_089/Z97911_104_089_S5_L001_R1_001.fastq.gz;/gpfs/ycga/work/dunn/sequences/illumina/physalia_novaseq5_2023/Sample_Z97911_104_089/Z97911_104_089_S5_L002_R1_001.fastq.gz;/gpfs/ycga/work/dunn/sequences/illumina/physalia_novaseq5_2023/Sample_Z97911_104_089_ccoero/Z97911_104_089_S5_L001_R1_001.fastq.gz	/gpfs/ycga/work/dunn/sequences/illumina/physalia_novaseq5_2023/Sample_Z97911_104_089/Z97911_104_089_S5_L001_R2_001.fastq.gz;/gpfs/ycga/work/dunn/sequences/illumina/physalia_novaseq5_2023/Sample_Z97911_104_089/Z97911_104_089_S5_L002_R2_001.fastq.gz;/gpfs/ycga/work/dunn/sequences/illumina/physalia_novaseq5_2023/Sample_Z97911_104_089_ccoero/Z97911_104_089_S5_L001_R2_001.fastq.gz	true
Church2025__WAM-Z97914	Church2025:WAM-Z97914	WAM-Z97914	Church2025	P_physalis	P_physalis	131236887	/gpfs/ycga/work/dunn/sequences/illumina/physalia_novaseq5_2023/Sample_Z97914_187_006/Z97914_187_006_S6_L003_R1_001.fastq.gz;/gpfs/ycga/work/dunn/sequences/illumina/physalia_novaseq5_2023/Sample_Z97914_187_006/Z97914_187_006_S6_L004_R1_001.fastq.gz;/gpfs/ycga/work/dunn/sequences/illumina/physalia_novaseq5_2023/Sample_Z97914_187_006_vfmfop/Z97914_187_006_S6_L001_R1_001.fastq.gz	/gpfs/ycga/work/dunn/sequences/illumina/physalia_novaseq5_2023/Sample_Z97914_187_006/Z97914_187_006_S6_L003_R2_001.fastq.gz;/gpfs/ycga/work/dunn/sequences/illumina/physalia_novaseq5_2023/Sample_Z97914_187_006/Z97914_187_006_S6_L004_R2_001.fastq.gz;/gpfs/ycga/work/dunn/sequences/illumina/physalia_novaseq5_2023/Sample_Z97914_187_006_vfmfop/Z97914_187_006_S6_L001_R2_001.fastq.gz	true
Church2025__WAM-Z97916	Church2025:WAM-Z97916	WAM-Z97916	Church2025	P_physalis	P_physalis	125969020	/gpfs/ycga/work/dunn/sequences/illumina/physalia_novaseq5_2023/RELABEL_Sample_Z97916/Z97916_L001_R1_001.fastq.gz;/gpfs/ycga/work/dunn/sequences/illumina/physalia_novaseq5_2023/RELABEL_Sample_Z97916/Z97916_L003_R1_001.fastq.gz;/gpfs/ycga/work/dunn/sequences/illumina/physalia_novaseq5_2023/RELABEL_Sample_Z97916/Z97916_L004_R1_001.fastq.gz	/gpfs/ycga/work/dunn/sequences/illumina/physalia_novaseq5_2023/RELABEL_Sample_Z97916/Z97916_L001_R2_001.fastq.gz;/gpfs/ycga/work/dunn/sequences/illumina/physalia_novaseq5_2023/RELABEL_Sample_Z97916/Z97916_L003_R2_001.fastq.gz;/gpfs/ycga/work/dunn/sequences/illumina/physalia_novaseq5_2023/RELABEL_Sample_Z97916/Z97916_L004_R2_001.fastq.gz	true
Church2025__WAM-Z97917	Church2025:WAM-Z97917	WAM-Z97917	Church2025	P_physalis	P_physalis	197086730	/gpfs/ycga/work/dunn/sequences/illumina/physalia_novaseq5_2023/Sample_Z97917_188_005/Z97917_188_005_S12_L004_R1_001.fastq.gz	/gpfs/ycga/work/dunn/sequences/illumina/physalia_novaseq5_2023/Sample_Z97917_188_005/Z97917_188_005_S12_L004_R2_001.fastq.gz	true
Church2025__WAM-Z97920	Church2025:WAM-Z97920	WAM-Z97920	Church2025	P_physalis	P_physalis	190158822	/gpfs/ycga/work/dunn/sequences/illumina/physalia_novaseq4_2023/Sample_Z97920_110_083/Z97920_110_083_S28_L003_R1_001.fastq.gz	/gpfs/ycga/work/dunn/sequences/illumina/physalia_novaseq4_2023/Sample_Z97920_110_083/Z97920_110_083_S28_L003_R2_001.fastq.gz	true
Church2025__WAM-Z97921	Church2025:WAM-Z97921	WAM-Z97921	Church2025	P_physalis	P_physalis	179893462	/gpfs/ycga/work/dunn/sequences/illumina/physalia_novaseq4_2023/Sample_Z97921_098_095/Z97921_098_095_S29_L003_R1_001.fastq.gz	/gpfs/ycga/work/dunn/sequences/illumina/physalia_novaseq4_2023/Sample_Z97921_098_095/Z97921_098_095_S29_L003_R2_001.fastq.gz	true
Church2025__WAM-Z97923	Church2025:WAM-Z97923	WAM-Z97923	Church2025	P_physalis	P_physalis	149012411	/gpfs/ycga/work/dunn/sequences/illumina/physalia_novaseq5_2023/RELABEL_Sample_Z97923/Z97923_L001_R1_001.fastq.gz;/gpfs/ycga/work/dunn/sequences/illumina/physalia_novaseq5_2023/RELABEL_Sample_Z97923/Z97923_L003_R1_001.fastq.gz;/gpfs/ycga/work/dunn/sequences/illumina/physalia_novaseq5_2023/RELABEL_Sample_Z97923/Z97923_L004_R1_001.fastq.gz	/gpfs/ycga/work/dunn/sequences/illumina/physalia_novaseq5_2023/RELABEL_Sample_Z97923/Z97923_L001_R2_001.fastq.gz;/gpfs/ycga/work/dunn/sequences/illumina/physalia_novaseq5_2023/RELABEL_Sample_Z97923/Z97923_L003_R2_001.fastq.gz;/gpfs/ycga/work/dunn/sequences/illumina/physalia_novaseq5_2023/RELABEL_Sample_Z97923/Z97923_L004_R2_001.fastq.gz	true
Church2025__YPM-IZ-104460	Church2025:YPM-IZ-104460	YPM:IZ:104460	Church2025	P_physalis	P_physalis	71868159	/gpfs/ycga/work/dunn/sequences/illumina/physalia_novaseq2_2023/Sample_G104460_208_369/G104460_208_369_S8_L001_R1_001.fastq.gz	/gpfs/ycga/work/dunn/sequences/illumina/physalia_novaseq2_2023/Sample_G104460_208_369/G104460_208_369_S8_L001_R2_001.fastq.gz	true
Church2025__YPM-IZ-104461	Church2025:YPM-IZ-104461	YPM:IZ:104461	Church2025	P_physalis	P_physalis	51036101	/gpfs/ycga/work/dunn/sequences/illumina/physalia_novaseq2_2023/Sample_G104461_196_381/G104461_196_381_S9_L001_R1_001.fastq.gz	/gpfs/ycga/work/dunn/sequences/illumina/physalia_novaseq2_2023/Sample_G104461_196_381/G104461_196_381_S9_L001_R2_001.fastq.gz	true
Church2025__YPM-IZ-104464	Church2025:YPM-IZ-104464	YPM:IZ:104464	Church2025	P_physalis	P_physalis	286006759	/gpfs/ycga/work/dunn/sequences/illumina/Novaseq_siphgenomes/Sample_NA24_164_029/NA24_164_029_S8_L002_R1_001.fastq.gz	/gpfs/ycga/work/dunn/sequences/illumina/Novaseq_siphgenomes/Sample_NA24_164_029/NA24_164_029_S8_L002_R2_001.fastq.gz	true
Church2025__YPM-IZ-104465	Church2025:YPM-IZ-104465	YPM:IZ:104465	Church2025	P_physalis	P_physalis	670929213	/gpfs/ycga/work/dunn/sequences/illumina/Novaseq_siphgenomes/Sample_NA22_176_017/NA22_176_017_S7_L002_R1_001.fastq.gz	/gpfs/ycga/work/dunn/sequences/illumina/Novaseq_siphgenomes/Sample_NA22_176_017/NA22_176_017_S7_L002_R2_001.fastq.gz	true
Church2025__YPM-IZ-106919	Church2025:YPM-IZ-106919	YPM:IZ:106919	Church2025	P_physalis	P_physalis	81700526	/gpfs/ycga/work/dunn/sequences/illumina/physalia_novaseq2_2023/Sample_2gDNA_279_298/2gDNA_279_298_S10_L001_R1_001.fastq.gz	/gpfs/ycga/work/dunn/sequences/illumina/physalia_novaseq2_2023/Sample_2gDNA_279_298/2gDNA_279_298_S10_L001_R2_001.fastq.gz	true
Church2025__YPM-IZ-106920	Church2025:YPM-IZ-106920	YPM:IZ:106920	Church2025	P_physalis	P_physalis	252221313	/gpfs/ycga/work/dunn/sequences/illumina/physalia_novaseq_2023/Sample_3_Japan_138_055/3gDNA_138_055_S32_L004_R1_001.fastq.gz	/gpfs/ycga/work/dunn/sequences/illumina/physalia_novaseq_2023/Sample_3_Japan_138_055/3gDNA_138_055_S32_L004_R2_001.fastq.gz	true
Church2025__YPM-IZ-106923	Church2025:YPM-IZ-106923	YPM:IZ:106923	Church2025	P_physalis	P_physalis	248533295	/gpfs/ycga/work/dunn/sequences/illumina/physalia_novaseq_2023/Sample_6_Japan_126_067/6gDNA_126_067_S33_L004_R1_001.fastq.gz	/gpfs/ycga/work/dunn/sequences/illumina/physalia_novaseq_2023/Sample_6_Japan_126_067/6gDNA_126_067_S33_L004_R2_001.fastq.gz	true
Church2025__YPM-IZ-106935	Church2025:YPM-IZ-106935	YPM:IZ:106935	Church2025	P_physalis	P_physalis	87054300	/gpfs/ycga/work/dunn/sequences/illumina/physalia_novaseq2_2023/Sample_13TX_280_297/13TX_280_297_S1_L001_R1_001.fastq.gz	/gpfs/ycga/work/dunn/sequences/illumina/physalia_novaseq2_2023/Sample_13TX_280_297/13TX_280_297_S1_L001_R2_001.fastq.gz	true
Church2025__YPM-IZ-106936	Church2025:YPM-IZ-106936	YPM:IZ:106936	Church2025	P_physalis	P_physalis	83195363	/gpfs/ycga/work/dunn/sequences/illumina/physalia_novaseq2_2023/Sample_42TX_268_309/42TX_268_309_S2_L001_R1_001.fastq.gz	/gpfs/ycga/work/dunn/sequences/illumina/physalia_novaseq2_2023/Sample_42TX_268_309/42TX_268_309_S2_L001_R2_001.fastq.gz	true
Church2025__YPM-IZ-106937	Church2025:YPM-IZ-106937	YPM:IZ:106937	Church2025	P_physalis	P_physalis	81902636	/gpfs/ycga/work/dunn/sequences/illumina/physalia_novaseq2_2023/Sample_59TX_256_321/59TX_256_321_S3_L001_R1_001.fastq.gz	/gpfs/ycga/work/dunn/sequences/illumina/physalia_novaseq2_2023/Sample_59TX_256_321/59TX_256_321_S3_L001_R2_001.fastq.gz	true
Church2025__YPM-IZ-106941	Church2025:YPM-IZ-106941	YPM:IZ:106941	Church2025	P_physalis	P_physalis	68760656	/gpfs/ycga/work/dunn/sequences/illumina/physalia_novaseq2_2023/Sample_63_232_345/63_232_345_S6_L001_R1_001.fastq.gz	/gpfs/ycga/work/dunn/sequences/illumina/physalia_novaseq2_2023/Sample_63_232_345/63_232_345_S6_L001_R2_001.fastq.gz	true
Church2025__YPM-IZ-106943	Church2025:YPM-IZ-106943	YPM:IZ:106943	Church2025	P_physalis	P_physalis	270656924	/gpfs/ycga/work/dunn/sequences/illumina/physalia_novaseq_2023/Sample_Bermuda_67_162_031/67_162_031_S30_L004_R1_001.fastq.gz	/gpfs/ycga/work/dunn/sequences/illumina/physalia_novaseq_2023/Sample_Bermuda_67_162_031/67_162_031_S30_L004_R2_001.fastq.gz	true
Church2025__YPM-IZ-106954	Church2025:YPM-IZ-106954	YPM:IZ:106954	Church2025	P_physalis	P_physalis	344905418	/gpfs/ycga/work/dunn/sequences/illumina/physalia_novaseq_2023/Sample_Bermuda_94_150_043/94_150_043_S31_L004_R1_001.fastq.gz	/gpfs/ycga/work/dunn/sequences/illumina/physalia_novaseq_2023/Sample_Bermuda_94_150_043/94_150_043_S31_L004_R2_001.fastq.gz	true
Church2025__YPM-IZ-106958	Church2025:YPM-IZ-106958	YPM:IZ:106958	Church2025	P_physalis	P_physalis	69835975	/gpfs/ycga/work/dunn/sequences/illumina/physalia_novaseq2_2023/Sample_8TX_244_333/8TX_244_333_S5_L001_R1_001.fastq.gz	/gpfs/ycga/work/dunn/sequences/illumina/physalia_novaseq2_2023/Sample_8TX_244_333/8TX_244_333_S5_L001_R2_001.fastq.gz	true
Church2025__YPM-IZ-110251	Church2025:YPM-IZ-110251	YPM:IZ:110251	Church2025	P_physalis	P_physalis	278556070	/gpfs/ycga/work/dunn/sequences/illumina/physalia_novaseq_2023/Sample_YPM110251_114_079/YDM110251_114_079_S34_L004_R1_001.fastq.gz	/gpfs/ycga/work/dunn/sequences/illumina/physalia_novaseq_2023/Sample_YPM110251_114_079/YDM110251_114_079_S34_L004_R2_001.fastq.gz	true
Church2025__YPM-IZ-110254	Church2025:YPM-IZ-110254	YPM:IZ:110254	Church2025	P_physalis	P_physalis	321316617	/gpfs/ycga/work/dunn/sequences/illumina/physalia_novaseq_2023/Sample_YPM110254_102_091/YDM110254_102_091_S35_L004_R1_001.fastq.gz	/gpfs/ycga/work/dunn/sequences/illumina/physalia_novaseq_2023/Sample_YPM110254_102_091/YDM110254_102_091_S35_L004_R2_001.fastq.gz	true
Church2025__YPM-IZ-110264	Church2025:YPM-IZ-110264	YPM:IZ:110264	Church2025	P_physalis	P_physalis	83198814	/gpfs/ycga/work/dunn/sequences/illumina/physalia_novaseq2_2023/Sample_110264_267_310/110264_267_310_S11_L001_R1_001.fastq.gz	/gpfs/ycga/work/dunn/sequences/illumina/physalia_novaseq2_2023/Sample_110264_267_310/110264_267_310_S11_L001_R2_001.fastq.gz	true
Church2025__YPM-IZ-110268	Church2025:YPM-IZ-110268	YPM:IZ:110268	Church2025	P_physalis	P_physalis	77167007	/gpfs/ycga/work/dunn/sequences/illumina/physalia_novaseq2_2023/Sample_110268_255_322/110268_255_322_S12_L001_R1_001.fastq.gz	/gpfs/ycga/work/dunn/sequences/illumina/physalia_novaseq2_2023/Sample_110268_255_322/110268_255_322_S12_L001_R2_001.fastq.gz	true
Church2025__YPM-IZ-110269	Church2025:YPM-IZ-110269	YPM:IZ:110269	Church2025	P_physalis	P_physalis	504360146	/gpfs/ycga/work/dunn/sequences/illumina/physalia_novaseq2_2023/Sample_110269_243_334/110269_243_334_S102_L004_R1_001.fastq.gz;/gpfs/ycga/work/dunn/sequences/illumina/physalia_novaseq2_2023/Sample_110269_243_334/110269_243_334_S13_L001_R1_001.fastq.gz	/gpfs/ycga/work/dunn/sequences/illumina/physalia_novaseq2_2023/Sample_110269_243_334/110269_243_334_S102_L004_R2_001.fastq.gz;/gpfs/ycga/work/dunn/sequences/illumina/physalia_novaseq2_2023/Sample_110269_243_334/110269_243_334_S13_L001_R2_001.fastq.gz	true
Church2025__YPM-IZ-110276	Church2025:YPM-IZ-110276	YPM:IZ:110276	Church2025	P_physalis	P_physalis	83776156	/gpfs/ycga/work/dunn/sequences/illumina/physalia_novaseq2_2023/Sample_110276_231_346/110276_231_346_S14_L001_R1_001.fastq.gz	/gpfs/ycga/work/dunn/sequences/illumina/physalia_novaseq2_2023/Sample_110276_231_346/110276_231_346_S14_L001_R2_001.fastq.gz	true
Church2025__YPM-IZ-110277	Church2025:YPM-IZ-110277	YPM:IZ:110277	Church2025	P_physalis	P_physalis	78222031	/gpfs/ycga/work/dunn/sequences/illumina/physalia_novaseq2_2023/Sample_110277_219_358/110277_219_358_S15_L001_R1_001.fastq.gz	/gpfs/ycga/work/dunn/sequences/illumina/physalia_novaseq2_2023/Sample_110277_219_358/110277_219_358_S15_L001_R2_001.fastq.gz	true
Church2025__YPM-IZ-110278	Church2025:YPM-IZ-110278	YPM:IZ:110278	Church2025	P_physalis	P_physalis	71073555	/gpfs/ycga/work/dunn/sequences/illumina/physalia_novaseq2_2023/Sample_110278_207_370/110278_207_370_S16_L001_R1_001.fastq.gz	/gpfs/ycga/work/dunn/sequences/illumina/physalia_novaseq2_2023/Sample_110278_207_370/110278_207_370_S16_L001_R2_001.fastq.gz	true
Church2025__YPM-IZ-110433	Church2025:YPM-IZ-110433	YPM:IZ:110433	Church2025	P_physalis	P_physalis	76049548	/gpfs/ycga/work/dunn/sequences/illumina/physalia_novaseq2_2023/Sample_110433_168_025/110433_168_025_S2_L002_R1_001.fastq.gz	/gpfs/ycga/work/dunn/sequences/illumina/physalia_novaseq2_2023/Sample_110433_168_025/110433_168_025_S2_L002_R2_001.fastq.gz	true
Church2025__YPM-IZ-110434	Church2025:YPM-IZ-110434	YPM:IZ:110434	Church2025	P_physalis	P_physalis	437442538	/gpfs/ycga/work/dunn/sequences/illumina/S2_assorted_samples_skimming_2024/Sample_YPM-IZ-110434_102_091/YPM-IZ-110434_102_091_S110_L001_R1_001.fastq.gz	/gpfs/ycga/work/dunn/sequences/illumina/S2_assorted_samples_skimming_2024/Sample_YPM-IZ-110434_102_091/YPM-IZ-110434_102_091_S110_L001_R2_001.fastq.gz	true
Church2025__YPM-IZ-110436	Church2025:YPM-IZ-110436	YPM:IZ:110436	Church2025	P_physalis	P_physalis	319874984	/gpfs/ycga/work/dunn/sequences/illumina/S2_assorted_samples_skimming_2024/Sample_YPM-IZ-110436_185_008/YPM-IZ-110436_185_008_S111_L001_R1_001.fastq.gz	/gpfs/ycga/work/dunn/sequences/illumina/S2_assorted_samples_skimming_2024/Sample_YPM-IZ-110436_185_008/YPM-IZ-110436_185_008_S111_L001_R2_001.fastq.gz	true
Church2025__YPM-IZ-110438	Church2025:YPM-IZ-110438	YPM:IZ:110438	Church2025	P_physalis	P_physalis	62342188	/gpfs/ycga/work/dunn/sequences/illumina/physalia_novaseq2_2023/Sample_110438_156_037/110438_156_037_S3_L002_R1_001.fastq.gz	/gpfs/ycga/work/dunn/sequences/illumina/physalia_novaseq2_2023/Sample_110438_156_037/110438_156_037_S3_L002_R2_001.fastq.gz	true
Church2025__YPM-IZ-110443	Church2025:YPM-IZ-110443	YPM:IZ:110443	Church2025	P_physalis	P_physalis	48458911	/gpfs/ycga/work/dunn/sequences/illumina/physalia_novaseq2_2023/Sample_110443_144_049/110443_144_049_S4_L002_R1_001.fastq.gz	/gpfs/ycga/work/dunn/sequences/illumina/physalia_novaseq2_2023/Sample_110443_144_049/110443_144_049_S4_L002_R2_001.fastq.gz	true
Church2025__YPM-IZ-110460	Church2025:YPM-IZ-110460	YPM:IZ:110460	Church2025	P_physalis	P_physalis	121108532	/gpfs/ycga/work/dunn/sequences/illumina/physalia_novaseq3_2023/Sample_110460_118_075/110460_118_075_S1_L001_R1_001.fastq.gz	/gpfs/ycga/work/dunn/sequences/illumina/physalia_novaseq3_2023/Sample_110460_118_075/110460_118_075_S1_L001_R2_001.fastq.gz	true
Church2025__YPM-IZ-110467	Church2025:YPM-IZ-110467	YPM:IZ:110467	Church2025	P_physalis	P_physalis	63747309	/gpfs/ycga/work/dunn/sequences/illumina/physalia_novaseq2_2023/Sample_110467_132_061/110467_132_061_S5_L002_R1_001.fastq.gz	/gpfs/ycga/work/dunn/sequences/illumina/physalia_novaseq2_2023/Sample_110467_132_061/110467_132_061_S5_L002_R2_001.fastq.gz	true
Church2025__YPM-IZ-110468	Church2025:YPM-IZ-110468	YPM:IZ:110468	Church2025	P_physalis	P_physalis	60435790	/gpfs/ycga/work/dunn/sequences/illumina/physalia_novaseq2_2023/Sample_110468_120_073/110468_120_073_S6_L002_R1_001.fastq.gz	/gpfs/ycga/work/dunn/sequences/illumina/physalia_novaseq2_2023/Sample_110468_120_073/110468_120_073_S6_L002_R2_001.fastq.gz	true
Church2025__YPM-IZ-110469	Church2025:YPM-IZ-110469	YPM:IZ:110469	Church2025	P_physalis	P_physalis	523873937	/gpfs/ycga/work/dunn/sequences/illumina/physalia_novaseq2_2023/Sample_110469_108_085/110469_108_085_S103_L004_R1_001.fastq.gz;/gpfs/ycga/work/dunn/sequences/illumina/physalia_novaseq2_2023/Sample_110469_108_085/110469_108_085_S7_L002_R1_001.fastq.gz	/gpfs/ycga/work/dunn/sequences/illumina/physalia_novaseq2_2023/Sample_110469_108_085/110469_108_085_S103_L004_R2_001.fastq.gz;/gpfs/ycga/work/dunn/sequences/illumina/physalia_novaseq2_2023/Sample_110469_108_085/110469_108_085_S7_L002_R2_001.fastq.gz	true
Church2025__YPM-IZ-110470	Church2025:YPM-IZ-110470	YPM:IZ:110470	Church2025	P_physalis	P_physalis	128832589	/gpfs/ycga/work/dunn/sequences/illumina/physalia_novaseq3_2023/Sample_110470_106_087/110470_106_087_S2_L001_R1_001.fastq.gz	/gpfs/ycga/work/dunn/sequences/illumina/physalia_novaseq3_2023/Sample_110470_106_087/110470_106_087_S2_L001_R2_001.fastq.gz	true
Church2025__YPM-IZ-110471	Church2025:YPM-IZ-110471	YPM:IZ:110471	Church2025	P_physalis	P_physalis	68067007	/gpfs/ycga/work/dunn/sequences/illumina/physalia_novaseq2_2023/Sample_110471_191_002/110471_191_002_S8_L002_R1_001.fastq.gz	/gpfs/ycga/work/dunn/sequences/illumina/physalia_novaseq2_2023/Sample_110471_191_002/110471_191_002_S8_L002_R2_001.fastq.gz	true
Church2025__YPM-IZ-110473	Church2025:YPM-IZ-110473	YPM:IZ:110473	Church2025	P_physalis	P_physalis	126934990	/gpfs/ycga/work/dunn/sequences/illumina/physalia_novaseq3_2023/Sample_110473_104_089/110473_104_089_S7_L003_R1_001.fastq.gz	/gpfs/ycga/work/dunn/sequences/illumina/physalia_novaseq3_2023/Sample_110473_104_089/110473_104_089_S7_L003_R2_001.fastq.gz	true
Church2025__YPM-IZ-110474	Church2025:YPM-IZ-110474	YPM:IZ:110474	Church2025	P_physalis	P_physalis	56382015	/gpfs/ycga/work/dunn/sequences/illumina/physalia_novaseq2_2023/Sample_110474_179_014/110474_179_014_S9_L002_R1_001.fastq.gz	/gpfs/ycga/work/dunn/sequences/illumina/physalia_novaseq2_2023/Sample_110474_179_014/110474_179_014_S9_L002_R2_001.fastq.gz	true
Church2025__YPM-IZ-110480	Church2025:YPM-IZ-110480	YPM:IZ:110480	Church2025	P_physalis	P_physalis	70060995	/gpfs/ycga/work/dunn/sequences/illumina/physalia_novaseq2_2023/Sample_110480_167_026/110480_167_026_S10_L002_R1_001.fastq.gz	/gpfs/ycga/work/dunn/sequences/illumina/physalia_novaseq2_2023/Sample_110480_167_026/110480_167_026_S10_L002_R2_001.fastq.gz	true
Church2025__YPM-IZ-110515	Church2025:YPM-IZ-110515	YPM:IZ:110515	Church2025	P_physalis	P_physalis	186409183	/gpfs/ycga/work/dunn/sequences/illumina/physalia_novaseq3_2023/Sample_110515_189_004/110515_189_004_S3_L001_R1_001.fastq.gz	/gpfs/ycga/work/dunn/sequences/illumina/physalia_novaseq3_2023/Sample_110515_189_004/110515_189_004_S3_L001_R2_001.fastq.gz	true
Church2025__YPM-IZ-110520	Church2025:YPM-IZ-110520	YPM:IZ:110520	Church2025	P_physalis	P_physalis	161040173	/gpfs/ycga/work/dunn/sequences/illumina/physalia_novaseq3_2023/Sample_110520_177_016/110520_177_016_S4_L001_R1_001.fastq.gz	/gpfs/ycga/work/dunn/sequences/illumina/physalia_novaseq3_2023/Sample_110520_177_016/110520_177_016_S4_L001_R2_001.fastq.gz	true
Church2025__YPM-IZ-110526	Church2025:YPM-IZ-110526	YPM:IZ:110526	Church2025	P_physalis	P_physalis	116706599	/gpfs/ycga/work/dunn/sequences/illumina/physalia_novaseq3_2023/Sample_110526_165_028/110526_165_028_S5_L001_R1_001.fastq.gz	/gpfs/ycga/work/dunn/sequences/illumina/physalia_novaseq3_2023/Sample_110526_165_028/110526_165_028_S5_L001_R2_001.fastq.gz	true
Church2025__YPM-IZ-110556	Church2025:YPM-IZ-110556	YPM:IZ:110556	Church2025	P_physalis	P_physalis	337317962	/gpfs/ycga/work/dunn/sequences/illumina/physalia_novaseq3_2023/Sample_110556_153_040/110556_153_040_S6_L001_R1_001.fastq.gz;/gpfs/ycga/work/dunn/sequences/illumina/physalia_novaseq5_2023/Sample_110556_153_040/110556_153_040_S3_L001_R1_001.fastq.gz	/gpfs/ycga/work/dunn/sequences/illumina/physalia_novaseq3_2023/Sample_110556_153_040/110556_153_040_S6_L001_R2_001.fastq.gz;/gpfs/ycga/work/dunn/sequences/illumina/physalia_novaseq5_2023/Sample_110556_153_040/110556_153_040_S3_L001_R2_001.fastq.gz	true
Church2025__YPM-IZ-110557	Church2025:YPM-IZ-110557	YPM:IZ:110557	Church2025	P_physalis	P_physalis	143079407	/gpfs/ycga/work/dunn/sequences/illumina/physalia_novaseq3_2023/Sample_110557_141_052/110557_141_052_S7_L001_R1_001.fastq.gz	/gpfs/ycga/work/dunn/sequences/illumina/physalia_novaseq3_2023/Sample_110557_141_052/110557_141_052_S7_L001_R2_001.fastq.gz	true
Church2025__YPM-IZ-110558	Church2025:YPM-IZ-110558	YPM:IZ:110558	Church2025	P_physalis	P_physalis	102359020	/gpfs/ycga/work/dunn/sequences/illumina/physalia_novaseq3_2023/Sample_110558_129_064/110558_129_064_S8_L001_R1_001.fastq.gz	/gpfs/ycga/work/dunn/sequences/illumina/physalia_novaseq3_2023/Sample_110558_129_064/110558_129_064_S8_L001_R2_001.fastq.gz	true
Church2025__YPM-IZ-110566	Church2025:YPM-IZ-110566	YPM:IZ:110566	Church2025	P_physalis	P_physalis	106712136	/gpfs/ycga/work/dunn/sequences/illumina/physalia_novaseq3_2023/Sample_110566_117_076/110566_117_076_S9_L001_R1_001.fastq.gz	/gpfs/ycga/work/dunn/sequences/illumina/physalia_novaseq3_2023/Sample_110566_117_076/110566_117_076_S9_L001_R2_001.fastq.gz	true
Church2025__YPM-IZ-110569	Church2025:YPM-IZ-110569	YPM:IZ:110569	Church2025	P_physalis	P_physalis	164638811	/gpfs/ycga/work/dunn/sequences/illumina/physalia_novaseq3_2023/Sample_110569_187_006/110569_187_006_S8_L003_R1_001.fastq.gz	/gpfs/ycga/work/dunn/sequences/illumina/physalia_novaseq3_2023/Sample_110569_187_006/110569_187_006_S8_L003_R2_001.fastq.gz	true
Church2025__YPM-IZ-110600	Church2025:YPM-IZ-110600	YPM:IZ:110600	Church2025	P_physalis	P_physalis	136012902	/gpfs/ycga/work/dunn/sequences/illumina/physalia_novaseq3_2023/Sample_110600_163_030/110600_163_030_S10_L003_R1_001.fastq.gz	/gpfs/ycga/work/dunn/sequences/illumina/physalia_novaseq3_2023/Sample_110600_163_030/110600_163_030_S10_L003_R2_001.fastq.gz	true
Church2025__YPM-IZ-110602	Church2025:YPM-IZ-110602	YPM:IZ:110602	Church2025	P_physalis	P_physalis	122536905	/gpfs/ycga/work/dunn/sequences/illumina/physalia_novaseq3_2023/Sample_110602_105_088/110602_105_088_S10_L001_R1_001.fastq.gz	/gpfs/ycga/work/dunn/sequences/illumina/physalia_novaseq3_2023/Sample_110602_105_088/110602_105_088_S10_L001_R2_001.fastq.gz	true
Church2025__YPM-IZ-110605	Church2025:YPM-IZ-110605	YPM:IZ:110605	Church2025	P_physalis	P_physalis	128365246	/gpfs/ycga/work/dunn/sequences/illumina/physalia_novaseq3_2023/Sample_110605_139_054/110605_139_054_S22_L004_R1_001.fastq.gz	/gpfs/ycga/work/dunn/sequences/illumina/physalia_novaseq3_2023/Sample_110605_139_054/110605_139_054_S22_L004_R2_001.fastq.gz	true
Church2025__YPM-IZ-110612	Church2025:YPM-IZ-110612	YPM:IZ:110612	Church2025	P_physalis	P_physalis	95986812	/gpfs/ycga/work/dunn/sequences/illumina/physalia_novaseq3_2023/Sample_110612_127_066/110612_127_066_S23_L004_R1_001.fastq.gz	/gpfs/ycga/work/dunn/sequences/illumina/physalia_novaseq3_2023/Sample_110612_127_066/110612_127_066_S23_L004_R2_001.fastq.gz	true
Church2025__YPM-IZ-110613	Church2025:YPM-IZ-110613	YPM:IZ:110613	Church2025	P_physalis	P_physalis	104702609	/gpfs/ycga/work/dunn/sequences/illumina/physalia_novaseq3_2023/Sample_110613_115_078/110613_115_078_S24_L004_R1_001.fastq.gz	/gpfs/ycga/work/dunn/sequences/illumina/physalia_novaseq3_2023/Sample_110613_115_078/110613_115_078_S24_L004_R2_001.fastq.gz	true
Church2025__YPM-IZ-110616	Church2025:YPM-IZ-110616	YPM:IZ:110616	Church2025	P_physalis	P_physalis	107842809	/gpfs/ycga/work/dunn/sequences/illumina/physalia_novaseq3_2023/Sample_110616_103_090/110616_103_090_S25_L004_R1_001.fastq.gz	/gpfs/ycga/work/dunn/sequences/illumina/physalia_novaseq3_2023/Sample_110616_103_090/110616_103_090_S25_L004_R2_001.fastq.gz	true
Church2025__YPM-IZ-110631	Church2025:YPM-IZ-110631	YPM:IZ:110631	Church2025	P_physalis	P_physalis	131097055	/gpfs/ycga/work/dunn/sequences/illumina/physalia_novaseq4_2023/Sample_110631_114_079/110631_114_079_S2_L005_R1_001.fastq.gz	/gpfs/ycga/work/dunn/sequences/illumina/physalia_novaseq4_2023/Sample_110631_114_079/110631_114_079_S2_L005_R2_001.fastq.gz	true
Church2025__YPM-IZ-110633	Church2025:YPM-IZ-110633	YPM:IZ:110633	Church2025	P_physalis	P_physalis	128163679	/gpfs/ycga/work/dunn/sequences/illumina/physalia_novaseq4_2023/Sample_110633_161_032/110633_161_032_S6_L005_R1_001.fastq.gz	/gpfs/ycga/work/dunn/sequences/illumina/physalia_novaseq4_2023/Sample_110633_161_032/110633_161_032_S6_L005_R2_001.fastq.gz	true
Church2025__YPM-IZ-110667	Church2025:YPM-IZ-110667	YPM:IZ:110667	Church2025	P_physalis	P_physalis	180291625	/gpfs/ycga/work/dunn/sequences/illumina/physalia_novaseq4_2023/Sample_110667_126_067/110667_126_067_S1_L005_R1_001.fastq.gz	/gpfs/ycga/work/dunn/sequences/illumina/physalia_novaseq4_2023/Sample_110667_126_067/110667_126_067_S1_L005_R2_001.fastq.gz	true
Church2025__YPM-IZ-110694	Church2025:YPM-IZ-110694	YPM:IZ:110694	Church2025	P_physalis	P_physalis	154663510	/gpfs/ycga/work/dunn/sequences/illumina/physalia_novaseq5_2023/Sample_110694_105_088/110694_105_088_S11_L004_R1_001.fastq.gz	/gpfs/ycga/work/dunn/sequences/illumina/physalia_novaseq5_2023/Sample_110694_105_088/110694_105_088_S11_L004_R2_001.fastq.gz	true
Church2025__YPM-IZ-110716	Church2025:YPM-IZ-110716	YPM:IZ:110716	Church2025	P_physalis	P_physalis	186794478	/gpfs/ycga/work/dunn/sequences/illumina/physalia_novaseq4_2023/Sample_110716_148_045/110716_148_045_S16_L004_R1_001.fastq.gz	/gpfs/ycga/work/dunn/sequences/illumina/physalia_novaseq4_2023/Sample_110716_148_045/110716_148_045_S16_L004_R2_001.fastq.gz	true
Church2025__YPM-IZ-110726	Church2025:YPM-IZ-110726	YPM:IZ:110726	Church2025	P_physalis	P_physalis	142654142	/gpfs/ycga/work/dunn/sequences/illumina/physalia_novaseq4_2023/Sample_110726_136_057/110726_136_057_S17_L004_R1_001.fastq.gz	/gpfs/ycga/work/dunn/sequences/illumina/physalia_novaseq4_2023/Sample_110726_136_057/110726_136_057_S17_L004_R2_001.fastq.gz	true
Church2025__YPM-IZ-110738	Church2025:YPM-IZ-110738	YPM:IZ:110738	Church2025	P_physalis	P_physalis	455993309	/gpfs/ycga/work/dunn/sequences/illumina/physalia_novaseq4_2023/Sample_110738_124_069/110738_124_069_S18_L004_R1_001.fastq.gz;/gpfs/ycga/work/dunn/sequences/illumina/physalia_novaseq5_2023/Sample_110738_124_069/110738_124_069_S9_L006_R1_001.fastq.gz	/gpfs/ycga/work/dunn/sequences/illumina/physalia_novaseq4_2023/Sample_110738_124_069/110738_124_069_S18_L004_R2_001.fastq.gz;/gpfs/ycga/work/dunn/sequences/illumina/physalia_novaseq5_2023/Sample_110738_124_069/110738_124_069_S9_L006_R2_001.fastq.gz	true
Church2025__YPM-IZ-110777	Church2025:YPM-IZ-110777	YPM:IZ:110777	Church2025	P_physalis	P_physalis	183416077	/gpfs/ycga/work/dunn/sequences/illumina/physalia_novaseq4_2023/Sample_110777_112_081/110777_112_081_S19_L004_R1_001.fastq.gz	/gpfs/ycga/work/dunn/sequences/illumina/physalia_novaseq4_2023/Sample_110777_112_081/110777_112_081_S19_L004_R2_001.fastq.gz	true
Church2025__YPM-IZ-110780	Church2025:YPM-IZ-110780	YPM:IZ:110780	Church2025	P_physalis	P_physalis	161420127	/gpfs/ycga/work/dunn/sequences/illumina/physalia_novaseq4_2023/Sample_110780_100_093/110780_100_093_S20_L005_R1_001.fastq.gz	/gpfs/ycga/work/dunn/sequences/illumina/physalia_novaseq4_2023/Sample_110780_100_093/110780_100_093_S20_L005_R2_001.fastq.gz	true
Church2025__YPM-IZ-110785	Church2025:YPM-IZ-110785	YPM:IZ:110785	Church2025	P_physalis	P_physalis	126612568	/gpfs/ycga/work/dunn/sequences/illumina/physalia_novaseq4_2023/Sample_110785_183_010/110785_183_010_S9_L002_R1_001.fastq.gz	/gpfs/ycga/work/dunn/sequences/illumina/physalia_novaseq4_2023/Sample_110785_183_010/110785_183_010_S9_L002_R2_001.fastq.gz	true
Church2025__YPM-IZ-110786	Church2025:YPM-IZ-110786	YPM:IZ:110786	Church2025	P_physalis	P_physalis	185027179	/gpfs/ycga/work/dunn/sequences/illumina/physalia_novaseq4_2023/Sample_110786_171_022/110786_171_022_S10_L002_R1_001.fastq.gz	/gpfs/ycga/work/dunn/sequences/illumina/physalia_novaseq4_2023/Sample_110786_171_022/110786_171_022_S10_L002_R2_001.fastq.gz	true
Church2025__YPM-IZ-110828	Church2025:YPM-IZ-110828	YPM:IZ:110828	Church2025	P_physalis	P_physalis	484852803	/gpfs/ycga/work/dunn/sequences/illumina/physalia_novaseq4_2023/Sample_110828_159_034/110828_159_034_S11_L002_R1_001.fastq.gz;/gpfs/ycga/work/dunn/sequences/illumina/physalia_novaseq5_2023/Sample_110828_159_034/110828_159_034_S10_L006_R1_001.fastq.gz	/gpfs/ycga/work/dunn/sequences/illumina/physalia_novaseq4_2023/Sample_110828_159_034/110828_159_034_S11_L002_R2_001.fastq.gz;/gpfs/ycga/work/dunn/sequences/illumina/physalia_novaseq5_2023/Sample_110828_159_034/110828_159_034_S10_L006_R2_001.fastq.gz	true
Church2025__YPM-IZ-110829	Church2025:YPM-IZ-110829	YPM:IZ:110829	Church2025	P_physalis	P_physalis	167270365	/gpfs/ycga/work/dunn/sequences/illumina/physalia_novaseq5_2023/Sample_110829_177_016/110829_177_016_S5_L003_R1_001.fastq.gz	/gpfs/ycga/work/dunn/sequences/illumina/physalia_novaseq5_2023/Sample_110829_177_016/110829_177_016_S5_L003_R2_001.fastq.gz	true
Church2025__YPM-IZ-110830	Church2025:YPM-IZ-110830	YPM:IZ:110830	Church2025	P_physalis	P_physalis	169544103	/gpfs/ycga/work/dunn/sequences/illumina/physalia_novaseq5_2023/Sample_110830_165_028/110830_165_028_S6_L003_R1_001.fastq.gz	/gpfs/ycga/work/dunn/sequences/illumina/physalia_novaseq5_2023/Sample_110830_165_028/110830_165_028_S6_L003_R2_001.fastq.gz	true
Church2025__YPM-IZ-110842	Church2025:YPM-IZ-110842	YPM:IZ:110842	Church2025	P_physalis	P_physalis	322215642	/gpfs/ycga/work/dunn/sequences/illumina/physalia_novaseq4_2023/Sample_110842_147_046/110842_147_046_S12_L002_R1_001.fastq.gz;/gpfs/ycga/work/dunn/sequences/illumina/physalia_novaseq5_2023/Sample_110842_147_046/110842_147_046_S11_L006_R1_001.fastq.gz	/gpfs/ycga/work/dunn/sequences/illumina/physalia_novaseq4_2023/Sample_110842_147_046/110842_147_046_S12_L002_R2_001.fastq.gz;/gpfs/ycga/work/dunn/sequences/illumina/physalia_novaseq5_2023/Sample_110842_147_046/110842_147_046_S11_L006_R2_001.fastq.gz	true
Church2025__YPM-IZ-110843	Church2025:YPM-IZ-110843	YPM:IZ:110843	Church2025	P_physalis	P_physalis	194289265	/gpfs/ycga/work/dunn/sequences/illumina/physalia_novaseq4_2023/Sample_110843_135_058/110843_135_058_S13_L002_R1_001.fastq.gz	/gpfs/ycga/work/dunn/sequences/illumina/physalia_novaseq4_2023/Sample_110843_135_058/110843_135_058_S13_L002_R2_001.fastq.gz	true
Church2025__YPM-IZ-110844	Church2025:YPM-IZ-110844	YPM:IZ:110844	Church2025	P_physalis	P_physalis	166481102	/gpfs/ycga/work/dunn/sequences/illumina/physalia_novaseq4_2023/Sample_110844_123_070/110844_123_070_S14_L002_R1_001.fastq.gz	/gpfs/ycga/work/dunn/sequences/illumina/physalia_novaseq4_2023/Sample_110844_123_070/110844_123_070_S14_L002_R2_001.fastq.gz	true
Church2025__YPM-IZ-110845	Church2025:YPM-IZ-110845	YPM:IZ:110845	Church2025	P_physalis	P_physalis	139336399	/gpfs/ycga/work/dunn/sequences/illumina/physalia_novaseq4_2023/Sample_110845_111_082/110845_111_082_S15_L002_R1_001.fastq.gz	/gpfs/ycga/work/dunn/sequences/illumina/physalia_novaseq4_2023/Sample_110845_111_082/110845_111_082_S15_L002_R2_001.fastq.gz	true
Church2025__YPM-IZ-110846	Church2025:YPM-IZ-110846	YPM:IZ:110846	Church2025	P_physalis	P_physalis	220731617	/gpfs/ycga/work/dunn/sequences/illumina/physalia_novaseq4_2023/Sample_110846_099_094/110846_099_094_S21_L002_R1_001.fastq.gz	/gpfs/ycga/work/dunn/sequences/illumina/physalia_novaseq4_2023/Sample_110846_099_094/110846_099_094_S21_L002_R2_001.fastq.gz	true
Church2025__YPM-IZ-110847	Church2025:YPM-IZ-110847	YPM:IZ:110847	Church2025	P_physalis	P_physalis	164307174	/gpfs/ycga/work/dunn/sequences/illumina/physalia_novaseq4_2023/Sample_110847_182_011/110847_182_011_S22_L002_R1_001.fastq.gz	/gpfs/ycga/work/dunn/sequences/illumina/physalia_novaseq4_2023/Sample_110847_182_011/110847_182_011_S22_L002_R2_001.fastq.gz	true
Church2025__YPM-IZ-110876	Church2025:YPM-IZ-110876	YPM:IZ:110876	Church2025	P_physalis	P_physalis	63395814	/gpfs/ycga/work/dunn/sequences/illumina/physalia_novaseq2_2023/Sample_16TX_278_299/16TX_278_299_S4_L001_R1_001.fastq.gz	/gpfs/ycga/work/dunn/sequences/illumina/physalia_novaseq2_2023/Sample_16TX_278_299/16TX_278_299_S4_L001_R2_001.fastq.gz	true
Church2025__YPM-IZ-110877	Church2025:YPM-IZ-110877	YPM:IZ:110877	Church2025	P_physalis	P_physalis	399257582	/gpfs/ycga/work/dunn/sequences/illumina/physalia_novaseq2_2023/Sample_GoCJUN6_195_382/GoCJUN6_195_382_S104_L004_R1_001.fastq.gz;/gpfs/ycga/work/dunn/sequences/illumina/physalia_novaseq2_2023/Sample_GoCJUN6_195_382/GoCJUN6_195_382_S17_L001_R1_001.fastq.gz	/gpfs/ycga/work/dunn/sequences/illumina/physalia_novaseq2_2023/Sample_GoCJUN6_195_382/GoCJUN6_195_382_S104_L004_R2_001.fastq.gz;/gpfs/ycga/work/dunn/sequences/illumina/physalia_novaseq2_2023/Sample_GoCJUN6_195_382/GoCJUN6_195_382_S17_L001_R2_001.fastq.gz	true
Church2025__YPM-IZ-110878	Church2025:YPM-IZ-110878	YPM:IZ:110878	Church2025	P_physalis	P_physalis	158402847	/gpfs/ycga/work/dunn/sequences/illumina/physalia_novaseq5_2023/Sample_GoCBW1_141_052/GoCBW1_141_052_S8_L004_R1_001.fastq.gz	/gpfs/ycga/work/dunn/sequences/illumina/physalia_novaseq5_2023/Sample_GoCBW1_141_052/GoCBW1_141_052_S8_L004_R2_001.fastq.gz	true
Church2025__YPM-IZ-110880	Church2025:YPM-IZ-110880	YPM:IZ:110880	Church2025	P_physalis	P_physalis	174801674	/gpfs/ycga/work/dunn/sequences/illumina/physalia_novaseq5_2023/Sample_CWD-BI1-1_117_076/CWD-BI1-1_117_076_S10_L004_R1_001.fastq.gz	/gpfs/ycga/work/dunn/sequences/illumina/physalia_novaseq5_2023/Sample_CWD-BI1-1_117_076/CWD-BI1-1_117_076_S10_L004_R2_001.fastq.gz	true
Church2025__YPM-IZ-110881	Church2025:YPM-IZ-110881	YPM:IZ:110881	Church2025	P_physalis	P_physalis	112810930	/gpfs/ycga/work/dunn/sequences/illumina/physalia_novaseq4_2023/Sample_HI23BW1-16_185_008/HI23BW1-16_185_008_S4_L005_R1_001.fastq.gz	/gpfs/ycga/work/dunn/sequences/illumina/physalia_novaseq4_2023/Sample_HI23BW1-16_185_008/HI23BW1-16_185_008_S4_L005_R2_001.fastq.gz	true
Church2025__YPM-IZ-110882	Church2025:YPM-IZ-110882	YPM:IZ:110882	Church2025	P_physalis	P_physalis	120298479	/gpfs/ycga/work/dunn/sequences/illumina/physalia_novaseq3_2023/Sample_HI23BW5-1_188_005/HI23BW5-1_188_005_S11_L001_R1_001.fastq.gz	/gpfs/ycga/work/dunn/sequences/illumina/physalia_novaseq3_2023/Sample_HI23BW5-1_188_005/HI23BW5-1_188_005_S11_L001_R2_001.fastq.gz	true
Church2025__YPM-IZ-110883	Church2025:YPM-IZ-110883	YPM:IZ:110883	Church2025	P_physalis	P_physalis	113913469	/gpfs/ycga/work/dunn/sequences/illumina/physalia_novaseq4_2023/Sample_HI23BW5-2_173_020/HI23BW5-2_173_020_S5_L005_R1_001.fastq.gz	/gpfs/ycga/work/dunn/sequences/illumina/physalia_novaseq4_2023/Sample_HI23BW5-2_173_020/HI23BW5-2_173_020_S5_L005_R2_001.fastq.gz	true
Church2025__YPM-IZ-110906	Church2025:YPM-IZ-110906	YPM:IZ:110906	Church2025	P_physalis	P_physalis	137246800	/gpfs/ycga/work/dunn/sequences/illumina/physalia_novaseq5_2023/RELABEL_Sample_110906/110906_L001_R1_001.fastq.gz;/gpfs/ycga/work/dunn/sequences/illumina/physalia_novaseq5_2023/RELABEL_Sample_110906/110906_L003_R1_001.fastq.gz;/gpfs/ycga/work/dunn/sequences/illumina/physalia_novaseq5_2023/RELABEL_Sample_110906/110906_L004_R1_001.fastq.gz	/gpfs/ycga/work/dunn/sequences/illumina/physalia_novaseq5_2023/RELABEL_Sample_110906/110906_L001_R2_001.fastq.gz;/gpfs/ycga/work/dunn/sequences/illumina/physalia_novaseq5_2023/RELABEL_Sample_110906/110906_L003_R2_001.fastq.gz;/gpfs/ycga/work/dunn/sequences/illumina/physalia_novaseq5_2023/RELABEL_Sample_110906/110906_L004_R2_001.fastq.gz	true
Church2025__YPM-IZ-110907	Church2025:YPM-IZ-110907	YPM:IZ:110907	Church2025	P_physalis	P_physalis	146443421	/gpfs/ycga/work/dunn/sequences/illumina/physalia_novaseq5_2023/RELABEL_Sample_110907/110907_L001_R1_001.fastq.gz;/gpfs/ycga/work/dunn/sequences/illumina/physalia_novaseq5_2023/RELABEL_Sample_110907/110907_L003_R1_001.fastq.gz;/gpfs/ycga/work/dunn/sequences/illumina/physalia_novaseq5_2023/RELABEL_Sample_110907/110907_L004_R1_001.fastq.gz	/gpfs/ycga/work/dunn/sequences/illumina/physalia_novaseq5_2023/RELABEL_Sample_110907/110907_L001_R2_001.fastq.gz;/gpfs/ycga/work/dunn/sequences/illumina/physalia_novaseq5_2023/RELABEL_Sample_110907/110907_L003_R2_001.fastq.gz;/gpfs/ycga/work/dunn/sequences/illumina/physalia_novaseq5_2023/RELABEL_Sample_110907/110907_L004_R2_001.fastq.gz	true
Church2025__YPM-IZ-110925	Church2025:YPM-IZ-110925	YPM:IZ:110925	Church2025	P_physalis	P_physalis	52835261	/gpfs/ycga/work/dunn/sequences/illumina/physalia_novaseq7_2023/Sample_110925_179_014/110925_179_014_S52_L004_R1_001.fastq.gz	/gpfs/ycga/work/dunn/sequences/illumina/physalia_novaseq7_2023/Sample_110925_179_014/110925_179_014_S52_L004_R2_001.fastq.gz	true
Church2025__YPM-IZ-110926	Church2025:YPM-IZ-110926	YPM:IZ:110926	Church2025	P_physalis	P_physalis	31522905	/gpfs/ycga/work/dunn/sequences/illumina/physalia_novaseq7_2023/Sample_110926_119_074/110926_119_074_S53_L004_R1_001.fastq.gz	/gpfs/ycga/work/dunn/sequences/illumina/physalia_novaseq7_2023/Sample_110926_119_074/110926_119_074_S53_L004_R2_001.fastq.gz	true
Church2025__YPM-IZ-110930	Church2025:YPM-IZ-110930	YPM:IZ:110930	Church2025	P_physalis	P_physalis	38411205	/gpfs/ycga/work/dunn/sequences/illumina/physalia_novaseq7_2023/Sample_110930_107_086/110930_107_086_S54_L004_R1_001.fastq.gz	/gpfs/ycga/work/dunn/sequences/illumina/physalia_novaseq7_2023/Sample_110930_107_086/110930_107_086_S54_L004_R2_001.fastq.gz	true
Church2025__YPM-IZ-110931	Church2025:YPM-IZ-110931	YPM:IZ:110931	Church2025	P_physalis	P_physalis	158283324	/gpfs/ycga/work/dunn/sequences/illumina/physalia_novaseq6_2023/Sample_110931_098_095/110931_098_095_S9_L003_R1_001.fastq.gz	/gpfs/ycga/work/dunn/sequences/illumina/physalia_novaseq6_2023/Sample_110931_098_095/110931_098_095_S9_L003_R2_001.fastq.gz	true
Church2025__YPM-IZ-110933	Church2025:YPM-IZ-110933	YPM:IZ:110933	Church2025	P_physalis	P_physalis	68910597	/gpfs/ycga/work/dunn/sequences/illumina/physalia_novaseq7_2023/Sample_110933_167_026/110933_167_026_S55_L004_R1_001.fastq.gz	/gpfs/ycga/work/dunn/sequences/illumina/physalia_novaseq7_2023/Sample_110933_167_026/110933_167_026_S55_L004_R2_001.fastq.gz	true
Church2025__YPM-IZ-110937	Church2025:YPM-IZ-110937	YPM:IZ:110937	Church2025	P_physalis	P_physalis	177771144	/gpfs/ycga/work/dunn/sequences/illumina/physalia_novaseq6_2023/Sample_110937_181_012/110937_181_012_S10_L003_R1_001.fastq.gz	/gpfs/ycga/work/dunn/sequences/illumina/physalia_novaseq6_2023/Sample_110937_181_012/110937_181_012_S10_L003_R2_001.fastq.gz	true
Church2025__YPM-IZ-110938	Church2025:YPM-IZ-110938	YPM:IZ:110938	Church2025	P_physalis	P_physalis	71929403	/gpfs/ycga/work/dunn/sequences/illumina/physalia_novaseq7_2023/Sample_110938_155_038/110938_155_038_S56_L004_R1_001.fastq.gz	/gpfs/ycga/work/dunn/sequences/illumina/physalia_novaseq7_2023/Sample_110938_155_038/110938_155_038_S56_L004_R2_001.fastq.gz	true
Church2025__YPM-IZ-110943	Church2025:YPM-IZ-110943	YPM:IZ:110943	Church2025	P_physalis	P_physalis	74462768	/gpfs/ycga/work/dunn/sequences/illumina/physalia_novaseq7_2023/Sample_110943_143_050/110943_143_050_S57_L004_R1_001.fastq.gz	/gpfs/ycga/work/dunn/sequences/illumina/physalia_novaseq7_2023/Sample_110943_143_050/110943_143_050_S57_L004_R2_001.fastq.gz	true
Church2025__YPM-IZ-110972	Church2025:YPM-IZ-110972	YPM:IZ:110972	Church2025	P_physalis	P_physalis	153474343	/gpfs/ycga/work/dunn/sequences/illumina/physalia_novaseq6_2023/Sample_110972_169_024/110972_169_024_S11_L003_R1_001.fastq.gz	/gpfs/ycga/work/dunn/sequences/illumina/physalia_novaseq6_2023/Sample_110972_169_024/110972_169_024_S11_L003_R2_001.fastq.gz	true
Church2025__YPM-IZ-111006	Church2025:YPM-IZ-111006	YPM:IZ:111006	Church2025	P_physalis	P_physalis	165695988	/gpfs/ycga/work/dunn/sequences/illumina/physalia_novaseq6_2023/Sample_111006_145_048/111006_145_048_S13_L003_R1_001.fastq.gz	/gpfs/ycga/work/dunn/sequences/illumina/physalia_novaseq6_2023/Sample_111006_145_048/111006_145_048_S13_L003_R2_001.fastq.gz	true
Church2025__YPM-IZ-111007	Church2025:YPM-IZ-111007	YPM:IZ:111007	Church2025	P_physalis	P_physalis	153711703	/gpfs/ycga/work/dunn/sequences/illumina/physalia_novaseq6_2023/Sample_111007_133_060/111007_133_060_S14_L003_R1_001.fastq.gz	/gpfs/ycga/work/dunn/sequences/illumina/physalia_novaseq6_2023/Sample_111007_133_060/111007_133_060_S14_L003_R2_001.fastq.gz	true
Church2025__YPM-IZ-111008	Church2025:YPM-IZ-111008	YPM:IZ:111008	Church2025	P_physalis	P_physalis	180436649	/gpfs/ycga/work/dunn/sequences/illumina/physalia_novaseq6_2023/Sample_111008_121_072/111008_121_072_S15_L003_R1_001.fastq.gz	/gpfs/ycga/work/dunn/sequences/illumina/physalia_novaseq6_2023/Sample_111008_121_072/111008_121_072_S15_L003_R2_001.fastq.gz	true
Church2025__YPM-IZ-111009	Church2025:YPM-IZ-111009	YPM:IZ:111009	Church2025	P_physalis	P_physalis	183559214	/gpfs/ycga/work/dunn/sequences/illumina/physalia_novaseq6_2023/Sample_111009_109_084/111009_109_084_S16_L003_R1_001.fastq.gz	/gpfs/ycga/work/dunn/sequences/illumina/physalia_novaseq6_2023/Sample_111009_109_084/111009_109_084_S16_L003_R2_001.fastq.gz	true
Church2025__YPM-IZ-111010	Church2025:YPM-IZ-111010	YPM:IZ:111010	Church2025	P_physalis	P_physalis	107734869	/gpfs/ycga/work/dunn/sequences/illumina/physalia_novaseq6_2023/Sample_111010_097_096/111010_097_096_S17_L003_R1_001.fastq.gz	/gpfs/ycga/work/dunn/sequences/illumina/physalia_novaseq6_2023/Sample_111010_097_096/111010_097_096_S17_L003_R2_001.fastq.gz	true
Church2025__YPM-IZ-111012	Church2025:YPM-IZ-111012	YPM:IZ:111012	Church2025	P_physalis	P_physalis	115445013	/gpfs/ycga/work/dunn/sequences/illumina/physalia_novaseq7_2023/Sample_111012_192_001/111012_192_001_S44_L004_R1_001.fastq.gz	/gpfs/ycga/work/dunn/sequences/illumina/physalia_novaseq7_2023/Sample_111012_192_001/111012_192_001_S44_L004_R2_001.fastq.gz	true
Church2025__YPM-IZ-111013	Church2025:YPM-IZ-111013	YPM:IZ:111013	Church2025	P_physalis	P_physalis	61727922	/gpfs/ycga/work/dunn/sequences/illumina/physalia_novaseq7_2023/Sample_111013_180_013/111013_180_013_S45_L004_R1_001.fastq.gz	/gpfs/ycga/work/dunn/sequences/illumina/physalia_novaseq7_2023/Sample_111013_180_013/111013_180_013_S45_L004_R2_001.fastq.gz	true
Church2025__YPM-IZ-111014	Church2025:YPM-IZ-111014	YPM:IZ:111014	Church2025	P_physalis	P_physalis	61508995	/gpfs/ycga/work/dunn/sequences/illumina/physalia_novaseq7_2023/Sample_111014_168_025/111014_168_025_S46_L004_R1_001.fastq.gz	/gpfs/ycga/work/dunn/sequences/illumina/physalia_novaseq7_2023/Sample_111014_168_025/111014_168_025_S46_L004_R2_001.fastq.gz	true
Church2025__YPM-IZ-111016	Church2025:YPM-IZ-111016	YPM:IZ:111016	Church2025	P_physalis	P_physalis	81323568	/gpfs/ycga/work/dunn/sequences/illumina/physalia_novaseq7_2023/Sample_111016_144_049/111016_144_049_S48_L004_R1_001.fastq.gz	/gpfs/ycga/work/dunn/sequences/illumina/physalia_novaseq7_2023/Sample_111016_144_049/111016_144_049_S48_L004_R2_001.fastq.gz	true
Church2025__YPM-IZ-111017	Church2025:YPM-IZ-111017	YPM:IZ:111017	Church2025	P_physalis	P_physalis	89196610	/gpfs/ycga/work/dunn/sequences/illumina/physalia_novaseq7_2023/Sample_111017_132_061/111017_132_061_S49_L004_R1_001.fastq.gz	/gpfs/ycga/work/dunn/sequences/illumina/physalia_novaseq7_2023/Sample_111017_132_061/111017_132_061_S49_L004_R2_001.fastq.gz	true
Church2025__YPM-IZ-111018	Church2025:YPM-IZ-111018	YPM:IZ:111018	Church2025	P_physalis	P_physalis	76058516	/gpfs/ycga/work/dunn/sequences/illumina/physalia_novaseq7_2023/Sample_111018_120_073/111018_120_073_S50_L004_R1_001.fastq.gz	/gpfs/ycga/work/dunn/sequences/illumina/physalia_novaseq7_2023/Sample_111018_120_073/111018_120_073_S50_L004_R2_001.fastq.gz	true
Church2025__YPM-IZ-111156	Church2025:YPM-IZ-111156	YPM:IZ:111156	Church2025	P_physalis	P_physalis	92301448	/gpfs/ycga/work/dunn/sequences/illumina/physalia_novaseq8_2023/Sample_111156_147_046/111156_147_046_S79_L003_R1_001.fastq.gz	/gpfs/ycga/work/dunn/sequences/illumina/physalia_novaseq8_2023/Sample_111156_147_046/111156_147_046_S79_L003_R2_001.fastq.gz	true
Church2025__YPM-IZ-111157	Church2025:YPM-IZ-111157	YPM:IZ:111157	Church2025	P_physalis	P_physalis	153376841	/gpfs/ycga/work/dunn/sequences/illumina/physalia_novaseq8_2023/Sample_111157_135_058/111157_135_058_S80_L003_R1_001.fastq.gz	/gpfs/ycga/work/dunn/sequences/illumina/physalia_novaseq8_2023/Sample_111157_135_058/111157_135_058_S80_L003_R2_001.fastq.gz	true
Church2025__YPM-IZ-111158	Church2025:YPM-IZ-111158	YPM:IZ:111158	Church2025	P_physalis	P_physalis	126229657	/gpfs/ycga/work/dunn/sequences/illumina/physalia_novaseq8_2023/Sample_111158_123_070/111158_123_070_S81_L003_R1_001.fastq.gz	/gpfs/ycga/work/dunn/sequences/illumina/physalia_novaseq8_2023/Sample_111158_123_070/111158_123_070_S81_L003_R2_001.fastq.gz	true
Church2025__YPM-IZ-111159	Church2025:YPM-IZ-111159	YPM:IZ:111159	Church2025	P_physalis	P_physalis	131529677	/gpfs/ycga/work/dunn/sequences/illumina/physalia_novaseq8_2023/Sample_111159_111_082/111159_111_082_S82_L003_R1_001.fastq.gz	/gpfs/ycga/work/dunn/sequences/illumina/physalia_novaseq8_2023/Sample_111159_111_082/111159_111_082_S82_L003_R2_001.fastq.gz	true
Church2025__YPM-IZ-111160	Church2025:YPM-IZ-111160	YPM:IZ:111160	Church2025	P_physalis	P_physalis	120162876	/gpfs/ycga/work/dunn/sequences/illumina/physalia_novaseq8_2023/Sample_111160_099_094/111160_099_094_S83_L003_R1_001.fastq.gz	/gpfs/ycga/work/dunn/sequences/illumina/physalia_novaseq8_2023/Sample_111160_099_094/111160_099_094_S83_L003_R2_001.fastq.gz	true
Church2025__YPM-IZ-111163	Church2025:YPM-IZ-111163	YPM:IZ:111163	Church2025	P_physalis	P_physalis	155920906	/gpfs/ycga/work/dunn/sequences/illumina/physalia_novaseq8_2023/Sample_111163_159_034/111163_159_034_S78_L003_R1_001.fastq.gz	/gpfs/ycga/work/dunn/sequences/illumina/physalia_novaseq8_2023/Sample_111163_159_034/111163_159_034_S78_L003_R2_001.fastq.gz	true
Church2025__YPM-IZ-111207	Church2025:YPM-IZ-111207	YPM:IZ:111207	Church2025	P_physalis	P_physalis	85403082	/gpfs/ycga/work/dunn/sequences/illumina/physalia_novaseq8_2023/Sample_CWD_NZ31_158_035/CWD_NZ31_158_035_S64_L002_R1_001.fastq.gz;/gpfs/ycga/work/dunn/sequences/illumina/physalia_novaseq8_2023/Sample_CWD_NZ31_158_035_idefko/CWD_NZ31_158_035_S119_L005_R1_001.fastq.gz	/gpfs/ycga/work/dunn/sequences/illumina/physalia_novaseq8_2023/Sample_CWD_NZ31_158_035/CWD_NZ31_158_035_S64_L002_R2_001.fastq.gz;/gpfs/ycga/work/dunn/sequences/illumina/physalia_novaseq8_2023/Sample_CWD_NZ31_158_035_idefko/CWD_NZ31_158_035_S119_L005_R2_001.fastq.gz	true
Church2025__YPM-IZ-111208	Church2025:YPM-IZ-111208	YPM:IZ:111208	Church2025	P_physalis	P_physalis	99474641	/gpfs/ycga/work/dunn/sequences/illumina/physalia_novaseq8_2023/Sample_CWD_NZ32_146_047/CWD_NZ32_146_047_S65_L002_R1_001.fastq.gz;/gpfs/ycga/work/dunn/sequences/illumina/physalia_novaseq8_2023/Sample_CWD_NZ32_146_047_ndxgok/CWD_NZ32_146_047_S120_L005_R1_001.fastq.gz	/gpfs/ycga/work/dunn/sequences/illumina/physalia_novaseq8_2023/Sample_CWD_NZ32_146_047/CWD_NZ32_146_047_S65_L002_R2_001.fastq.gz;/gpfs/ycga/work/dunn/sequences/illumina/physalia_novaseq8_2023/Sample_CWD_NZ32_146_047_ndxgok/CWD_NZ32_146_047_S120_L005_R2_001.fastq.gz	true
Church2025__YPM-IZ-111209	Church2025:YPM-IZ-111209	YPM:IZ:111209	Church2025	P_physalis	P_physalis	112181688	/gpfs/ycga/work/dunn/sequences/illumina/physalia_novaseq8_2023/Sample_CWD_NZ33_182_011/CWD_NZ33_182_011_S84_L003_R1_001.fastq.gz	/gpfs/ycga/work/dunn/sequences/illumina/physalia_novaseq8_2023/Sample_CWD_NZ33_182_011/CWD_NZ33_182_011_S84_L003_R2_001.fastq.gz	true
Church2025__YPM-IZ-111210	Church2025:YPM-IZ-111210	YPM:IZ:111210	Church2025	P_physalis	P_physalis	93906211	/gpfs/ycga/work/dunn/sequences/illumina/physalia_novaseq8_2023/Sample_CWD_NZ34_134_059/CWD_NZ34_134_059_S66_L002_R1_001.fastq.gz;/gpfs/ycga/work/dunn/sequences/illumina/physalia_novaseq8_2023/Sample_CWD_NZ34_134_059_xtagte/CWD_NZ34_134_059_S121_L005_R1_001.fastq.gz	/gpfs/ycga/work/dunn/sequences/illumina/physalia_novaseq8_2023/Sample_CWD_NZ34_134_059/CWD_NZ34_134_059_S66_L002_R2_001.fastq.gz;/gpfs/ycga/work/dunn/sequences/illumina/physalia_novaseq8_2023/Sample_CWD_NZ34_134_059_xtagte/CWD_NZ34_134_059_S121_L005_R2_001.fastq.gz	true
Church2025__YPM-IZ-111241	Church2025:YPM-IZ-111241	YPM:IZ:111241	Church2025	P_physalis	P_physalis	122340997	/gpfs/ycga/work/dunn/sequences/illumina/S2_additional_samples_skimming_2024/Sample_111241_129_064/111241_129_064_S12_L002_R1_001.fastq.gz;/gpfs/ycga/work/dunn/sequences/illumina/S2_additional_samples_skimming_2024/Sample_111241_129_064_mzvihe/111241_129_064_S20_L006_R1_001.fastq.gz	/gpfs/ycga/work/dunn/sequences/illumina/S2_additional_samples_skimming_2024/Sample_111241_129_064/111241_129_064_S12_L002_R2_001.fastq.gz;/gpfs/ycga/work/dunn/sequences/illumina/S2_additional_samples_skimming_2024/Sample_111241_129_064_mzvihe/111241_129_064_S20_L006_R2_001.fastq.gz	true
Church2025__YPM-IZ-111243	Church2025:YPM-IZ-111243	YPM:IZ:111243	Church2025	P_physalis	P_physalis	106774316	/gpfs/ycga/work/dunn/sequences/illumina/S2_additional_samples_skimming_2024/Sample_111243_153_040/111243_153_040_S10_L002_R1_001.fastq.gz;/gpfs/ycga/work/dunn/sequences/illumina/S2_additional_samples_skimming_2024/Sample_111243_153_040_pzscdl/111243_153_040_S19_L006_R1_001.fastq.gz	/gpfs/ycga/work/dunn/sequences/illumina/S2_additional_samples_skimming_2024/Sample_111243_153_040/111243_153_040_S10_L002_R2_001.fastq.gz;/gpfs/ycga/work/dunn/sequences/illumina/S2_additional_samples_skimming_2024/Sample_111243_153_040_pzscdl/111243_153_040_S19_L006_R2_001.fastq.gz	true
Church2025__YPM-IZ-111495	Church2025:YPM-IZ-111495	YPM:IZ:111495	Church2025	P_physalis	P_physalis	102265133	/gpfs/ycga/work/dunn/sequences/illumina/S2_additional_samples_skimming_2024/Sample_111495_165_028/111495_165_028_S9_L002_R1_001.fastq.gz;/gpfs/ycga/work/dunn/sequences/illumina/S2_additional_samples_skimming_2024/Sample_111495_165_028_zfzhfg/111495_165_028_S18_L006_R1_001.fastq.gz	/gpfs/ycga/work/dunn/sequences/illumina/S2_additional_samples_skimming_2024/Sample_111495_165_028/111495_165_028_S9_L002_R2_001.fastq.gz;/gpfs/ycga/work/dunn/sequences/illumina/S2_additional_samples_skimming_2024/Sample_111495_165_028_zfzhfg/111495_165_028_S18_L006_R2_001.fastq.gz	true
Church2025__YPM-IZ-111513	Church2025:YPM-IZ-111513	YPM:IZ:111513	Church2025	P_physalis	P_physalis	112719213	/gpfs/ycga/work/dunn/sequences/illumina/S2_additional_samples_skimming_2024/Sample_111513_177_016/111513_177_016_S8_L002_R1_001.fastq.gz;/gpfs/ycga/work/dunn/sequences/illumina/S2_additional_samples_skimming_2024/Sample_111513_177_016_davwdh/111513_177_016_S17_L006_R1_001.fastq.gz	/gpfs/ycga/work/dunn/sequences/illumina/S2_additional_samples_skimming_2024/Sample_111513_177_016/111513_177_016_S8_L002_R2_001.fastq.gz;/gpfs/ycga/work/dunn/sequences/illumina/S2_additional_samples_skimming_2024/Sample_111513_177_016_davwdh/111513_177_016_S17_L006_R2_001.fastq.gz	true
Church2025__YPM-IZ-111514	Church2025:YPM-IZ-111514	YPM:IZ:111514	Church2025	P_physalis	P_physalis	107316277	/gpfs/ycga/work/dunn/sequences/illumina/physalia_novaseq9_2023/Sample_111514_147_046/111514_147_046_S32_L002_R1_001.fastq.gz;/gpfs/ycga/work/dunn/sequences/illumina/physalia_novaseq9_2023/Sample_111514_147_046_btgeyv/111514_147_046_S92_L007_R1_001.fastq.gz	/gpfs/ycga/work/dunn/sequences/illumina/physalia_novaseq9_2023/Sample_111514_147_046/111514_147_046_S32_L002_R2_001.fastq.gz;/gpfs/ycga/work/dunn/sequences/illumina/physalia_novaseq9_2023/Sample_111514_147_046_btgeyv/111514_147_046_S92_L007_R2_001.fastq.gz	true
Church2025__YPM-IZ-111517	Church2025:YPM-IZ-111517	YPM:IZ:111517	Church2025	P_physalis	P_physalis	135884327	/gpfs/ycga/work/dunn/sequences/illumina/physalia_novaseq9_2023/Sample_YPM-IZ-111517_116_077/YPM-IZ-111517_116_077_S57_L008_R1_001.fastq.gz	/gpfs/ycga/work/dunn/sequences/illumina/physalia_novaseq9_2023/Sample_YPM-IZ-111517_116_077/YPM-IZ-111517_116_077_S57_L008_R2_001.fastq.gz	true
Church2025__YPM-IZ-111518	Church2025:YPM-IZ-111518	YPM:IZ:111518	Church2025	P_physalis	P_physalis	150076662	/gpfs/ycga/work/dunn/sequences/illumina/physalia_novaseq9_2023/Sample_YPM-IZ-111518_104_089/YPM-IZ-111518_104_089_S58_L008_R1_001.fastq.gz	/gpfs/ycga/work/dunn/sequences/illumina/physalia_novaseq9_2023/Sample_YPM-IZ-111518_104_089/YPM-IZ-111518_104_089_S58_L008_R2_001.fastq.gz	true
Church2025__YPM-IZ-111519	Church2025:YPM-IZ-111519	YPM:IZ:111519	Church2025	P_physalis	P_physalis	98239843	/gpfs/ycga/work/dunn/sequences/illumina/physalia_novaseq9_2023/Sample_111519_135_058/111519_135_058_S33_L002_R1_001.fastq.gz	/gpfs/ycga/work/dunn/sequences/illumina/physalia_novaseq9_2023/Sample_111519_135_058/111519_135_058_S33_L002_R2_001.fastq.gz	true
Church2025__YPM-IZ-111520	Church2025:YPM-IZ-111520	YPM:IZ:111520	Church2025	P_physalis	P_physalis	111281098	/gpfs/ycga/work/dunn/sequences/illumina/physalia_novaseq9_2023/Sample_YPM-IZ-111520_187_006/YPM-IZ-111520_187_006_S59_L008_R1_001.fastq.gz	/gpfs/ycga/work/dunn/sequences/illumina/physalia_novaseq9_2023/Sample_YPM-IZ-111520_187_006/YPM-IZ-111520_187_006_S59_L008_R2_001.fastq.gz	true
Church2025__YPM-IZ-111521	Church2025:YPM-IZ-111521	YPM:IZ:111521	Church2025	P_physalis	P_physalis	113985626	/gpfs/ycga/work/dunn/sequences/illumina/physalia_novaseq9_2023/Sample_YPM-IZ-111521_175_018/YPM-IZ-111521_175_018_S60_L008_R1_001.fastq.gz	/gpfs/ycga/work/dunn/sequences/illumina/physalia_novaseq9_2023/Sample_YPM-IZ-111521_175_018/YPM-IZ-111521_175_018_S60_L008_R2_001.fastq.gz	true
Church2025__YPM-IZ-111529	Church2025:YPM-IZ-111529	YPM:IZ:111529	Church2025	P_physalis	P_physalis	111190436	/gpfs/ycga/work/dunn/sequences/illumina/physalia_novaseq9_2023/Sample_YPM-IZ-111529_163_030/YPM-IZ-111529_163_030_S61_L008_R1_001.fastq.gz	/gpfs/ycga/work/dunn/sequences/illumina/physalia_novaseq9_2023/Sample_YPM-IZ-111529_163_030/YPM-IZ-111529_163_030_S61_L008_R2_001.fastq.gz	true
Church2025__YPM-IZ-111530	Church2025:YPM-IZ-111530	YPM:IZ:111530	Church2025	P_physalis	P_physalis	139233681	/gpfs/ycga/work/dunn/sequences/illumina/physalia_novaseq9_2023/Sample_YPM-IZ-111530_151_042/YPM-IZ-111530_151_042_S62_L008_R1_001.fastq.gz	/gpfs/ycga/work/dunn/sequences/illumina/physalia_novaseq9_2023/Sample_YPM-IZ-111530_151_042/YPM-IZ-111530_151_042_S62_L008_R2_001.fastq.gz	true
Church2025__YPM-IZ-111539	Church2025:YPM-IZ-111539	YPM:IZ:111539	Church2025	P_physalis	P_physalis	111635825	/gpfs/ycga/work/dunn/sequences/illumina/physalia_novaseq9_2023/Sample_YPM-IZ-111539_139_054/YPM-IZ-111539_139_054_S63_L008_R1_001.fastq.gz	/gpfs/ycga/work/dunn/sequences/illumina/physalia_novaseq9_2023/Sample_YPM-IZ-111539_139_054/YPM-IZ-111539_139_054_S63_L008_R2_001.fastq.gz	true
Church2025__YPM-IZ-111547	Church2025:YPM-IZ-111547	YPM:IZ:111547	Church2025	P_physalis	P_physalis	111987621	/gpfs/ycga/work/dunn/sequences/illumina/S2_additional_samples_skimming_2024/Sample_111547_141_052/111547_141_052_S11_L002_R1_001.fastq.gz	/gpfs/ycga/work/dunn/sequences/illumina/S2_additional_samples_skimming_2024/Sample_111547_141_052/111547_141_052_S11_L002_R2_001.fastq.gz	true
Church2025__YPM-IZ-111839	Church2025:YPM-IZ-111839	YPM:IZ:111839	Church2025	P_physalis	P_physalis	310823762	/gpfs/ycga/work/dunn/sequences/illumina/physalia_novaseq9_2023/Sample_S238-015_102_091/S238-015_102_091_S2_L008_R1_001.fastq.gz	/gpfs/ycga/work/dunn/sequences/illumina/physalia_novaseq9_2023/Sample_S238-015_102_091/S238-015_102_091_S2_L008_R2_001.fastq.gz	true
Church2025__YPM-IZ-111840	Church2025:YPM-IZ-111840	YPM:IZ:111840	Church2025	P_physalis	P_physalis	193780382	/gpfs/ycga/work/dunn/sequences/illumina/physalia_novaseq9_2023/Sample_S238-013_114_079/S238-013_114_079_S1_L008_R1_001.fastq.gz	/gpfs/ycga/work/dunn/sequences/illumina/physalia_novaseq9_2023/Sample_S238-013_114_079/S238-013_114_079_S1_L008_R2_001.fastq.gz	true
Ahuja2024__CWD1	Ahuja2024:CWD1	YPM:IZ:35024	Ahuja2024	none	none	104516304	/gpfs/ycga/work/dunn/sequences/illumina/Novaseq_siphgenomes/Sample_CWD1_122_071/CWD1_122_071_S112_L004_R1_001.fastq.gz;/gpfs/ycga/work/dunn/sequences/illumina/Novaseq_siphgenomes/Sample_CWD1_122_071/CWD1_122_071_S2_L001_R1_001.fastq.gz	/gpfs/ycga/work/dunn/sequences/illumina/Novaseq_siphgenomes/Sample_CWD1_122_071/CWD1_122_071_S112_L004_R2_001.fastq.gz;/gpfs/ycga/work/dunn/sequences/illumina/Novaseq_siphgenomes/Sample_CWD1_122_071/CWD1_122_071_S2_L001_R2_001.fastq.gz	true
Ahuja2024__CWD101	Ahuja2024:CWD101	YPM:IZ:35090	Ahuja2024	none	none	147433621	/gpfs/ycga/work/dunn/sequences/illumina/Novaseq_siphgenomes/Sample_CWD101_172_021/CWD101_172_021_S122_L004_R1_001.fastq.gz;/gpfs/ycga/work/dunn/sequences/illumina/Novaseq_siphgenomes/Sample_CWD101_172_021/CWD101_172_021_S12_L001_R1_001.fastq.gz	/gpfs/ycga/work/dunn/sequences/illumina/Novaseq_siphgenomes/Sample_CWD101_172_021/CWD101_172_021_S122_L004_R2_001.fastq.gz;/gpfs/ycga/work/dunn/sequences/illumina/Novaseq_siphgenomes/Sample_CWD101_172_021/CWD101_172_021_S12_L001_R2_001.fastq.gz	true
Ahuja2024__CWD104	Ahuja2024:CWD104	Tib596SS12	Ahuja2024	none	none	301237433	/gpfs/ycga/work/dunn/sequences/illumina/Novaseq_siphgenomes/Sample_CWD104_320_257/CWD104_320_257_S15_L004_R1_001.fastq.gz	/gpfs/ycga/work/dunn/sequences/illumina/Novaseq_siphgenomes/Sample_CWD104_320_257/CWD104_320_257_S15_L004_R2_001.fastq.gz	true
Ahuja2024__CWD11	Ahuja2024:CWD11	YPM:IZ:35076	Ahuja2024	none	none	172085483	/gpfs/ycga/work/dunn/sequences/illumina/Novaseq_siphgenomes/Sample_CWD11_146_047/CWD11_146_047_S117_L004_R1_001.fastq.gz;/gpfs/ycga/work/dunn/sequences/illumina/Novaseq_siphgenomes/Sample_CWD11_146_047/CWD11_146_047_S34_L002_R1_001.fastq.gz;/gpfs/ycga/work/dunn/sequences/illumina/Novaseq_siphgenomes/Sample_CWD11_146_047/CWD11_146_047_S7_L001_R1_001.fastq.gz	/gpfs/ycga/work/dunn/sequences/illumina/Novaseq_siphgenomes/Sample_CWD11_146_047/CWD11_146_047_S117_L004_R2_001.fastq.gz;/gpfs/ycga/work/dunn/sequences/illumina/Novaseq_siphgenomes/Sample_CWD11_146_047/CWD11_146_047_S34_L002_R2_001.fastq.gz;/gpfs/ycga/work/dunn/sequences/illumina/Novaseq_siphgenomes/Sample_CWD11_146_047/CWD11_146_047_S7_L001_R2_001.fastq.gz	true
Ahuja2024__CWD116	Ahuja2024:CWD116	MBARI071903BW	Ahuja2024	none	none	1036210467	/gpfs/ycga/work/dunn/sequences/illumina/Novaseq_siphgenomes/Sample_CWD116_134_059/CWD116_134_059_S11_L004_R1_001.fastq.gz;/gpfs/ycga/work/dunn/sequences/illumina/Novaseq_siphgenomes/Sample_CWD116_134_059/CWD116_134_059_S123_L004_R1_001.fastq.gz;/gpfs/ycga/work/dunn/sequences/illumina/Novaseq_siphgenomes/Sample_CWD116_134_059/CWD116_134_059_S13_L001_R1_001.fastq.gz;/gpfs/ycga/work/dunn/sequences/illumina/Novaseq_siphgenomes/Sample_CWD116_134_059/CWD116_134_059_S37_L002_R1_001.fastq.gz;/gpfs/ycga/work/dunn/sequences/illumina/Novaseq_siphgenomes/Sample_CWD116_134_059/CWD116_134_059_S41_L002_R1_001.fastq.gz	/gpfs/ycga/work/dunn/sequences/illumina/Novaseq_siphgenomes/Sample_CWD116_134_059/CWD116_134_059_S11_L004_R2_001.fastq.gz;/gpfs/ycga/work/dunn/sequences/illumina/Novaseq_siphgenomes/Sample_CWD116_134_059/CWD116_134_059_S123_L004_R2_001.fastq.gz;/gpfs/ycga/work/dunn/sequences/illumina/Novaseq_siphgenomes/Sample_CWD116_134_059/CWD116_134_059_S13_L001_R2_001.fastq.gz;/gpfs/ycga/work/dunn/sequences/illumina/Novaseq_siphgenomes/Sample_CWD116_134_059/CWD116_134_059_S37_L002_R2_001.fastq.gz;/gpfs/ycga/work/dunn/sequences/illumina/Novaseq_siphgenomes/Sample_CWD116_134_059/CWD116_134_059_S41_L002_R2_001.fastq.gz	true
Ahuja2024__CWD117	Ahuja2024:CWD117	YPM:IZ:35045	Ahuja2024	none	none	270605623	/gpfs/ycga/work/dunn/sequences/illumina/Novaseq_siphgenomes/Sample_CWD117_160_033/CWD117_160_033_S124_L004_R1_001.fastq.gz;/gpfs/ycga/work/dunn/sequences/illumina/Novaseq_siphgenomes/Sample_CWD117_160_033/CWD117_160_033_S14_L001_R1_001.fastq.gz;/gpfs/ycga/work/dunn/sequences/illumina/Novaseq_siphgenomes/Sample_CWD117_160_033/CWD117_160_033_S38_L002_R1_001.fastq.gz	/gpfs/ycga/work/dunn/sequences/illumina/Novaseq_siphgenomes/Sample_CWD117_160_033/CWD117_160_033_S124_L004_R2_001.fastq.gz;/gpfs/ycga/work/dunn/sequences/illumina/Novaseq_siphgenomes/Sample_CWD117_160_033/CWD117_160_033_S14_L001_R2_001.fastq.gz;/gpfs/ycga/work/dunn/sequences/illumina/Novaseq_siphgenomes/Sample_CWD117_160_033/CWD117_160_033_S38_L002_R2_001.fastq.gz	true
Ahuja2024__CWD12	Ahuja2024:CWD12	YPM:IZ:35038	Ahuja2024	none	none	103993703	/gpfs/ycga/work/dunn/sequences/illumina/Novaseq_siphgenomes/Sample_CWD12_098_095/CWD12_098_095_S118_L004_R1_001.fastq.gz;/gpfs/ycga/work/dunn/sequences/illumina/Novaseq_siphgenomes/Sample_CWD12_098_095/CWD12_098_095_S8_L001_R1_001.fastq.gz	/gpfs/ycga/work/dunn/sequences/illumina/Novaseq_siphgenomes/Sample_CWD12_098_095/CWD12_098_095_S118_L004_R2_001.fastq.gz;/gpfs/ycga/work/dunn/sequences/illumina/Novaseq_siphgenomes/Sample_CWD12_098_095/CWD12_098_095_S8_L001_R2_001.fastq.gz	true
Ahuja2024__CWD121	Ahuja2024:CWD121	YPM:IZ:35350	Ahuja2024	none	none	106460202	/gpfs/ycga/work/dunn/sequences/illumina/Novaseq_siphgenomes/Sample_CWD121_145_048/CWD121_145_048_S125_L004_R1_001.fastq.gz;/gpfs/ycga/work/dunn/sequences/illumina/Novaseq_siphgenomes/Sample_CWD121_145_048/CWD121_145_048_S15_L001_R1_001.fastq.gz	/gpfs/ycga/work/dunn/sequences/illumina/Novaseq_siphgenomes/Sample_CWD121_145_048/CWD121_145_048_S125_L004_R2_001.fastq.gz;/gpfs/ycga/work/dunn/sequences/illumina/Novaseq_siphgenomes/Sample_CWD121_145_048/CWD121_145_048_S15_L001_R2_001.fastq.gz	true
Ahuja2024__CWD122	Ahuja2024:CWD122	YPM:IZ:35049	Ahuja2024	none	none	353402974	/gpfs/ycga/work/dunn/sequences/illumina/Novaseq_siphgenomes/Sample_CWD122_133_060/CWD122_133_060_S10_L004_R1_001.fastq.gz;/gpfs/ycga/work/dunn/sequences/illumina/Novaseq_siphgenomes/Sample_CWD122_133_060/CWD122_133_060_S126_L004_R1_001.fastq.gz;/gpfs/ycga/work/dunn/sequences/illumina/Novaseq_siphgenomes/Sample_CWD122_133_060/CWD122_133_060_S16_L001_R1_001.fastq.gz;/gpfs/ycga/work/dunn/sequences/illumina/Novaseq_siphgenomes/Sample_CWD122_133_060/CWD122_133_060_S39_L002_R1_001.fastq.gz	/gpfs/ycga/work/dunn/sequences/illumina/Novaseq_siphgenomes/Sample_CWD122_133_060/CWD122_133_060_S10_L004_R2_001.fastq.gz;/gpfs/ycga/work/dunn/sequences/illumina/Novaseq_siphgenomes/Sample_CWD122_133_060/CWD122_133_060_S126_L004_R2_001.fastq.gz;/gpfs/ycga/work/dunn/sequences/illumina/Novaseq_siphgenomes/Sample_CWD122_133_060/CWD122_133_060_S16_L001_R2_001.fastq.gz;/gpfs/ycga/work/dunn/sequences/illumina/Novaseq_siphgenomes/Sample_CWD122_133_060/CWD122_133_060_S39_L002_R2_001.fastq.gz	true
Ahuja2024__CWD131	Ahuja2024:CWD131	YPM:IZ:35355	Ahuja2024	none	none	239493185	/gpfs/ycga/work/dunn/sequences/illumina/Novaseq_siphgenomes/Sample_CWD131_148_045/CWD131_148_045_S127_L004_R1_001.fastq.gz;/gpfs/ycga/work/dunn/sequences/illumina/Novaseq_siphgenomes/Sample_CWD131_148_045/CWD131_148_045_S17_L001_R1_001.fastq.gz;/gpfs/ycga/work/dunn/sequences/illumina/Novaseq_siphgenomes/Sample_CWD131_148_045/CWD131_148_045_S40_L002_R1_001.fastq.gz	/gpfs/ycga/work/dunn/sequences/illumina/Novaseq_siphgenomes/Sample_CWD131_148_045/CWD131_148_045_S127_L004_R2_001.fastq.gz;/gpfs/ycga/work/dunn/sequences/illumina/Novaseq_siphgenomes/Sample_CWD131_148_045/CWD131_148_045_S17_L001_R2_001.fastq.gz;/gpfs/ycga/work/dunn/sequences/illumina/Novaseq_siphgenomes/Sample_CWD131_148_045/CWD131_148_045_S40_L002_R2_001.fastq.gz	true
Ahuja2024__CWD141	Ahuja2024:CWD141	YPM:IZ:35358	Ahuja2024	none	none	220953310	/gpfs/ycga/work/dunn/sequences/illumina/Novaseq_siphgenomes/Sample_CWD141_136_057/CWD141_136_057_S128_L004_R1_001.fastq.gz;/gpfs/ycga/work/dunn/sequences/illumina/Novaseq_siphgenomes/Sample_CWD141_136_057/CWD141_136_057_S18_L001_R1_001.fastq.gz;/gpfs/ycga/work/dunn/sequences/illumina/Novaseq_siphgenomes/Sample_CWD141_136_057/CWD141_136_057_S41_L002_R1_001.fastq.gz	/gpfs/ycga/work/dunn/sequences/illumina/Novaseq_siphgenomes/Sample_CWD141_136_057/CWD141_136_057_S128_L004_R2_001.fastq.gz;/gpfs/ycga/work/dunn/sequences/illumina/Novaseq_siphgenomes/Sample_CWD141_136_057/CWD141_136_057_S18_L001_R2_001.fastq.gz;/gpfs/ycga/work/dunn/sequences/illumina/Novaseq_siphgenomes/Sample_CWD141_136_057/CWD141_136_057_S41_L002_R2_001.fastq.gz	true
Ahuja2024__CWD144	Ahuja2024:CWD144	YPM:IZ:35360	Ahuja2024	none	none	881181011	/gpfs/ycga/work/dunn/sequences/illumina/Novaseq_siphgenomes/Sample_CWD144_124_069/CWD144_124_069_S129_L004_R1_001.fastq.gz;/gpfs/ycga/work/dunn/sequences/illumina/Novaseq_siphgenomes/Sample_CWD144_124_069/CWD144_124_069_S19_L001_R1_001.fastq.gz;/gpfs/ycga/work/dunn/sequences/illumina/Novaseq_siphgenomes/Sample_CWD144_124_069/CWD144_124_069_S42_L002_R1_001.fastq.gz;/gpfs/ycga/work/dunn/sequences/illumina/Novaseq_siphgenomes/Sample_CWD144_124_069/CWD144_124_069_S6_L004_R1_001.fastq.gz	/gpfs/ycga/work/dunn/sequences/illumina/Novaseq_siphgenomes/Sample_CWD144_124_069/CWD144_124_069_S129_L004_R2_001.fastq.gz;/gpfs/ycga/work/dunn/sequences/illumina/Novaseq_siphgenomes/Sample_CWD144_124_069/CWD144_124_069_S19_L001_R2_001.fastq.gz;/gpfs/ycga/work/dunn/sequences/illumina/Novaseq_siphgenomes/Sample_CWD144_124_069/CWD144_124_069_S42_L002_R2_001.fastq.gz;/gpfs/ycga/work/dunn/sequences/illumina/Novaseq_siphgenomes/Sample_CWD144_124_069/CWD144_124_069_S6_L004_R2_001.fastq.gz	true
Ahuja2024__CWD146	Ahuja2024:CWD146	YPM:IZ:35362	Ahuja2024	none	none	335244845	/gpfs/ycga/work/dunn/sequences/illumina/Novaseq_siphgenomes/Sample_CWD146_112_081/CWD146_112_081_S130_L004_R1_001.fastq.gz;/gpfs/ycga/work/dunn/sequences/illumina/Novaseq_siphgenomes/Sample_CWD146_112_081/CWD146_112_081_S20_L001_R1_001.fastq.gz;/gpfs/ycga/work/dunn/sequences/illumina/Novaseq_siphgenomes/Sample_CWD146_112_081/CWD146_112_081_S43_L002_R1_001.fastq.gz	/gpfs/ycga/work/dunn/sequences/illumina/Novaseq_siphgenomes/Sample_CWD146_112_081/CWD146_112_081_S130_L004_R2_001.fastq.gz;/gpfs/ycga/work/dunn/sequences/illumina/Novaseq_siphgenomes/Sample_CWD146_112_081/CWD146_112_081_S20_L001_R2_001.fastq.gz;/gpfs/ycga/work/dunn/sequences/illumina/Novaseq_siphgenomes/Sample_CWD146_112_081/CWD146_112_081_S43_L002_R2_001.fastq.gz	true
Ahuja2024__CWD16	Ahuja2024:CWD16	YPM:IZ:35039	Ahuja2024	none	none	313143022	/gpfs/ycga/work/dunn/sequences/illumina/Novaseq_siphgenomes/Sample_CWD16_296_281/CWD16_296_281_S17_L004_R1_001.fastq.gz	/gpfs/ycga/work/dunn/sequences/illumina/Novaseq_siphgenomes/Sample_CWD16_296_281/CWD16_296_281_S17_L004_R2_001.fastq.gz	true
Ahuja2024__CWD17	Ahuja2024:CWD17	YPM:IZ:35040	Ahuja2024	none	none	171500636	/gpfs/ycga/work/dunn/sequences/illumina/Novaseq_siphgenomes/Sample_CWD17_181_012/CWD17_181_012_S119_L004_R1_001.fastq.gz;/gpfs/ycga/work/dunn/sequences/illumina/Novaseq_siphgenomes/Sample_CWD17_181_012/CWD17_181_012_S35_L002_R1_001.fastq.gz;/gpfs/ycga/work/dunn/sequences/illumina/Novaseq_siphgenomes/Sample_CWD17_181_012/CWD17_181_012_S9_L001_R1_001.fastq.gz	/gpfs/ycga/work/dunn/sequences/illumina/Novaseq_siphgenomes/Sample_CWD17_181_012/CWD17_181_012_S119_L004_R2_001.fastq.gz;/gpfs/ycga/work/dunn/sequences/illumina/Novaseq_siphgenomes/Sample_CWD17_181_012/CWD17_181_012_S35_L002_R2_001.fastq.gz;/gpfs/ycga/work/dunn/sequences/illumina/Novaseq_siphgenomes/Sample_CWD17_181_012/CWD17_181_012_S9_L001_R2_001.fastq.gz	true
Ahuja2024__CWD19	Ahuja2024:CWD19	YPM:IZ:35346	Ahuja2024	none	none	384583011	/gpfs/ycga/work/dunn/sequences/illumina/Novaseq_siphgenomes/Sample_CWD19_308_269/CWD19_308_269_S16_L004_R1_001.fastq.gz	/gpfs/ycga/work/dunn/sequences/illumina/Novaseq_siphgenomes/Sample_CWD19_308_269/CWD19_308_269_S16_L004_R2_001.fastq.gz	true
Ahuja2024__CWD2	Ahuja2024:CWD2	YPM:IZ:35029	Ahuja2024	none	none	97168657	/gpfs/ycga/work/dunn/sequences/illumina/Novaseq_siphgenomes/Sample_CWD2_110_083/CWD2_110_083_S113_L004_R1_001.fastq.gz;/gpfs/ycga/work/dunn/sequences/illumina/Novaseq_siphgenomes/Sample_CWD2_110_083/CWD2_110_083_S3_L001_R1_001.fastq.gz	/gpfs/ycga/work/dunn/sequences/illumina/Novaseq_siphgenomes/Sample_CWD2_110_083/CWD2_110_083_S113_L004_R2_001.fastq.gz;/gpfs/ycga/work/dunn/sequences/illumina/Novaseq_siphgenomes/Sample_CWD2_110_083/CWD2_110_083_S3_L001_R2_001.fastq.gz	true
Ahuja2024__CWD20	Ahuja2024:CWD20	YPM:IZ:35347	Ahuja2024	none	none	159263913	/gpfs/ycga/work/dunn/sequences/illumina/Novaseq_siphgenomes/Sample_CWD20_169_024/CWD20_169_024_S10_L001_R1_001.fastq.gz;/gpfs/ycga/work/dunn/sequences/illumina/Novaseq_siphgenomes/Sample_CWD20_169_024/CWD20_169_024_S120_L004_R1_001.fastq.gz;/gpfs/ycga/work/dunn/sequences/illumina/Novaseq_siphgenomes/Sample_CWD20_169_024/CWD20_169_024_S36_L002_R1_001.fastq.gz	/gpfs/ycga/work/dunn/sequences/illumina/Novaseq_siphgenomes/Sample_CWD20_169_024/CWD20_169_024_S10_L001_R2_001.fastq.gz;/gpfs/ycga/work/dunn/sequences/illumina/Novaseq_siphgenomes/Sample_CWD20_169_024/CWD20_169_024_S120_L004_R2_001.fastq.gz;/gpfs/ycga/work/dunn/sequences/illumina/Novaseq_siphgenomes/Sample_CWD20_169_024/CWD20_169_024_S36_L002_R2_001.fastq.gz	true
Ahuja2024__CWD21	Ahuja2024:CWD21	YPM:IZ:35041	Ahuja2024	none	none	101601341	/gpfs/ycga/work/dunn/sequences/illumina/Novaseq_siphgenomes/Sample_CWD21_157_036/CWD21_157_036_S11_L001_R1_001.fastq.gz;/gpfs/ycga/work/dunn/sequences/illumina/Novaseq_siphgenomes/Sample_CWD21_157_036/CWD21_157_036_S121_L004_R1_001.fastq.gz	/gpfs/ycga/work/dunn/sequences/illumina/Novaseq_siphgenomes/Sample_CWD21_157_036/CWD21_157_036_S11_L001_R2_001.fastq.gz;/gpfs/ycga/work/dunn/sequences/illumina/Novaseq_siphgenomes/Sample_CWD21_157_036/CWD21_157_036_S121_L004_R2_001.fastq.gz	true
Ahuja2024__CWD3	Ahuja2024:CWD3	YPM:IZ:35030	Ahuja2024	none	none	257005662	/gpfs/ycga/work/dunn/sequences/illumina/Novaseq_siphgenomes/Sample_CWD3_101_092/CWD3_101_092_S114_L004_R1_001.fastq.gz;/gpfs/ycga/work/dunn/sequences/illumina/Novaseq_siphgenomes/Sample_CWD3_101_092/CWD3_101_092_S32_L002_R1_001.fastq.gz;/gpfs/ycga/work/dunn/sequences/illumina/Novaseq_siphgenomes/Sample_CWD3_101_092/CWD3_101_092_S4_L001_R1_001.fastq.gz	/gpfs/ycga/work/dunn/sequences/illumina/Novaseq_siphgenomes/Sample_CWD3_101_092/CWD3_101_092_S114_L004_R2_001.fastq.gz;/gpfs/ycga/work/dunn/sequences/illumina/Novaseq_siphgenomes/Sample_CWD3_101_092/CWD3_101_092_S32_L002_R2_001.fastq.gz;/gpfs/ycga/work/dunn/sequences/illumina/Novaseq_siphgenomes/Sample_CWD3_101_092/CWD3_101_092_S4_L001_R2_001.fastq.gz	true
Ahuja2024__CWD6	Ahuja2024:CWD6	YPM:IZ:35032	Ahuja2024	none	none	151311569	/gpfs/ycga/work/dunn/sequences/illumina/Novaseq_siphgenomes/Sample_CWD6_184_009/CWD6_184_009_S115_L004_R1_001.fastq.gz;/gpfs/ycga/work/dunn/sequences/illumina/Novaseq_siphgenomes/Sample_CWD6_184_009/CWD6_184_009_S5_L001_R1_001.fastq.gz	/gpfs/ycga/work/dunn/sequences/illumina/Novaseq_siphgenomes/Sample_CWD6_184_009/CWD6_184_009_S115_L004_R2_001.fastq.gz;/gpfs/ycga/work/dunn/sequences/illumina/Novaseq_siphgenomes/Sample_CWD6_184_009/CWD6_184_009_S5_L001_R2_001.fastq.gz	true
Ahuja2024__CWD7	Ahuja2024:CWD7	YPM:IZ:35033	Ahuja2024	none	none	199108254	/gpfs/ycga/work/dunn/sequences/illumina/Novaseq_siphgenomes/Sample_CWD7_158_035/CWD7_158_035_S116_L004_R1_001.fastq.gz;/gpfs/ycga/work/dunn/sequences/illumina/Novaseq_siphgenomes/Sample_CWD7_158_035/CWD7_158_035_S33_L002_R1_001.fastq.gz;/gpfs/ycga/work/dunn/sequences/illumina/Novaseq_siphgenomes/Sample_CWD7_158_035/CWD7_158_035_S6_L001_R1_001.fastq.gz	/gpfs/ycga/work/dunn/sequences/illumina/Novaseq_siphgenomes/Sample_CWD7_158_035/CWD7_158_035_S116_L004_R2_001.fastq.gz;/gpfs/ycga/work/dunn/sequences/illumina/Novaseq_siphgenomes/Sample_CWD7_158_035/CWD7_158_035_S33_L002_R2_001.fastq.gz;/gpfs/ycga/work/dunn/sequences/illumina/Novaseq_siphgenomes/Sample_CWD7_158_035/CWD7_158_035_S6_L001_R2_001.fastq.gz	true
Ahuja2024__NA1	Ahuja2024:NA1	YPM:IZ:110225	Ahuja2024	none	none	222668998	/gpfs/ycga/work/dunn/sequences/illumina/Novaseq_siphgenomes/Sample_NA1_100_093/NA1_100_093_S131_L004_R1_001.fastq.gz;/gpfs/ycga/work/dunn/sequences/illumina/Novaseq_siphgenomes/Sample_NA1_100_093/NA1_100_093_S21_L001_R1_001.fastq.gz;/gpfs/ycga/work/dunn/sequences/illumina/Novaseq_siphgenomes/Sample_NA1_100_093/NA1_100_093_S44_L002_R1_001.fastq.gz	/gpfs/ycga/work/dunn/sequences/illumina/Novaseq_siphgenomes/Sample_NA1_100_093/NA1_100_093_S131_L004_R2_001.fastq.gz;/gpfs/ycga/work/dunn/sequences/illumina/Novaseq_siphgenomes/Sample_NA1_100_093/NA1_100_093_S21_L001_R2_001.fastq.gz;/gpfs/ycga/work/dunn/sequences/illumina/Novaseq_siphgenomes/Sample_NA1_100_093/NA1_100_093_S44_L002_R2_001.fastq.gz	true
Ahuja2024__NA10	Ahuja2024:NA10	T987-D2	Ahuja2024	none	none	572564997	/gpfs/ycga/work/dunn/sequences/illumina/Novaseq_siphgenomes/Sample_NA10_182_011/NA10_182_011_S13_L004_R1_001.fastq.gz;/gpfs/ycga/work/dunn/sequences/illumina/Novaseq_siphgenomes/Sample_NA10_182_011/NA10_182_011_S140_L004_R1_001.fastq.gz;/gpfs/ycga/work/dunn/sequences/illumina/Novaseq_siphgenomes/Sample_NA10_182_011/NA10_182_011_S30_L001_R1_001.fastq.gz;/gpfs/ycga/work/dunn/sequences/illumina/Novaseq_siphgenomes/Sample_NA10_182_011/NA10_182_011_S51_L002_R1_001.fastq.gz	/gpfs/ycga/work/dunn/sequences/illumina/Novaseq_siphgenomes/Sample_NA10_182_011/NA10_182_011_S13_L004_R2_001.fastq.gz;/gpfs/ycga/work/dunn/sequences/illumina/Novaseq_siphgenomes/Sample_NA10_182_011/NA10_182_011_S140_L004_R2_001.fastq.gz;/gpfs/ycga/work/dunn/sequences/illumina/Novaseq_siphgenomes/Sample_NA10_182_011/NA10_182_011_S30_L001_R2_001.fastq.gz;/gpfs/ycga/work/dunn/sequences/illumina/Novaseq_siphgenomes/Sample_NA10_182_011/NA10_182_011_S51_L002_R2_001.fastq.gz	true
Ahuja2024__NA11	Ahuja2024:NA11	T845-D3	Ahuja2024	none	none	169072426	/gpfs/ycga/work/dunn/sequences/illumina/Novaseq_siphgenomes/Sample_NA11_170_023/NA11_170_023_S141_L004_R1_001.fastq.gz;/gpfs/ycga/work/dunn/sequences/illumina/Novaseq_siphgenomes/Sample_NA11_170_023/NA11_170_023_S31_L001_R1_001.fastq.gz	/gpfs/ycga/work/dunn/sequences/illumina/Novaseq_siphgenomes/Sample_NA11_170_023/NA11_170_023_S141_L004_R2_001.fastq.gz;/gpfs/ycga/work/dunn/sequences/illumina/Novaseq_siphgenomes/Sample_NA11_170_023/NA11_170_023_S31_L001_R2_001.fastq.gz	true
Ahuja2024__NA2	Ahuja2024:NA2	D1399-D4	Ahuja2024	none	none	230563805	/gpfs/ycga/work/dunn/sequences/illumina/Novaseq_siphgenomes/Sample_NA2_183_010/NA2_183_010_S132_L004_R1_001.fastq.gz;/gpfs/ycga/work/dunn/sequences/illumina/Novaseq_siphgenomes/Sample_NA2_183_010/NA2_183_010_S22_L001_R1_001.fastq.gz;/gpfs/ycga/work/dunn/sequences/illumina/Novaseq_siphgenomes/Sample_NA2_183_010/NA2_183_010_S45_L002_R1_001.fastq.gz	/gpfs/ycga/work/dunn/sequences/illumina/Novaseq_siphgenomes/Sample_NA2_183_010/NA2_183_010_S132_L004_R2_001.fastq.gz;/gpfs/ycga/work/dunn/sequences/illumina/Novaseq_siphgenomes/Sample_NA2_183_010/NA2_183_010_S22_L001_R2_001.fastq.gz;/gpfs/ycga/work/dunn/sequences/illumina/Novaseq_siphgenomes/Sample_NA2_183_010/NA2_183_010_S45_L002_R2_001.fastq.gz	true
Ahuja2024__NA3	Ahuja2024:NA3	D1399-D5	Ahuja2024	none	none	271237766	/gpfs/ycga/work/dunn/sequences/illumina/Novaseq_siphgenomes/Sample_NA3_171_022/NA3_171_022_S133_L004_R1_001.fastq.gz;/gpfs/ycga/work/dunn/sequences/illumina/Novaseq_siphgenomes/Sample_NA3_171_022/NA3_171_022_S23_L001_R1_001.fastq.gz;/gpfs/ycga/work/dunn/sequences/illumina/Novaseq_siphgenomes/Sample_NA3_171_022/NA3_171_022_S46_L002_R1_001.fastq.gz	/gpfs/ycga/work/dunn/sequences/illumina/Novaseq_siphgenomes/Sample_NA3_171_022/NA3_171_022_S133_L004_R2_001.fastq.gz;/gpfs/ycga/work/dunn/sequences/illumina/Novaseq_siphgenomes/Sample_NA3_171_022/NA3_171_022_S23_L001_R2_001.fastq.gz;/gpfs/ycga/work/dunn/sequences/illumina/Novaseq_siphgenomes/Sample_NA3_171_022/NA3_171_022_S46_L002_R2_001.fastq.gz	true
Ahuja2024__NA4	Ahuja2024:NA4	D1398-SS11	Ahuja2024	none	none	238886650	/gpfs/ycga/work/dunn/sequences/illumina/Novaseq_siphgenomes/Sample_NA4_159_034/NA4_159_034_S134_L004_R1_001.fastq.gz;/gpfs/ycga/work/dunn/sequences/illumina/Novaseq_siphgenomes/Sample_NA4_159_034/NA4_159_034_S24_L001_R1_001.fastq.gz;/gpfs/ycga/work/dunn/sequences/illumina/Novaseq_siphgenomes/Sample_NA4_159_034/NA4_159_034_S47_L002_R1_001.fastq.gz	/gpfs/ycga/work/dunn/sequences/illumina/Novaseq_siphgenomes/Sample_NA4_159_034/NA4_159_034_S134_L004_R2_001.fastq.gz;/gpfs/ycga/work/dunn/sequences/illumina/Novaseq_siphgenomes/Sample_NA4_159_034/NA4_159_034_S24_L001_R2_001.fastq.gz;/gpfs/ycga/work/dunn/sequences/illumina/Novaseq_siphgenomes/Sample_NA4_159_034/NA4_159_034_S47_L002_R2_001.fastq.gz	true
Ahuja2024__NA5	Ahuja2024:NA5	D1399-D12	Ahuja2024	none	none	253243374	/gpfs/ycga/work/dunn/sequences/illumina/Novaseq_siphgenomes/Sample_NA5_147_046/NA5_147_046_S135_L004_R1_001.fastq.gz;/gpfs/ycga/work/dunn/sequences/illumina/Novaseq_siphgenomes/Sample_NA5_147_046/NA5_147_046_S25_L001_R1_001.fastq.gz;/gpfs/ycga/work/dunn/sequences/illumina/Novaseq_siphgenomes/Sample_NA5_147_046/NA5_147_046_S48_L002_R1_001.fastq.gz	/gpfs/ycga/work/dunn/sequences/illumina/Novaseq_siphgenomes/Sample_NA5_147_046/NA5_147_046_S135_L004_R2_001.fastq.gz;/gpfs/ycga/work/dunn/sequences/illumina/Novaseq_siphgenomes/Sample_NA5_147_046/NA5_147_046_S25_L001_R2_001.fastq.gz;/gpfs/ycga/work/dunn/sequences/illumina/Novaseq_siphgenomes/Sample_NA5_147_046/NA5_147_046_S48_L002_R2_001.fastq.gz	true
Ahuja2024__NA6	Ahuja2024:NA6	V4355-SS6	Ahuja2024	none	none	171991413	/gpfs/ycga/work/dunn/sequences/illumina/Novaseq_siphgenomes/Sample_NA6_135_058/NA6_135_058_S136_L004_R1_001.fastq.gz;/gpfs/ycga/work/dunn/sequences/illumina/Novaseq_siphgenomes/Sample_NA6_135_058/NA6_135_058_S26_L001_R1_001.fastq.gz	/gpfs/ycga/work/dunn/sequences/illumina/Novaseq_siphgenomes/Sample_NA6_135_058/NA6_135_058_S136_L004_R2_001.fastq.gz;/gpfs/ycga/work/dunn/sequences/illumina/Novaseq_siphgenomes/Sample_NA6_135_058/NA6_135_058_S26_L001_R2_001.fastq.gz	true
Ahuja2024__NA7	Ahuja2024:NA7	V4355-D3	Ahuja2024	none	none	285295476	/gpfs/ycga/work/dunn/sequences/illumina/Novaseq_siphgenomes/Sample_NA7_123_070/NA7_123_070_S137_L004_R1_001.fastq.gz;/gpfs/ycga/work/dunn/sequences/illumina/Novaseq_siphgenomes/Sample_NA7_123_070/NA7_123_070_S27_L001_R1_001.fastq.gz;/gpfs/ycga/work/dunn/sequences/illumina/Novaseq_siphgenomes/Sample_NA7_123_070/NA7_123_070_S49_L002_R1_001.fastq.gz	/gpfs/ycga/work/dunn/sequences/illumina/Novaseq_siphgenomes/Sample_NA7_123_070/NA7_123_070_S137_L004_R2_001.fastq.gz;/gpfs/ycga/work/dunn/sequences/illumina/Novaseq_siphgenomes/Sample_NA7_123_070/NA7_123_070_S27_L001_R2_001.fastq.gz;/gpfs/ycga/work/dunn/sequences/illumina/Novaseq_siphgenomes/Sample_NA7_123_070/NA7_123_070_S49_L002_R2_001.fastq.gz	true
Ahuja2024__NA8	Ahuja2024:NA8	YPM:IZ:110226	Ahuja2024	none	none	151962850	/gpfs/ycga/work/dunn/sequences/illumina/Novaseq_siphgenomes/Sample_NA8_111_082/NA8_111_082_S138_L004_R1_001.fastq.gz;/gpfs/ycga/work/dunn/sequences/illumina/Novaseq_siphgenomes/Sample_NA8_111_082/NA8_111_082_S28_L001_R1_001.fastq.gz	/gpfs/ycga/work/dunn/sequences/illumina/Novaseq_siphgenomes/Sample_NA8_111_082/NA8_111_082_S138_L004_R2_001.fastq.gz;/gpfs/ycga/work/dunn/sequences/illumina/Novaseq_siphgenomes/Sample_NA8_111_082/NA8_111_082_S28_L001_R2_001.fastq.gz	true
Ahuja2024__NA9	Ahuja2024:NA9	D199-SS8	Ahuja2024	none	none	288799888	/gpfs/ycga/work/dunn/sequences/illumina/Novaseq_siphgenomes/Sample_NA9_099_094/NA9_099_094_S139_L004_R1_001.fastq.gz;/gpfs/ycga/work/dunn/sequences/illumina/Novaseq_siphgenomes/Sample_NA9_099_094/NA9_099_094_S29_L001_R1_001.fastq.gz;/gpfs/ycga/work/dunn/sequences/illumina/Novaseq_siphgenomes/Sample_NA9_099_094/NA9_099_094_S50_L002_R1_001.fastq.gz	/gpfs/ycga/work/dunn/sequences/illumina/Novaseq_siphgenomes/Sample_NA9_099_094/NA9_099_094_S139_L004_R2_001.fastq.gz;/gpfs/ycga/work/dunn/sequences/illumina/Novaseq_siphgenomes/Sample_NA9_099_094/NA9_099_094_S29_L001_R2_001.fastq.gz;/gpfs/ycga/work/dunn/sequences/illumina/Novaseq_siphgenomes/Sample_NA9_099_094/NA9_099_094_S50_L002_R2_001.fastq.gz	true
Ahuja2026__NA19	Ahuja2026:NA19	YPM:IZ:111744	Ahuja2026	N_septata	N_septata	290181437	/gpfs/ycga/work/dunn/sequences/illumina/Nanomia_novaseq/Sample_NA19_152_041/NA19_152_041_S6_L002_R1_001.fastq.gz	/gpfs/ycga/work/dunn/sequences/illumina/Nanomia_novaseq/Sample_NA19_152_041/NA19_152_041_S6_L002_R2_001.fastq.gz	true
Ahuja2026__NA28	Ahuja2026:NA28	YPM:IZ:110451	Ahuja2026	none	none	347173099	/gpfs/ycga/work/dunn/sequences/illumina/Nanomia_novaseq/Sample_NA28_165_028/NA28_165_028_S20_L002_R1_001.fastq.gz	/gpfs/ycga/work/dunn/sequences/illumina/Nanomia_novaseq/Sample_NA28_165_028/NA28_165_028_S20_L002_R2_001.fastq.gz	true
Ahuja2026__NA29	Ahuja2026:NA29	YPM:IZ:111733	Ahuja2026	none	none	519282453	/gpfs/ycga/work/dunn/sequences/illumina/Nanomia_novaseq/Sample_NA29_141_052/NA29_141_052_S21_L002_R1_001.fastq.gz	/gpfs/ycga/work/dunn/sequences/illumina/Nanomia_novaseq/Sample_NA29_141_052/NA29_141_052_S21_L002_R2_001.fastq.gz	true
Ahuja2026__NA30	Ahuja2026:NA30	YPM:IZ:111732	Ahuja2026	none	none	340904726	/gpfs/ycga/work/dunn/sequences/illumina/Nanomia_novaseq/Sample_NA30_153_040/NA30_153_040_S22_L002_R1_001.fastq.gz	/gpfs/ycga/work/dunn/sequences/illumina/Nanomia_novaseq/Sample_NA30_153_040/NA30_153_040_S22_L002_R2_001.fastq.gz	true
Ahuja2026__NA31	Ahuja2026:NA31	YPM:IZ:111742	Ahuja2026	none	none	235457344	/gpfs/ycga/work/dunn/sequences/illumina/Nanomia_novaseq/Sample_NA31_164_029/NA31_164_029_S2_L003_R1_001.fastq.gz	/gpfs/ycga/work/dunn/sequences/illumina/Nanomia_novaseq/Sample_NA31_164_029/NA31_164_029_S2_L003_R2_001.fastq.gz	true
Ahuja2026__NA32	Ahuja2026:NA32	YPM:IZ:111740	Ahuja2026	none	none	259007346	/gpfs/ycga/work/dunn/sequences/illumina/Nanomia_novaseq/Sample_NA32_152_041/NA32_152_041_S3_L003_R1_001.fastq.gz	/gpfs/ycga/work/dunn/sequences/illumina/Nanomia_novaseq/Sample_NA32_152_041/NA32_152_041_S3_L003_R2_001.fastq.gz	true
Ahuja2026__NA33	Ahuja2026:NA33	YPM:IZ:111741	Ahuja2026	none	none	242303025	/gpfs/ycga/work/dunn/sequences/illumina/Nanomia_novaseq/Sample_NA33_140_053/NA33_140_053_S4_L003_R1_001.fastq.gz	/gpfs/ycga/work/dunn/sequences/illumina/Nanomia_novaseq/Sample_NA33_140_053/NA33_140_053_S4_L003_R2_001.fastq.gz	true
Ahuja2026__NA34	Ahuja2026:NA34	YPM:IZ:111164	Ahuja2026	N_septata	N_septata	268286997	/gpfs/ycga/work/dunn/sequences/illumina/Nanomia_novaseq/Sample_NA34_103_090/NA34_103_090_S34_L008_R1_001.fastq.gz	/gpfs/ycga/work/dunn/sequences/illumina/Nanomia_novaseq/Sample_NA34_103_090/NA34_103_090_S34_L008_R2_001.fastq.gz	true
Ahuja2026__NA35	Ahuja2026:NA35	YPM:IZ:111165	Ahuja2026	N_septata	N_septata	306169783	/gpfs/ycga/work/dunn/sequences/illumina/Nanomia_novaseq/Sample_NA35_186_007/NA35_186_007_S35_L008_R1_001.fastq.gz;/gpfs/ycga/work/dunn/sequences/illumina/Nanomia_novaseq/Sample_NA35_186_007/NA35_186_007_S75_L007_R1_001.fastq.gz	/gpfs/ycga/work/dunn/sequences/illumina/Nanomia_novaseq/Sample_NA35_186_007/NA35_186_007_S35_L008_R2_001.fastq.gz;/gpfs/ycga/work/dunn/sequences/illumina/Nanomia_novaseq/Sample_NA35_186_007/NA35_186_007_S75_L007_R2_001.fastq.gz	true
Ahuja2026__NA36	Ahuja2026:NA36	YPM:IZ:111166	Ahuja2026	N_septata	N_septata	212937761	/gpfs/ycga/work/dunn/sequences/illumina/Nanomia_novaseq/Sample_NA36_174_019/NA36_174_019_S36_L008_R1_001.fastq.gz	/gpfs/ycga/work/dunn/sequences/illumina/Nanomia_novaseq/Sample_NA36_174_019/NA36_174_019_S36_L008_R2_001.fastq.gz	true
Ahuja2026__NA37	Ahuja2026:NA37	YPM:IZ:111590	Ahuja2026	none	none	311548114	/gpfs/ycga/work/dunn/sequences/illumina/S2_assorted_samples_skimming_2024/Sample_NA37_085_108/NA37_085_108_S112_L002_R1_001.fastq.gz	/gpfs/ycga/work/dunn/sequences/illumina/S2_assorted_samples_skimming_2024/Sample_NA37_085_108/NA37_085_108_S112_L002_R2_001.fastq.gz	true
Ahuja2026__NA38	Ahuja2026:NA38	YPM:IZ:111591	Ahuja2026	none	none	336852859	/gpfs/ycga/work/dunn/sequences/illumina/S2_assorted_samples_skimming_2024/Sample_NA38_173_020/NA38_173_020_S113_L001_R1_001.fastq.gz	/gpfs/ycga/work/dunn/sequences/illumina/S2_assorted_samples_skimming_2024/Sample_NA38_173_020/NA38_173_020_S113_L001_R2_001.fastq.gz	true
Ahuja2026__WS10	Ahuja2026:WS10	YPM:IZ:111745	Ahuja2026	N_septata	N_septata	315228126	/gpfs/ycga/work/dunn/sequences/illumina/Nanomia_novaseq/Sample_WS10_143_050/WS10_143_050_S35_L004_R1_001.fastq.gz;/gpfs/ycga/work/dunn/sequences/illumina/Nanomia_novaseq/Sample_WS10_143_050/WS10_161_032_S45_L001_R1_001.fastq.gz	/gpfs/ycga/work/dunn/sequences/illumina/Nanomia_novaseq/Sample_WS10_143_050/WS10_143_050_S35_L004_R2_001.fastq.gz;/gpfs/ycga/work/dunn/sequences/illumina/Nanomia_novaseq/Sample_WS10_143_050/WS10_161_032_S45_L001_R2_001.fastq.gz	true
Ahuja2026__WS2	Ahuja2026:WS2	YPM:IZ:110216	Ahuja2026	none	none	152222142	/gpfs/ycga/work/dunn/sequences/illumina/Nanomia_novaseq/Sample_WS2_120_073/WS2_120_073_S27_L004_R1_001.fastq.gz;/gpfs/ycga/work/dunn/sequences/illumina/Nanomia_novaseq/Sample_WS2_120_073/WS2_138_055_S37_L001_R1_001.fastq.gz	/gpfs/ycga/work/dunn/sequences/illumina/Nanomia_novaseq/Sample_WS2_120_073/WS2_120_073_S27_L004_R2_001.fastq.gz;/gpfs/ycga/work/dunn/sequences/illumina/Nanomia_novaseq/Sample_WS2_120_073/WS2_138_055_S37_L001_R2_001.fastq.gz	true
Ahuja2026__WS3	Ahuja2026:WS3	YPM:IZ:111734	Ahuja2026	none	none	179433564	/gpfs/ycga/work/dunn/sequences/illumina/Nanomia_novaseq/Sample_WS3_108_085/WS3_108_085_S28_L004_R1_001.fastq.gz;/gpfs/ycga/work/dunn/sequences/illumina/Nanomia_novaseq/Sample_WS3_108_085/WS3_126_067_S38_L001_R1_001.fastq.gz	/gpfs/ycga/work/dunn/sequences/illumina/Nanomia_novaseq/Sample_WS3_108_085/WS3_108_085_S28_L004_R2_001.fastq.gz;/gpfs/ycga/work/dunn/sequences/illumina/Nanomia_novaseq/Sample_WS3_108_085/WS3_126_067_S38_L001_R2_001.fastq.gz	true
Ahuja2026__WS4	Ahuja2026:WS4	YPM:IZ:111735	Ahuja2026	none	none	367392421	/gpfs/ycga/work/dunn/sequences/illumina/Nanomia_novaseq/Sample_WS4_191_002/WS4_114_079_S39_L001_R1_001.fastq.gz;/gpfs/ycga/work/dunn/sequences/illumina/Nanomia_novaseq/Sample_WS4_191_002/WS4_191_002_S1_L008_R1_001.fastq.gz;/gpfs/ycga/work/dunn/sequences/illumina/Nanomia_novaseq/Sample_WS4_191_002/WS4_191_002_S29_L004_R1_001.fastq.gz;/gpfs/ycga/work/dunn/sequences/illumina/Nanomia_novaseq/Sample_WS4_191_002/WS4_191_002_S61_L006_R1_001.fastq.gz	/gpfs/ycga/work/dunn/sequences/illumina/Nanomia_novaseq/Sample_WS4_191_002/WS4_114_079_S39_L001_R2_001.fastq.gz;/gpfs/ycga/work/dunn/sequences/illumina/Nanomia_novaseq/Sample_WS4_191_002/WS4_191_002_S1_L008_R2_001.fastq.gz;/gpfs/ycga/work/dunn/sequences/illumina/Nanomia_novaseq/Sample_WS4_191_002/WS4_191_002_S29_L004_R2_001.fastq.gz;/gpfs/ycga/work/dunn/sequences/illumina/Nanomia_novaseq/Sample_WS4_191_002/WS4_191_002_S61_L006_R2_001.fastq.gz	true
Ahuja2026__WS5	Ahuja2026:WS5	YPM:IZ:111736	Ahuja2026	N_septata	N_septata	378026200	/gpfs/ycga/work/dunn/sequences/illumina/Nanomia_novaseq/Sample_WS5_179_014/WS5_102_091_S40_L001_R1_001.fastq.gz;/gpfs/ycga/work/dunn/sequences/illumina/Nanomia_novaseq/Sample_WS5_179_014/WS5_179_014_S30_L004_R1_001.fastq.gz	/gpfs/ycga/work/dunn/sequences/illumina/Nanomia_novaseq/Sample_WS5_179_014/WS5_102_091_S40_L001_R2_001.fastq.gz;/gpfs/ycga/work/dunn/sequences/illumina/Nanomia_novaseq/Sample_WS5_179_014/WS5_179_014_S30_L004_R2_001.fastq.gz	true
Ahuja2026__WS6	Ahuja2026:WS6	YPM:IZ:111737	Ahuja2026	N_septata	N_septata	368634270	/gpfs/ycga/work/dunn/sequences/illumina/Nanomia_novaseq/Sample_WS6_190_003/WS6_113_080_S41_L001_R1_001.fastq.gz;/gpfs/ycga/work/dunn/sequences/illumina/Nanomia_novaseq/Sample_WS6_190_003/WS6_190_003_S31_L004_R1_001.fastq.gz	/gpfs/ycga/work/dunn/sequences/illumina/Nanomia_novaseq/Sample_WS6_190_003/WS6_113_080_S41_L001_R2_001.fastq.gz;/gpfs/ycga/work/dunn/sequences/illumina/Nanomia_novaseq/Sample_WS6_190_003/WS6_190_003_S31_L004_R2_001.fastq.gz	true
Ahuja2026__WS7	Ahuja2026:WS7	YPM:IZ:111738	Ahuja2026	N_septata	N_septata	329179828	/gpfs/ycga/work/dunn/sequences/illumina/Nanomia_novaseq/Sample_WS7_167_026/WS7_167_026_S32_L004_R1_001.fastq.gz;/gpfs/ycga/work/dunn/sequences/illumina/Nanomia_novaseq/Sample_WS7_167_026/WS7_185_008_S42_L001_R1_001.fastq.gz	/gpfs/ycga/work/dunn/sequences/illumina/Nanomia_novaseq/Sample_WS7_167_026/WS7_167_026_S32_L004_R2_001.fastq.gz;/gpfs/ycga/work/dunn/sequences/illumina/Nanomia_novaseq/Sample_WS7_167_026/WS7_185_008_S42_L001_R2_001.fastq.gz	true
Ahuja2026__WS8	Ahuja2026:WS8	YPM:IZ:111739	Ahuja2026	N_septata	N_septata	347903385	/gpfs/ycga/work/dunn/sequences/illumina/Nanomia_novaseq/Sample_WS8_155_038/WS8_155_038_S33_L004_R1_001.fastq.gz;/gpfs/ycga/work/dunn/sequences/illumina/Nanomia_novaseq/Sample_WS8_155_038/WS8_173_020_S43_L001_R1_001.fastq.gz	/gpfs/ycga/work/dunn/sequences/illumina/Nanomia_novaseq/Sample_WS8_155_038/WS8_155_038_S33_L004_R2_001.fastq.gz;/gpfs/ycga/work/dunn/sequences/illumina/Nanomia_novaseq/Sample_WS8_155_038/WS8_173_020_S43_L001_R2_001.fastq.gz	true
Ahuja2026__WS9	Ahuja2026:WS9	YPM:IZ:107008	Ahuja2026	N_septata	N_septata	254345004	/gpfs/ycga/work/dunn/sequences/illumina/Nanomia_novaseq/Sample_WS9_178_015/WS9_178_015_S34_L004_R1_001.fastq.gz;/gpfs/ycga/work/dunn/sequences/illumina/Nanomia_novaseq/Sample_WS9_178_015/WS9_184_009_S44_L001_R1_001.fastq.gz	/gpfs/ycga/work/dunn/sequences/illumina/Nanomia_novaseq/Sample_WS9_178_015/WS9_178_015_S34_L004_R2_001.fastq.gz;/gpfs/ycga/work/dunn/sequences/illumina/Nanomia_novaseq/Sample_WS9_178_015/WS9_184_009_S44_L001_R2_001.fastq.gz	true
