accession_version	accession	marker	paper_taxon	genbank_organism	host	isolate	developmental_stage	location	collection_date	length_bp	supplement_sheets	supplement_labels	paper_only_accession_location	database_only_accession_evidence	description	sequence_sha256
LC889164.1	LC889164	28S	Tetrochetus coryphaenae	Tetrochetus coryphaenae	Coryphaena hippurus	TW981	adult	Japan:Okinawa	2018-12-17	1450	STable S1	Tetrochetus coryphaenae (marita, 'T. coryphaenae' type, this study)			Tetrochetus coryphaenae TW981 gene for 28S ribosomal RNA, partial sequence	c5f93a1067d0923bd005d4ec3f88b6fc2caba1bceccc273a54099b85cdaccea7
LC889165.1	LC889165	28S	Tetrochetus coryphaenae	Tetrochetus coryphaenae	Canthidermis maculata	T100	adult	Japan:Fukui	2022-12-30	1058	STable S1	Tetrochetus coryphaenae (marita, 'T. coryphaenae' type, this study)			Tetrochetus coryphaenae T100 gene for 28S ribosomal RNA, partial sequence	b562154d96da7a61501469425d0dcb50a7bffca2f59df1d382c9bf9164162a02
LC889166.1	LC889166	28S	Tetrochetus coryphaenae	Tetrochetus coryphaenae	Aluterus scriptus	T101	adult	Japan:Fukui	2022-12-30	1058	STable S1	Tetrochetus coryphaenae (marita, 'T. coryphaenae' type, this study)			Tetrochetus coryphaenae T101 gene for 28S ribosomal RNA, partial sequence	b562154d96da7a61501469425d0dcb50a7bffca2f59df1d382c9bf9164162a02
LC889167.1	LC889167	28S	Tetrochetus coryphaenae	Tetrochetus coryphaenae	Lagocephalus cheesemanii	N10	adult	Japan:Chiba	2025-01-20	891	STable S1	Tetrochetus coryphaenae (marita, 'T. hamadai' type, this study)			Tetrochetus coryphaenae N10 gene for 28S ribosomal RNA, partial sequence	6d63d91d83fa86e4c802222445bbc756e4318a726cc914541a3fbfab6b6b5e71
LC889168.1	LC889168	28S	Tetrochetus coryphaenae	Tetrochetus coryphaenae	Lagocephalus spadiceus	TW1327	adult	Japan:Kochi	2025-05-15	1343	STable S1	Tetrochetus coryphaenae (marita, 'T. hamadai' type, this study)			Tetrochetus coryphaenae TW1327 gene for 28S ribosomal RNA, partial sequence	84ecc1bf32fe7d9ce36092f94bbbc4eee5b2d55bf0e0d8b2f0ef0799e7dbd4a0
LC889169.1	LC889169	28S	Tetrochetus coryphaenae	Tetrochetus coryphaenae	Physalia utriculus	TW1041	metacercaria	Japan:Kanagawa	2024-08-13	1419	STable S1	Tetrochetus coryphaenae (metacercaria, this study)			Tetrochetus coryphaenae TW1041 gene for 28S ribosomal RNA, partial sequence	ee871b250b328be2a9afa3061cdf027d817562837044398a104191fda29c45e6
LC889170.1	LC889170	28S	Tetrochetus coryphaenae	Tetrochetus coryphaenae	Physalia utriculus	TW1043	metacercaria	Japan:Kanagawa	2024-08-13	1408	STable S1	Tetrochetus coryphaenae (metacercaria, this study)			Tetrochetus coryphaenae TW1043 gene for 28S ribosomal RNA, partial sequence	11ec01e85fd2100b4b6f173ca58de1d2be70820ab36ac1c204b5e1a95dd2231a
LC889171.1	LC889171	28S	Tetrochetus coryphaenae	Tetrochetus coryphaenae	Exocoetidae sp.	TW1139	metacercaria	Japan:Mie	2024-10-10	1371	STable S1	Tetrochetus coryphaenae (metacercaria, this study)			Tetrochetus coryphaenae TW1139 gene for 28S ribosomal RNA, partial sequence	318484c6b1f9a95d79616cd9b9e10128911aea84676452beb793c7cf6139be64
LC889172.1	LC889172	28S	Tetrochetus coryphaenae	Tetrochetus coryphaenae	Chaetognatha sp.	YASEKINE	metacercaria	Japan:Chiba	2025-01-13	1396			p10		Tetrochetus coryphaenae YASEKINE gene for 28S ribosomal RNA, partial sequence	6cb97ab21a9af01d57683e99819e86df03921e67079001dfbbbf04c3bb6bf651
LC889173.1	LC889173	28S	Bathycotyle branchialis	Bathycotyle branchialis	Coryphaena hippurus	TW1070	adult	Japan:Iwate	2024-09-20	1466	STable S3	Bathycotyle branchialis (marita, this study)			Bathycotyle branchialis TW1070 gene for 28S ribosomal RNA, partial sequence	7a3e13959e4ff6be35b38b8c085873df122f7cc791fcb9861b74cb418b22e288
LC889174.1	LC889174	28S	Bathycotyle branchialis	Bathycotyle branchialis	Coryphaena hippurus	TW1057	metacercaria	Japan:Kochi	2018-06-02	1542	STable S3	Bathycotyle branchialis (metacercaria, this study)			Bathycotyle branchialis TW1057 gene for 28S ribosomal RNA, partial sequence	b8f5ae3fd5f4bf01603068af928bab76aa55bde9c9d3589cd90edb1f12b946f2
LC889175.1	LC889175	28S	Dinurus tornatus	Dinurus tornatus	Coryphaena hippurus	TW1035	adult	Japan:Shizuoka	2024-08-08	1533	STable_S6	Dinurus tornatus (marita, this study)			Dinurus tornatus TW1035 gene for 28S ribosomal RNA, partial sequence	0041f35f51cbfee1264e439d88b7e3aa3727f53ebea69335b4f995804e450fde
LC889176.1	LC889176	28S	Dinurus tornatus	Dinurus tornatus	Coryphaena hippurus	TW1062	adult	Japan:Okinawa	2018-12-17	1538	STable_S6	Dinurus tornatus (marita, this study)			Dinurus tornatus TW1062 gene for 28S ribosomal RNA, partial sequence	d4a7a811da336b4896a315b98fc7be976f37f9d8da04c7511cf9a64a6b0b76a9
LC889177.1	LC889177	28S	Dinurus tornatus	Dinurus tornatus	Physalia utriculus	TW1042	metacercaria	Japan:Kanagawa	2024-08-13	1349	STable_S6	Dinurus tornatus (metacercaria, this study)			Dinurus tornatus TW1042 gene for 28S ribosomal RNA, partial sequence	8377f3ca6b749dacc5470c238136d51b562a2ff59b6d9e198c4c71593f972720
LC889178.1	LC889178	28S	Dinurus barbatus	Dinurus barbatus	Coryphaena hippurus	TW1078	adult	Japan:Iwate	2024-09-20	1532	STable_S6	Dinurus barbatus (marita, this study)			Dinurus barbatus TW1078 gene for 28S ribosomal RNA, partial sequence	fcf5bae814e61309d3556fed79b6f03e21c239c3880b9652ceab67e9d938f271
LC889179.1	LC889179	28S	Dinurus barbatus	Dinurus barbatus	Coryphaena hippurus	TW1077	adult	Japan:Shizuoka	2024-08-08	1306	STable_S6	Dinurus barbatus (marita, this study)			Dinurus barbatus TW1077 gene for 28S ribosomal RNA, partial sequence	51626a50f8099b021fe5a6408232904b0fe8f208fbaaa9a4159803000a601b2f
LC889180.1	LC889180	28S	Cephalolepidapedon saba	Cephalolepidapedon saba	Scomber japonicus	TW1145	adult	Japan:Chiba	2024-11-10	1217			p15		Cephalolepidapedon saba TW1145 gene for 28S ribosomal RNA, partial sequence	6b55fef6820301f1f9068b7fd46ba14c670340f03e52ce5d89b2cd2da43413cc
LC889181.1	LC889181	28S	Cephalolepidapedon saba	Cephalolepidapedon saba	Scomber japonicus	TW1146	adult	Japan:Chiba	2024-11-10	1604			p15		Cephalolepidapedon saba TW1146 gene for 28S ribosomal RNA, partial sequence	7a322495ae5777c87f6d7cee5fde1d00cd043c5726634e3a7b47154db8a579a0
LC889182.1	LC889182	28S	Opechona sp. 1	Opechona sp. 1TW1359	Urashimea globosa	TW1359	metacercaria	Japan:Kanagawa	2025-05-12	1545	STable_S10	Opechona sp. 1 (metacercaria, this study)			Opechona sp. 1TW1359 gene for 28S ribosomal RNA, partial sequence	c88e8f925cac1839c3afe0e195e09182964073853149d2bfdab487aab7f8fecb
LC889183.1	LC889183	28S	Prodistomum Type 4	Prodistomum sp. T4_AA3	Physalia utriculus	T4_AA3	metacercaria	Japan:Kanagawa	2025-05-20	1570	STable_S11	Prodistomum Type 4 (metacercaria, this study)			Prodistomum sp. T4_AA3 gene for 28S ribosomal RNA, partial sequence	73da3a101c8457c49671a6edc7a3d4b12abf32368d16be4aec078efa52fd2cd0
LC889184.1	LC889184	28S	Prodistomum sp. 2	Prodistomum sp. 2TW1276	Aurelia coerulea	2TW1276	metacercaria	Japan:Kyoto	2025-03-22	1557	STable_S11	Prodistomum sp. 2 (metacercaria, this study)			Prodistomum sp. 2TW1276 gene for 28S ribosomal RNA, partial sequence	04b4b88e1504d5add773558a2ecc6ebfd5b6043620762c82acc9ee3226c5cde6
LC889185.1	LC889185	28S	Prodistomum orientale	Prodistomum orientale	Scomber japonicus	TW1143	adult	Japan:Chiba	2024-11-10	1559	STable_S11	Prodistomum orientale (marita, this study)			Prodistomum orientale TW1143 gene for 28S ribosomal RNA, partial sequence	c97d973657bbaf22d5488141739124ef6cafd17653732e37bbfce0a470e0d1eb
LC889186.1	LC889186	28S	Prodistomum orientale	Prodistomum orientale	Clytia sp.	TW1087	metacercaria	Japan:Ehime	2024-09-26	1607	STable_S11	Prodistomum orientale (metacercaria, this study)			Prodistomum orientale TW1087 gene for 28S ribosomal RNA, partial sequence	7a889bce9224ce66c9fd73d3c2e4e1157724b1f87f54b6558f6b36621bb2090a
LC889187.1	LC889187	28S	Prodistomum sp. 1	Prodistomum sp. 1TW1339	Coryphaena hippurus	1TW1339	adult	Japan:Kochi	2025-05-15	1603	STable_S11	Prodistomum sp. 1 (marita, this study)			Prodistomum sp. 1TW1339 gene for 28S ribosomal RNA, partial sequence	d3e575b5b8747294644dfab5a32478ea2b3180b150676a41b073398e42aeb2c9
LC889188.1	LC889188	28S	Lepocreadiidae sp. 1	Lepocreadiidae sp. 1AA13	Physalia utriculus	1AA13	metacercaria	Japan:Kanagawa	2025-05-15	1583			p18		Lepocreadiidae sp. 1AA13 gene for 28S ribosomal RNA, partial sequence	0c99ceb4b135e7525c32d7f8752abf03f15302dfc70b9584c72d39e3e90c53b3
LC889189.1	LC889189	28S	Lepocreadiidae sp. 1	Lepocreadiidae sp. 1AA13	Physalia utriculus	1AA12	metacercaria	Japan:Kanagawa	2025-05-15	1525				NCBI pubmed_nuccore link for PMID41424079; GenBank article title verified	Lepocreadiidae sp. 1AA13 gene for 28S ribosomal RNA, partial sequence	ba5af06993738f9c24232b270068dd936177dd326591bee6b77f064fb0f1399c
LC889190.1	LC889190	COI	Prodistomum orientale	Prodistomum orientale	Physalia utriculus	AA4	metacercaria	Japan:Kanagawa	2025-05-20	488	STable S13	Prodistomum orientale (Type 2, metacercaria, this study)			Prodistomum orientale AA4 mitochondrial COX1 gene for cytochrome c oxidase subunit 1, partial cds	3f222ac336d8fd3f63f3567b183e654cdce5d2760c0c894483b3d12521914028
LC889191.1	LC889191	COI	Prodistomum Type 4	Prodistomum sp. T4_TW1353	Chrysaora pacifica	T4_TW1353	metacercaria	Japan:Chiba	2025-06-12	459	STable S13	"Prodistomum Type 4 
(metacercaria, this study)"			Prodistomum sp. T4_TW1353 mitochondrial COX1 gene for cytochrome c oxidase subunit 1, partial cds	a408bc6fd0dfa605f745f58943f26ebb5726f72eaa13a975ac699cbfa41647e6
LC889192.1	LC889192	COI	Prodistomum orientale	Prodistomum orientale	Coryphaena hippurus	TW1337	adult	Japan:Kochi	2025-05-15	494	STable S13	Prodistomum orientale (Type 2, marita, this study)			Prodistomum orientale TW1337 mitochondrial COX1 gene for cytochrome c oxidase subunit 1, partial cds	1e5df051e3030626bded2e6fa451c7320d09e8590a4fea37582fe31cc30d4239
LC889193.1	LC889193	COI	Prodistomum orientale	Prodistomum orientale	Coryphaena hippurus	TW1338	adult	Japan:Kochi	2025-05-15	485	STable S13	Prodistomum orientale (Type 2, marita, this study)			Prodistomum orientale TW1338 mitochondrial COX1 gene for cytochrome c oxidase subunit 1, partial cds	15e96533bb7282df6c9dc9e579656ef612d96ba3076ed7405613134ff08a3ead
LC889194.1	LC889194	ITS2	Bathycotyle branchialis	Bathycotyle branchialis	Coryphaena hippurus	TW1070	adult	Japan:Iwate	2024-09-20	551	STable_S5	Bathycotyle branchialis (marita, this study)			Bathycotyle branchialis TW1070 genes for 5.8S rRNA, ITS2, 28S rRNA, partial and complete sequence	a9e1cc76c5e6198fdccdd62bc922c1cf780dd03ee62b60ab17da97bf4e079810
LC889195.1	LC889195	ITS2	Bathycotyle branchialis	Bathycotyle branchialis	Coryphaena hippurus	TW1057	metacercaria	Japan:Kochi	2018-06-02	543	STable_S5	Bathycotyle branchialis (metacercaria, this study)			Bathycotyle branchialis TW1057 genes for 5.8S rRNA, ITS2, 28S rRNA, partial and complete sequence	26eba688fa2a4c4035efe030cd56f8238331e666469b878a75af047045cb20d9
LC889196.1	LC889196	ITS2	Bathycotyle branchialis	Bathycotyle branchialis	Coryphaena hippurus	TW1056	metacercaria	Japan:Kochi	2018-06-02	534	STable_S5	Bathycotyle branchialis (metacercaria, this study)			Bathycotyle branchialis TW1056 genes for 5.8S rRNA, ITS2, 28S rRNA, partial and complete sequence	28dba765002397dda6bbbd58a6a69085f8ddf631a3e16750cb3d053619af8324
LC889197.1	LC889197	ITS2	Dinurus tornatus	Dinurus tornatus	Coryphaena hippurus	TW1035	adult	Japan:Shizuoka	2024-08-08	658	STable S8	Dinurus tornatus (marita, this study)			Dinurus tornatus TW1035 genes for 5.8S rRNA, ITS2, 28S rRNA, partial and complete sequence	143c6c2a51f598f1c9f2a0321a798bdde7eb7fdb5ca26c5dd61b5d79591354b8
LC889198.1	LC889198	ITS2	Dinurus tornatus	Dinurus tornatus	Coryphaena hippurus	TW1062	adult	Japan:Okinawa	2018-12-17	665	STable S8	Dinurus tornatus (marita, this study)			Dinurus tornatus TW1062 genes for 5.8S rRNA, ITS2, 28S rRNA, partial and complete sequence	04cdbce1539fab675094ef7ae1738843812832c3f83211a6cc4f4b8f8cb4a1ca
LC889199.1	LC889199	ITS2	Dinurus tornatus	Dinurus tornatus	Coryphaena hippurus	TW1063	adult	Japan:Okinawa	2018-12-17	662	STable S8	Dinurus tornatus (marita, this study)			Dinurus tornatus TW1063 genes for 5.8S rRNA, ITS2, 28S rRNA, partial and complete sequence	6b730776b68db9617a99516e8ed624aeda375aa7baa182cdcfd9171117e75503
LC889200.1	LC889200	ITS2	Dinurus tornatus	Dinurus tornatus	Coryphaena hippurus	TW1064	adult	Japan:Okinawa	2018-12-17	660	STable S8	Dinurus tornatus (marita, this study)			Dinurus tornatus TW1064 genes for 5.8S rRNA, ITS2, 28S rRNA, partial and complete sequence	ae8d1387e793ae519e8532d6dd33860aff9c7454a31104c04383bbe60b4b73cf
LC889201.1	LC889201	ITS2	Dinurus tornatus	Dinurus tornatus	Physalia utriculus	TW1042	metacercaria	Japan:Kanagawa	2025-05-20	656	STable S8	Dinurus tornatus (metacercaria, this study)			Dinurus tornatus TW1042 genes for 5.8S rRNA, ITS2, 28S rRNA, partial and complete sequence	45379a260bec79edffbf6a6e7f7e15131b8096c19b98ae4ec97318224754f7b7
LC889202.1	LC889202	ITS2	Dinurus barbatus	Dinurus barbatus	Coryphaena hippurus	TW1077	adult	Japan:Shizuoka	2024-08-08	597	STable S8	Dinurus barbatus (marita, this study)			Dinurus barbatus TW1077 genes for 5.8S rRNA, ITS2, 28S rRNA, partial and complete sequence	8c5b82e3cba6ac9f3db57bf63d6a25585d091a37e923ba154669a80b11b733e5
LC889203.1	LC889203	ITS2	Dinurus barbatus	Dinurus barbatus	Coryphaena hippurus	TW1078	adult	Japan:Iwate	2024-09-20	677	STable S8	Dinurus barbatus (marita, this study)			Dinurus barbatus TW1078 genes for 5.8S rRNA, ITS2, 28S rRNA, partial and complete sequence	5d44c3cf83ad0c416171f40b28504601240b5528e026a6e3ca75db6f4538f73a
LC889204.1	LC889204	ITS2	Dinurus barbatus	Dinurus barbatus	Coryphaena hippurus	TW1065	adult	Japan:Okinawa	2018-12-17	665	STable S8	Dinurus barbatus (marita, this study)			Dinurus barbatus TW1065 genes for 5.8S rRNA, ITS2, 28S rRNA, partial and complete sequence	56a25f0b2e0a4ff03ff751d4529f3e44a95e98da3fdad875b64978dd7253d0f2
LC889205.1	LC889205	COI	Tetrochetus coryphaenae	Tetrochetus coryphaenae	Coryphaena hippurus	TW981	adult	Japan:Okinawa	2018-12-17	419	STable_S2	Tetrochetus coryphaenae (marita, 'T. coryphaenae' type, this study)			Tetrochetus coryphaenae TW981 mitochondrial COX1 gene for cytochrome c oxidase subunit 1, partial cds	0fb3d92b5e85017464bbe47cf72779c461e0219443192ca48bf63c8abcd39f8d
LC889206.1	LC889206	COI	Tetrochetus coryphaenae	Tetrochetus coryphaenae	Coryphaena hippurus	TW1344	adult	Japan:Kochi	2025-04-24	429	STable_S2	Tetrochetus coryphaenae (marita, 'T. coryphaenae' type, this study)			Tetrochetus coryphaenae TW1344 mitochondrial COX1 gene for cytochrome c oxidase subunit 1, partial cds	7066b32a9f2f81d5ddc45665438aa875180f0f48431995af9513215b2aa7f2f0
LC889207.1	LC889207	COI	Tetrochetus coryphaenae	Tetrochetus coryphaenae	Echeneis naucrates	TW708	adult	Japan:Kochi	2022-02-17	379	STable_S2	Tetrochetus coryphaenae (marita, 'T. coryphaenae' type, this study)			Tetrochetus coryphaenae TW708 mitochondrial COX1 gene for cytochrome c oxidase subunit 1, partial cds	a5c08f782d89c5e1f2c39c38af1f962b3323ac28b8e5bf37a0464b2027875e55
LC889208.1	LC889208	COI	Tetrochetus coryphaenae	Tetrochetus coryphaenae	Canthidermis maculata	T100	adult	Japan:Fukui	2022-12-30	900	STable_S2	Tetrochetus coryphaenae (marita, 'T. coryphaenae' type, this study)			Tetrochetus coryphaenae T100 mitochondrial COX1 gene, cytochrome c oxidase subunit 1, partial sequence	22eaa20aa8fd762d8f08220bd8f254d7d9fe5fff0b938583719156b1cc12bdd2
LC889209.1	LC889209	COI	Tetrochetus coryphaenae	Tetrochetus coryphaenae	Aluterus scriptus	T101	adult	Japan:Fukui	2022-12-30	900	STable_S2	Tetrochetus coryphaenae (marita, 'T. coryphaenae' type, this study)			Tetrochetus coryphaenae T101 mitochondrial COX1 gene, cytochrome c oxidase subunit 1, partial sequence	22eaa20aa8fd762d8f08220bd8f254d7d9fe5fff0b938583719156b1cc12bdd2
LC889210.1	LC889210	COI	Tetrochetus coryphaenae	Tetrochetus coryphaenae	Lagocephalus spadiceus	TW1341	adult	Japan:Kochi	2025-05-15	867	STable_S2	Tetrochetus coryphaenae (marita, 'T. hamadai' type, this study)			Tetrochetus coryphaenae TW1341 mitochondrial COX1 gene, cytochrome c oxidase subunit 1, partial sequence	d86630e6567fcc7c48fc850fc125552c356740adb4530d421e1f611e9971a4b5
LC889211.1	LC889211	COI	Tetrochetus coryphaenae	Tetrochetus coryphaenae	Lagocephalus spadiceus	TW1342	adult	Japan:Kochi	2025-05-15	862	STable_S2	Tetrochetus coryphaenae (marita, 'T. hamadai' type, this study)			Tetrochetus coryphaenae TW1342 mitochondrial COX1 gene, cytochrome c oxidase subunit 1, partial sequence	9e4ce01fcd3daa8009f95bddeb84aae475ebc8cfac900a1aab334c0b69b47dd2
LC889212.1	LC889212	COI	Tetrochetus coryphaenae	Tetrochetus coryphaenae	Lagocephalus spadiceus	TW1343	adult	Japan:KOchi	2025-05-15	851	STable_S2	Tetrochetus coryphaenae (marita, 'T. hamadai' type, this study)			Tetrochetus coryphaenae TW1343 mitochondrial COX1 gene, cytochrome c oxidase subunit 1, partial sequence	27469a336f41475fc704b709d8171878f6a97c2d172bef39e3bfe7346d969d2a
LC889213.1	LC889213	COI	Tetrochetus coryphaenae	Tetrochetus coryphaenae	Lagocephalus cheesemanii	N10	adult	Japan:Chiba	2025-01-20	840	STable_S2	Tetrochetus coryphaenae (marita, 'T. hamadai' type, this study)			Tetrochetus coryphaenae N10 mitochondrial COX1 gene, cytochrome c oxidase subunit 1, partial sequence	27f614be49e937cd51b360a8cdf52cbaea8f8639a50af3f6376ae862449529ba
LC889214.1	LC889214	COI	Tetrochetus coryphaenae	Tetrochetus coryphaenae	Arothron firmamentum	AA2	adult	Japan:Kochi	2025	817	STable_S2	Tetrochetus coryphaenae (marita, 'T. coryphaenae' type, this study)			Tetrochetus coryphaenae AA2 mitochondrial COX1 gene, cytochrome c oxidase subunit 1, partial sequence	656d3729da38883e774300b0fd23ce1c5ec611a98529e0559906ca7993a0b8a2
LC889215.1	LC889215	COI	Tetrochetus coryphaenae	Tetrochetus coryphaenae	Elagatis bipinnulata	TW1152	metacercaria	Japan:Chiba	2024-11-16	838	STable_S2	Tetrochetus coryphaenae (metacercaria, this study)			Tetrochetus coryphaenae TW1152 mitochondrial COX1 gene, cytochrome c oxidase subunit 1, partial sequence	926345ce538526f7fe5f8fec8101ddce54325ffab3dc93d5b770d9d95a79cc34
LC889216.1	LC889216	COI	Tetrochetus coryphaenae	Tetrochetus coryphaenae	Physalia utriculus	TW1114	metacercaria	Japan:Ibaraki	2024-10-14	425	STable_S2	Tetrochetus coryphaenae (metacercaria, this study)			Tetrochetus coryphaenae TW1114 mitochondrial COX1 gene for cytochrome c oxidase subunit 1, partial cds	ae57d5db97a885d621008e92aae68d895faedec13e7934aa25f6882b8421872e
LC889217.1	LC889217	COI	Tetrochetus coryphaenae	Tetrochetus coryphaenae	Physalia utriculus	TW1045	metacercaria	Japan:Kanagawa	2024-08-13	890	STable_S2	Tetrochetus coryphaenae (metacercaria, this study)			Tetrochetus coryphaenae TW1045 mitochondrial COX1 gene, cytochrome c oxidase subunit 1, partial sequence	d7e1e452b4a93d8572212ed687b40a67afcfaf6c8bc3aa067cc724e40a6eab9a
LC889218.1	LC889218	COI	Tetrochetus coryphaenae	Tetrochetus coryphaenae	Physalia utriculus	TW1058	metacercaria	Japan:Kanagawa	2024-08-25	376	STable_S2	Tetrochetus coryphaenae (metacercaria, this study)			Tetrochetus coryphaenae TW1058 mitochondrial COX1 gene for cytochrome c oxidase subunit 1, partial cds	0338a3b7fff8a630775a5a5b74b54e9f2dc6dd8fa14690fe4d09b6eada245819
LC889219.1	LC889219	COI	Tetrochetus coryphaenae	Tetrochetus coryphaenae	Physalia utriculus	TW1059	metacercaria	Japan:Kanagawa	2024-08-25	417	STable_S2	Tetrochetus coryphaenae (metacercaria, this study)			Tetrochetus coryphaenae TW1059 mitochondrial COX1 gene for cytochrome c oxidase subunit 1, partial cds	dec08ae00a784d14855a28e791e771847c07e25300a3b57fa8341eecfcd3bb73
LC889220.1	LC889220	COI	Tetrochetus coryphaenae	Tetrochetus coryphaenae	Velella velella	TW1107	metacercaria	Japan:Ibaraki	2024-10-14	425	STable_S2	Tetrochetus coryphaenae (metacercaria, this study)			Tetrochetus coryphaenae TW1107 mitochondrial COX1 gene for cytochrome c oxidase subunit 1, partial cds	baeff4d9976c9941bd09df8870026138718cdef6d322798ad83ad1e2d29d762d
LC889221.1	LC889221	COI	Tetrochetus coryphaenae	Tetrochetus coryphaenae	Chaetognatha sp.	YASEKINE	metacercaria	Japan:Chiba	2025-01-13	397	STable_S2	Tetrochetus coryphaenae (metacercaria, this study)			Tetrochetus coryphaenae YASEKINE mitochondrial COX1 gene for cytochrome c oxidase subunit 1, partial cds	39080bf0963fb6dd2030910e2ea91ec5f5e0e928e679e6de20d1c1a7cd3e40c3
LC889222.1	LC889222	COI	Bathycotyle branchialis	Bathycotyle branchialis	Coryphaena hippurus	TW1057	adult	Japan:Iwate	2024-09-20	860	STable S4	Bathycotyle branchialis (metacercaria, this study)			Bathycotyle branchialis TW1057 mitochondrial COX1 gene, cytochrome c oxidase subunit 1, partial sequence	9b7e7f9b64edd4c91e1c2f56394521fb4b315858b1df17fb881175b5bde77e87
LC889223.1	LC889223	COI	Bathycotyle branchialis	Bathycotyle branchialis	Coryphaena hippurus	TW1070	metacercaria	Japan:Kochi	2018-06-02	836	STable S4	Bathycotyle branchialis (marita, this study)			Bathycotyle branchialis TW1070 mitochondrial COX1 gene, cytochrome c oxidase subunit 1, partial sequence	d04f80cb751e547900174dac161eff8ef25a3c0a55d701f6623ce088adea3f58
LC889224.1	LC889224	COI	Dinurus tornatus	Dinurus tornatus	Coryphaena hippurus	TW1033	adult	Japan:Shizuoka	2024-08-08	412	STable_S7	Dinurus tornatus (marita, this study)			Dinurus tornatus TW1033 mitochondrial COX1 gene for cytochrome c oxidase subunit 1, partial cds	f7644dc7a46419354606207bb42a52483e7650633ee749bdf619db77cda9865b
LC889225.1	LC889225	COI	Dinurus tornatus	Dinurus tornatus	Coryphaena hippurus	TW1034	adult	Japan:Shizuoka	2024-08-08	398	STable_S7	Dinurus tornatus (marita, this study)			Dinurus tornatus TW1034 mitochondrial COX1 gene for cytochrome c oxidase subunit 1, partial cds	5fafa28998b3442381cb812afd4e76ecd34e404e6f8ecf343c13bd626030e207
LC889226.1	LC889226	COI	Dinurus tornatus	Dinurus tornatus	Coryphaena hippurus	TW1035	adult	Japan:Shizuoka	2024-08-08	420	STable_S7	Dinurus tornatus (marita, this study)			Dinurus tornatus TW1035 mitochondrial COX1 gene for cytochrome c oxidase subunit 1, partial cds	1deda20f3525d5a544b234d256f452f82cadf5edbd5be9a01435c3efe54bb6ba
LC889227.1	LC889227	COI	Dinurus tornatus	Dinurus tornatus	Coryphaena hippurus	TW1037	adult	Japan:Shizuoka	2024-08-08	418	STable_S7	Dinurus tornatus (marita, this study)			Dinurus tornatus TW1037 mitochondrial COX1 gene for cytochrome c oxidase subunit 1, partial cds	7a5313a6c01808d7a423af526c47c3f34f8fb9e4949bdd6e685717f59233f8c5
LC889228.1	LC889228	COI	Dinurus tornatus	Dinurus tornatus	Coryphaena hippurus	TW1072	adult	Japan:Iwate	2024-09-20	421	STable_S7	Dinurus tornatus (marita, this study)			Dinurus tornatus TW1072 mitochondrial COX1 gene for cytochrome c oxidase subunit 1, partial cds	4913c4839fafafe69337e98f33b962e870945d063c73d35916080fafdd423618
LC889229.1	LC889229	COI	Dinurus tornatus	Dinurus tornatus	Coryphaena hippurus	TW1076	adult	Japan:Shizuoka	2024-08-08	418	STable_S7	Dinurus tornatus (marita, this study)			Dinurus tornatus TW1076 mitochondrial COX1 gene for cytochrome c oxidase subunit 1, partial cds	625214a8fa6efc77bef3b9beb781db682de26d6589b773e4245d4000c0f7d6f2
LC889230.1	LC889230	COI	Dinurus tornatus	Dinurus tornatus	Coryphaena hippurus	TW1073	adult	Japan:Iwate	2024-09-20	419	STable_S7	Dinurus tornatus (marita, this study)			Dinurus tornatus TW1073 mitochondrial COX1 gene for cytochrome c oxidase subunit 1, partial cds	b6ba97a3b1f91570f22271837e96053a8dbd59491920da76087a567614e038a8
LC889231.1	LC889231	COI	Dinurus tornatus	Dinurus tornatus	Coryphaena hippurus	TW1243	adult	Japan:Shizuoka	2024-08-08	400	STable_S7	Dinurus tornatus (marita, this study)			Dinurus tornatus TW1243 mitochondrial COX1 gene for cytochrome c oxidase subunit 1, partial cds	c6db722495821882136524157cff9e63b3fd806f8494d293ff58ee02d3b7348b
LC889232.1	LC889232	COI	Dinurus tornatus	Dinurus tornatus	Coryphaena hippurus	TW1246	adult	Japan:Shizuoka	2024-08-08	407	STable_S7	Dinurus tornatus (marita, this study)			Dinurus tornatus TW1246 mitochondrial COX1 gene for cytochrome c oxidase subunit 1, partial cds	b8f859d3a912812aa2861994cb853ad1819cfa7caa22cd272d62887e9b5f67aa
LC889233.1	LC889233	COI	Dinurus tornatus	Dinurus tornatus	Coryphaena hippurus	TW1247	adult	Japan:Shizuoka	2024-08-08	855	STable_S7	Dinurus tornatus (marita, this study)			Dinurus tornatus TW1247 mitochondrial COX1 gene, cytochrome c oxidase subunit 1, partial sequence	14a4dced571bac00f7b3a606989c380998c610f9c788cedbe5db8d0547acd8e5
LC889234.1	LC889234	COI	Dinurus tornatus	Dinurus tornatus	Physalia utriculus	AA9	metacercaria	Japan:Kanagawa	2025-05-20	863	STable_S7	Dinurus tornatus (metacercaria, this study)			Dinurus tornatus AA9 mitochondrial COX1 gene, cytochrome c oxidase subunit 1, partial sequence	4eb2dd66bb6540b9f3fdbddd65e8dba92b57885ec110de075bf2b0ab22c1172a
LC889235.1	LC889235	COI	Dinurus tornatus	Dinurus tornatus	Physalia utriculus	AA10	metacercaria	Japan:Kanagawa	2025-05-20	867	STable_S7	Dinurus tornatus (metacercaria, this study)			Dinurus tornatus AA10 mitochondrial COX1 gene, cytochrome c oxidase subunit 1, partial sequence	e7f257fd5797a95fca14694d17a4732e547fcf4133020d78e4ef4885e60a6613
LC889236.1	LC889236	COI	Dinurus tornatus	Dinurus tornatus	Coryphaena hippurus	TW1062	adult	Japan:Okinawa	2018-12-17	822	STable_S7	Dinurus tornatus (marita, this study)			Dinurus tornatus TW1062 mitochondrial COX1 gene, cytochrome c oxidase subunit 1, partial sequence	2b79ee64e9dfe0d8cec73d0b4f8baeac210f45bcaed646c223fd6a59eec53d3e
LC889237.1	LC889237	COI	Dinurus barbatus	Dinurus barbatus	Coryphaena hippurus	TW1077	adult	Japan:Shizuoka	2024-08-08	789				NCBI pubmed_nuccore link for PMID41424079; GenBank article title verified	Dinurus barbatus TW1077 mitochondrial COX1 gene, cytochrome c oxidase subunit 1, partial sequence	b9926a4d1151d3ff61821545c678d8d0109162bd1895ac9308394b6984704f46
LC889238.1	LC889238	COI	Prodistomum Type 4	Prodistomum sp. T4_TW1353	Chrysaora pacifica	T4_TW1353	metacercaria	Japan:Chiba	2025-06-12	819	STable_S12	Prodistomum Type 4 (metacercaria, this study)			Prodistomum sp. T4_TW1353 mitochondrial COX1 gene, cytochrome c oxidase subunit 1, partial sequence	0a8692f2e91a10442f43a2bc955a7d70a161ba71860b47a2fde52613235db226
LC889239.1	LC889239	COI	Prodistomum Type 4	Prodistomum sp. T4A28	Urashimea globosa	T4A28	metacercaria	Japan:Kanagawa	2025-05-12	850	STable_S12	Prodistomum Type 4 (metacercaria, this study)			Prodistomum sp. T4A28 mitochondrial COX1 gene, cytochrome c oxidase subunit 1, partial sequence	2a0f454e655bf3ed28b0371c4c0c7c9c12af09ae5376f055ffe9df1161a6944d
LC889240.1	LC889240	COI	Prodistomum Type 4	Prodistomum sp. T4AA8	Physalia utriculus	T4AA8	metacercaria	Japan:Kanagawa	2025-05-20	786	STable_S12	Prodistomum Type 4 (metacercaria, this study)			Prodistomum sp. T4AA8 mitochondrial COX1 gene, cytochrome c oxidase subunit 1, partial sequence	c79761cea582efaca619ecdbdbd37111efebcbfb7b0c0ea686d30520982af8ba
LC889241.1	LC889241	COI	Prodistomum Type 4	Prodistomum sp. T4_AA3	Physalia utriculus	T4_AA3	metacercaria	Japan:Kanagawa	2025-05-20	847	STable_S12	Prodistomum Type 4 (metacercaria, this study)			Prodistomum sp. T4_AA3 mitochondrial COX1 gene, cytochrome c oxidase subunit 1, partial sequence	bfc778575231c100e2bae32ee2befc01c0a7572e426df34ccfa8a12477a7a721
LC889242.1	LC889242	COI	Prodistomum Type 4	Prodistomum sp. T4AA7	Physalia utriculus	T4AA7	metacercaria	Japan:Kanagawa	2025-05-20	849	STable_S12	Prodistomum Type 4 (metacercaria, this study)			Prodistomum sp. T4AA7 mitochondrial COX1 gene, cytochrome c oxidase subunit 1, partial sequence	5a7eb9389f873c793db782c9b2532573d1ad8334132a70a82a284b4665a3da15
LC889243.1	LC889243	COI	Prodistomum Type 4	Prodistomum sp. T4AA11	Physalia utriculus	T4AA11	metacercaria	Japan:Kanagawa	2025-05-20	880	STable_S12	Prodistomum Type 4 (metacercaria, this study)			Prodistomum sp. T4AA11 mitochondrial COX1 gene, cytochrome c oxidase subunit 1, partial sequence	27dea40a78242815f55dcaa024b04f01f0696c4eccde593d39ea21aecaf5298e
LC889244.1	LC889244	COI	Prodistomum Type 4	Prodistomum sp. T4AA16	Physalia utriculus	T4AA16	metacercaria	Japan:Kanagawa	2025-05-20	810	STable_S12	Prodistomum Type 4 (metacercaria, this study)			Prodistomum sp. T4AA16 mitochondrial COX1 gene, cytochrome c oxidase subunit 1, partial sequence	5f9ad16ceae837c16798822fa942845841cbc7180a6de349751a3f6ce7b7d9eb
LC889245.1	LC889245	COI	Prodistomum Type 4	Prodistomum sp. T4AA18	Physalia utriculus	T4AA18	metacercaria	Japan:Kanagawa	2025-05-20	852	STable_S12	Prodistomum Type 4 (metacercaria, this study)			Prodistomum sp. T4AA18 mitochondrial COX1 gene, cytochrome c oxidase subunit 1, partial sequence	4ad365068aee318bd8b334555b7c749c7872d3235fb855bc64b0d4830aa3d665
LC889246.1	LC889246	COI	Prodistomum Type 4	Prodistomum sp. T4AA20	Physalia utriculus	T4AA20	metacercaria	Japan:Kanagawa	2025-05-20	781	STable_S12	Prodistomum Type 4 (metacercaria, this study)			Prodistomum sp. T4AA20 mitochondrial COX1 gene, cytochrome c oxidase subunit 1, partial sequence	9ce0dedbd682680f04bd051a5a0afc42dcb6ee72f973444cccf01ac3304e626c
LC889247.1	LC889247	COI	Prodistomum Type 4	Prodistomum sp. T4AA25	Physalia utriculus	T4AA25	metacercaria	Japan:Kanagawa	2025-05-20	857	STable_S12	Prodistomum Type 4 (metacercaria, this study)			Prodistomum sp. T4AA25 mitochondrial COX1 gene, cytochrome c oxidase subunit 1, partial sequence	2e53c4666e771df8b60c05ec8a3711fc4f6462d2471be8bdc7724dd4366e2270
LC889248.1	LC889248	COI	Prodistomum sp. 1	Prodistomum sp. 1A36	Urashimea globosa	1A36	metacercaria	Japan:Kanagawa	2025-05-12	776	STable_S12	Prodistomum sp. 1 (metacercaria, this study)			Prodistomum sp. 1A36 mitochondrial COX1 gene, cytochrome c oxidase subunit 1, partial sequence	1d7efa6486341717a742f8f6a3abab90f336f6a5e8ae597f8b8bce967c410a7b
LC889249.1	LC889249	COI	Prodistomum sp. 1	Prodistomum sp. 1TW1339	Coryphaena hippurus	1TW1339	adult	Japan:Kochi	2025-05-15	428	STable_S12	Prodistomum sp. 1 (marita, this study)			Prodistomum sp. 1TW1339 mitochondrial COX1 gene for cytochrome c oxidase subunit 1, partial cds	63a10f93d1ff956edb9d41fb5b4894077f93e1b2baf46ff9889b7acd8ef4c589
LC889250.1	LC889250	COI	Prodistomum sp. 1	Prodistomum sp. 1TW1223	Scomber japonicus	1TW1223	adult	Japan:Iwate	2024-10-30	437	STable_S12	Prodistomum sp. 1 (marita, this study)			Prodistomum sp. 1TW1223 mitochondrial COX1 gene for cytochrome c oxidase subunit 1, partial cds	e42d14b93da38004f1954a8d1d7f0db8655db97f87079f82652f369780b7cc3b
LC889251.1	LC889251	COI	Prodistomum sp. 2	Prodistomum sp. 2TW1276	Aurelia coerulea	2TW1276	metacercaria	Japan:Kyoto	2025-03-22	833	STable_S12	Prodistomum sp. 2 (metacercaria, this study)			Prodistomum sp. 2TW1276 mitochondrial COX1 gene, cytochrome c oxidase subunit 1, partial sequence	bdcc5413f176092e7b04516fc328f860c742b9d51a473ebb7bc21e5f9d80bfc3
LC889252.1	LC889252	COI	Prodistomum orientale	Prodistomum orientale	Clytia sp.	TW1087	metacercaria	Japan:Ehime	2024-09-26	426	STable_S12	Prodistomum orientale (metacercaria, this study)			Prodistomum orientale TW1087 mitochondrial COX1 gene for cytochrome c oxidase subunit 1, partial cds	3b9812978447af008eed5d814a1af83c743cc4347f8f9c2b351f29f62d4488c6
LC889253.1	LC889253	COI	Prodistomum orientale	Prodistomum orientale	Coryphaena hippurus	TW1337	adult	Japan:Kochi	2025-05-15	758	STable_S12	Prodistomum orientale (marita, this study)			Prodistomum orientale TW1337 mitochondrial COX1 gene for cytochrome c oxidase subunit 1, partial cds	66101ce95a064085237d3cbc121d978eb5fa96f6e3a8b55d38e97a64a8533b40
LC889254.1	LC889254	COI	Prodistomum orientale	Prodistomum orientale	Coryphaena hippurus	TW1338	adult	Japan:Kochi	2025-05-15	758	STable_S12	Prodistomum orientale (marita, this study)			Prodistomum orientale TW1338 mitochondrial COX1 gene for cytochrome c oxidase subunit 1, partial cds	29369e605236dbe0ef8ffafb5fda6283c9f46b1f9eaa1d819e0d3689477ca617
LC889255.1	LC889255	COI	Prodistomum orientale	Prodistomum orientale	Scomber japonicus	TW1156	adult	Japan:Chiba	2024-11-10	771	STable_S12	Prodistomum orientale (marita, this study)			Prodistomum orientale TW1156 mitochondrial COX1 gene for cytochrome c oxidase subunit 1, partial cds	009017cb66412dc75cf5d6a92e31723cc06a0dcfa28d63cba11e18db3dd16922
LC889256.1	LC889256	COI	Prodistomum orientale	Prodistomum orientale	Physalia utriculus	AA5	metacercaria	Japan:Kanagawa	2025-05-20	780	STable_S12	Prodistomum orientale (metacercaria, this study)			Prodistomum orientale AA5 mitochondrial COX1 gene, cytochrome c oxidase subunit 1, partial sequence	53617027f0d780ab5490ba0cb727b1e9af2839f1ff6c1f47b7dd6116fe8bf3e1
LC889257.1	LC889257	COI	Prodistomum orientale	Prodistomum orientale	Physalia utriculus	AA4	metacercaria	Japan:Kanagawa	2025-05-20	833	STable_S12	Prodistomum orientale (metacercaria, this study)			Prodistomum orientale AA4 mitochondrial COX1 gene, cytochrome c oxidase subunit 1, partial sequence	206ad14578e4b6cdb927a1a76f4ba6cdaba9b8afd2bd371b4c087629a0976799
LC889258.1	LC889258	COI	Prodistomum orientale	Prodistomum orientale	Chrysaora pacifica	TW1354	metacercaria	Japan:Chiba	2025-06-12	835	STable_S12	Prodistomum orientale (metacercaria, this study)			Prodistomum orientale TW1354 mitochondrial COX1 gene, cytochrome c oxidase subunit 1, partial sequence	c92576135c297d23da86334bd1f2c87afd924d90425b4426cb558df9f76e08b5
LC889259.1	LC889259	COI	Prodistomum orientale	Prodistomum orientale	Chrysaora pacifica	TW1355	metacercaria	Japan:Chiba	2025-06-12	777	STable_S12	Prodistomum orientale (metacercaria, this study)			Prodistomum orientale TW1355 mitochondrial COX1 gene, cytochrome c oxidase subunit 1, partial sequence	8873cde1b1782c8c515a8952e153a419aea569a47dbf0d18676e3f460837cb52
LC889260.1	LC889260	COI	Prodistomum orientale	Prodistomum orientale	Chrysaora pacifica	TW1356	metacercaria	Japan:Chiba	2025-06-12	755	STable_S12	Prodistomum orientale (metacercaria, this study)			Prodistomum orientale TW1356 mitochondrial COX1 gene for cytochrome c oxidase subunit 1, partial cds	9b7c8a79fafa2200d7f835f38432893665ca3c679749a313e5207947fa4cbaeb
LC889261.1	LC889261	COI	Prodistomum orientale	Prodistomum orientale	Chrysaora pacifica	TW1357	metacercaria	Japan:Chiba	2025-06-12	825	STable_S12	Prodistomum orientale (metacercaria, this study)			Prodistomum orientale TW1357 mitochondrial COX1 gene, cytochrome c oxidase subunit 1, partial sequence	541c173bda584bc9047123af4f405f6a1d09f4c953742308efa0064b1f687ee6
LC889262.1	LC889262	COI	Prodistomum orientale	Prodistomum orientale	Urashimea globosa	TW1360	metacercaria	Japan:Kanagawa	2025-05-12	793	STable_S12	Prodistomum orientale (metacercaria, this study)			Prodistomum orientale TW1360 mitochondrial COX1 gene, cytochrome c oxidase subunit 1, partial sequence	ee68f01f7426a1958d47d41b2b2463f91033cfffeb4d3262cf7cfbfb5e1c7492
LC889263.1	LC889263	COI	Prodistomum orientale	Prodistomum orientale	Urashimea globosa	TW1362	metacercaria	Japan:kanagawa	2025-05-12	784	STable_S12	Prodistomum orientale (metacercaria, this study)			Prodistomum orientale TW1362 mitochondrial COX1 gene, cytochrome c oxidase subunit 1, partial sequence	e85c77e2fcd0b06279a495242ac747c963cf74be1b4795b1f0f99f9b9184c5b1
LC889264.1	LC889264	COI	Prodistomum orientale	Prodistomum orientale	Aurelia coerulea	TW1275	metacercaria	Japan:Kyoto	2025-03-22	821	STable_S12	Prodistomum orientale (metacercaria, this study)			Prodistomum orientale TW1275 mitochondrial COX1 gene, cytochrome c oxidase subunit 1, partial sequence	5d89ec56a38a32651f1d955b281b57e4867fd811207a81d14ffb4405ffc52dc3
LC889265.1	LC889265	COI	Cephalolepidapedon saba	Cephalolepidapedon saba	Scomber japonicus	TW1146	adult	Japan:Chiba	2024-11-08	837	STable S9	Cephalolepidapedon saba (marita, this study)			Cephalolepidapedon saba TW1146 mitochondrial COX1 gene, cytochrome c oxidase subunit 1, partial sequence	c40874bcfe1b07c59c6a32afca889185fcf8b5dd8b554e727c8d5f32faa717d0
LC889266.1	LC889266	COI	Cephalolepidapedon saba	Cephalolepidapedon saba	Scomber japonicus	TW1145	adult	Japan:Chiba	2024-11-08	804	STable S9	Cephalolepidapedon saba (marita, this study)			Cephalolepidapedon saba TW1145 mitochondrial COX1 gene, cytochrome c oxidase subunit 1, partial sequence	30a737e143f0611debce57689b683e2d63e610c54207cea4e5ede70338b8d3e7
LC889267.1	LC889267	COI	Cephalolepidapedon saba	Cephalolepidapedon saba	Physalia utriculus	AA6	metacercaria	Japan:kanagawa	2025-05-20	849	STable S9	Cephalolepidapedon saba (metacercaria, this study)			Cephalolepidapedon saba AA6 mitochondrial COX1 gene, cytochrome c oxidase subunit 1, partial sequence	99173cac402d1312105bafa58e6029e0ff1d92e310600e7990c910b5796be085
LC889268.1	LC889268	COI	Opechona sp. 1	Opechona sp. 1TW1358	Urashimea globosa	1TW1358	metacercaria	Japan:Kanagawa	2025-05-12	742			p15		Opechona sp. 1TW1358 mitochondrial COX1 gene, cytochrome c oxidase subunit 1, partial sequence	f3a20cd86814d6e44428d07b2b819f01f17f61e215740ce212c06d0db22b7534
LC889269.1	LC889269	COI	Opechona sp. 1	Opechona sp. 1TW1359	Urashimea globosa	1TW1359	metacercaria	Japan:Kanagawa	2025-05-12	782			p15		Opechona sp. 1TW1359 mitochondrial COX1 gene for cytochrome c oxidase subunit 1, partial cds	d53f349f97f74c603b4a9e150434b513f08c90581f62d930067b6c2e80f26670
LC889270.1	LC889270	COI	Lepocreadiidae sp. 1	Lepocreadiidae sp. 1AA13	Physalia utriculus	1AA13	metacercaria	Japan:kanagawa	2025-05-20	843			p18		Lepocreadiidae sp. 1AA13 mitochondrial COX1 gene, cytochrome c oxidase subunit 1, partial sequence	262dd142fba86b8aba89c6368947b8c30e02b119c1d03651101496a79bbd4aa0
LC889271.1	LC889271	COI	Lepocreadiidae sp. 1	Lepocreadiidae sp. 1AA14	Physalia utriculus	1AA14	metacercaria	Japan:Kanagawa	2025-05-20	852			p18		Lepocreadiidae sp. 1AA14 mitochondrial COX1 gene, cytochrome c oxidase subunit 1, partial sequence	220e27f8f928e2055f3c4567bb56fd329b1a7cb7a7c0f5b619bb8a6c337f4ca5
