sheet	xlsx_row	sequence_label	marker	original_accession_cell	accession
STable S1	6	Tetrochetus coryphaenae (marita, 'T. coryphaenae' type, this study)	28S	LC889164	LC889164
STable S1	7	Tetrochetus coryphaenae (marita, 'T. coryphaenae' type, this study)	28S	LC889165	LC889165
STable S1	8	Tetrochetus coryphaenae (marita, 'T. coryphaenae' type, this study)	28S	LC889166	LC889166
STable S1	9	Tetrochetus coryphaenae (marita, 'T. hamadai' type, this study)	28S	LC889167	LC889167
STable S1	11	Tetrochetus coryphaenae (marita, 'T. hamadai' type, this study)	28S	LC889168	LC889168
STable S1	13	Tetrochetus coryphaenae (metacercaria, this study)	28S	LC889169	LC889169
STable S1	14	Tetrochetus coryphaenae (metacercaria, this study)	28S	LC889170	LC889170
STable S1	16	Tetrochetus coryphaenae (metacercaria, this study)	28S	LC889171	LC889171
STable S1	18	Tetrochetus coryphaenae	28S	OR814155	OR814155
STable S1	19	Tetrochetus coryphaenae	28S	OR814156	OR814156
STable_S2	3	Tetrochetus coryphaenae (marita, 'T. coryphaenae' type, this study)	COI	LC889205	LC889205
STable_S2	4	Tetrochetus coryphaenae (marita, 'T. coryphaenae' type, this study)	COI	LC889206	LC889206
STable_S2	5	Tetrochetus coryphaenae (marita, 'T. coryphaenae' type, this study)	COI	LC889207	LC889207
STable_S2	6	Tetrochetus coryphaenae (marita, 'T. coryphaenae' type, this study)	COI	LC889208	LC889208
STable_S2	7	Tetrochetus coryphaenae (marita, 'T. coryphaenae' type, this study)	COI	LC889209	LC889209
STable_S2	8	Tetrochetus coryphaenae (marita, 'T. coryphaenae' type, this study)	COI	LC889214	LC889214
STable_S2	9	Tetrochetus coryphaenae (marita, 'T. hamadai' type, this study)	COI	LC889210	LC889210
STable_S2	10	Tetrochetus coryphaenae (marita, 'T. hamadai' type, this study)	COI	LC889211	LC889211
STable_S2	11	Tetrochetus coryphaenae (marita, 'T. hamadai' type, this study)	COI	LC889212	LC889212
STable_S2	12	Tetrochetus coryphaenae (marita, 'T. hamadai' type, this study)	COI	LC889213	LC889213
STable_S2	13	Tetrochetus coryphaenae (metacercaria, this study)	COI	LC889216	LC889216
STable_S2	14	Tetrochetus coryphaenae (metacercaria, this study)	COI	LC889217	LC889217
STable_S2	15	Tetrochetus coryphaenae (metacercaria, this study)	COI	LC889218	LC889218
STable_S2	16	Tetrochetus coryphaenae (metacercaria, this study)	COI	LC889219	LC889219
STable_S2	17	Tetrochetus coryphaenae (metacercaria, this study)	COI	LC889220	LC889220
STable_S2	18	Tetrochetus coryphaenae (metacercaria, this study)	COI	LC889215	LC889215
STable_S2	19	Tetrochetus coryphaenae (metacercaria, this study)	COI	LC889221	LC889221
STable S3	3	Bathycotyle branchialis (marita, this study)	28S	LC889173	LC889173
STable S3	4	Bathycotyle branchialis (metacercaria, this study)	28S	LC889174	LC889174
STable S3	5	Sclerodistomidae_sp._A	28S	OR814167	OR814167
STable S3	6	Sclerodistomidae_sp._A	28S	OR814166	OR814166
STable S3	7	Derogenes_lacustris	28S	LC586089	LC586089
STable S3	8	Derogenes_lacustris	28S	LC586090	LC586090
STable S3	9	Prosogonotrema_bilabiatum	28S	KU527431	KU527431
STable S3	10	Prosogonotrema_bilabiatum	28S	AY222191	AY222191
STable S3	11	Thometrema_patagonicum	28S	PV359505	PV359505
STable S3	12	Thometrema_patagonicum	28S	PV359504	PV359504
STable S3	13	Progonus_muelleri	28S	MW507470	MW507470
STable S3	14	Progonus_muelleri	28S	MW507469	MW507469
STable S3	15	Progonus_muelleri	28S	MW507471	MW507471
STable S3	16	Prosogonotrema_bilabiatum	28S	PP249923	PP249923
STable S3	17	Allogenarchopsis_problematica	28S	MH628313	MH628313
STable S4	3	Bathycotyle branchialis (marita, this study)	COI	LC889223	LC889223
STable S4	4	Bathycotyle branchialis (metacercaria, this study)	COI	LC889222	LC889222
STable S4	5	Derogenes_ruber	COI	OR245546	OR245546
STable S4	6	Derogenes_ruber	COI	OR141858	OR141858
STable S4	7	Derogenes_ruber	COI	OR141859	OR141859
STable S4	8	Derogenes_ruber	COI	OR245386	OR245386
STable S4	9	Genarchopsis goppo	COI	LC805309	LC805309
STable S4	10	Genarchopsis goppo	COI	LC805315	LC805315
STable S4	11	Genarchopsis goppo	COI	LC805313	LC805313
STable S4	12	Genarchopsis goppo	COI	LC805311	LC805311
STable S4	13	Genarchopsis goppo	COI	LC805329	LC805329
STable S4	14	Genarchopsis goppo	COI	LC805303	LC805303
STable S4	15	Genarchopsis goppo	COI	LC805299	LC805299
STable S4	16	Genarchopsis goppo	COI	LC805327	LC805327
STable S4	17	Genarchopsis goppo	COI	LC805306	LC805306
STable S4	18	Genarchopsis goppo	COI	LC805332	LC805332
STable S4	19	Genarchopsis goppo	COI	LC805330	LC805330
STable S4	20	Genarchopsis goppo	COI	LC805307	LC805307
STable S4	21	Genarchopsis goppo	COI	LC805333	LC805333
STable S4	22	Genarchopsis goppo	COI	LC805301	LC805301
STable S4	23	Genarchopsis goppo	COI	LC805317	LC805317
STable S4	24	Bunocotyle progenetica	COI	MT422321	MT422321
STable S4	25	Bunocotyle progenetica	COI	MT422334	MT422334
STable S4	26	Bunocotyle progenetica	COI	MT422323	MT422323
STable S4	27	Bunocotyle progenetica	COI	MT422324	MT422324
STable S4	28	Bunocotyle progenetica	COI	MT422320	MT422320
STable S4	29	Bunocotyle progenetica	COI	MT422331	MT422331
STable S4	30	Bunocotyle progenetica	COI	MT422327	MT422327
STable S4	31	Bunocotyle progenetica	COI	MT422338	MT422338
STable_S5	3	Bathycotyle branchialis (marita, this study)	ITS2	LC889194	LC889194
STable_S5	4	Bathycotyle branchialis (metacercaria, this study)	ITS2	LC889195	LC889195
STable_S5	5	Bathycotyle branchialis (metacercaria, this study)	ITS2	LC889196	LC889196
STable_S5	6	Sclerodistomidae_sp._A	ITS2	OR804325	OR804325
STable_S5	7	Hirudinella ventricosa	ITS2	LC655695	LC655695
STable_S5	8	Hirudinella ventricosa	ITS2	KC985232	KC985232
STable_S5	9	Metadidymozoon branchiale	ITS2	OP793498	OP793498
STable_S5	10	Metadidymozoon branchiale	ITS2	OP793500	OP793500
STable_S5	11	Metadidymozoon branchiale	ITS2	OP793499	OP793499
STable_S5	12	Didymocystis scomberomori	ITS2	KU341979	KU341979
STable_S6	3	Dinurus tornatus (marita, this study)	28S	LC889175	LC889175
STable_S6	4	Dinurus tornatus (marita, this study)	28S	LC889176	LC889176
STable_S6	5	Dinurus tornatus (metacercaria, this study)	28S	LC889177	LC889177
STable_S6	6	Dinurus tornatus	28S	OR814163	OR814163
STable_S6	7	Dinurus tornatus	28S	OR814162	OR814162
STable_S6	8	Dinurus barbatus (marita, this study)	28S	LC889178	LC889178
STable_S6	9	Dinurus barbatus (marita, this study)	28S	LC889179	LC889179
STable_S6	10	Hemiuridae_sp._A	28S	OR814164	OR814164
STable_S6	11	Hemiuridae_sp._A	28S	OR814165	OR814165
STable_S6	12	Dinurus longisinus	28S	AY222202	AY222202
STable_S6	13	Dinurus euthynni	28S	OP458333	OP458333
STable_S7	3	Dinurus tornatus (marita, this study)	COI	LC889224	LC889224
STable_S7	4	Dinurus tornatus (marita, this study)	COI	LC889225	LC889225
STable_S7	5	Dinurus tornatus (marita, this study)	COI	LC889226	LC889226
STable_S7	6	Dinurus tornatus (marita, this study)	COI	LC889227	LC889227
STable_S7	7	Dinurus tornatus (marita, this study)	COI	LC889228	LC889228
STable_S7	8	Dinurus tornatus (marita, this study)	COI	LC889229	LC889229
STable_S7	9	Dinurus tornatus (marita, this study)	COI	LC889230	LC889230
STable_S7	10	Dinurus tornatus (marita, this study)	COI	LC889231	LC889231
STable_S7	11	Dinurus tornatus (marita, this study)	COI	LC889232	LC889232
STable_S7	12	Dinurus tornatus (marita, this study)	COI	LC889233	LC889233
STable_S7	13	Dinurus tornatus (metacercaria, this study)	COI	LC889234	LC889234
STable_S7	14	Dinurus tornatus (metacercaria, this study)	COI	LC889235	LC889235
STable_S7	15	Dinurus tornatus (marita, this study)	COI	LC889236	LC889236
STable S8	3	Dinurus tornatus (marita, this study)	ITS2	LC889197	LC889197
STable S8	4	Dinurus tornatus (marita, this study)	ITS2	LC889198	LC889198
STable S8	5	Dinurus tornatus (marita, this study)	ITS2	LC889199	LC889199
STable S8	6	Dinurus tornatus (marita, this study)	ITS2	LC889200	LC889200
STable S8	7	Dinurus tornatus (metacercaria, this study)	ITS2	LC889201	LC889201
STable S8	8	Dinurus tornatus	ITS2	OR804311	OR804311
STable S8	9	Dinurus tornatus	ITS2	OR804298	OR804298
STable S8	10	Dinurus tornatus	ITS2	OR804307	OR804307
STable S8	11	Dinurus tornatus	ITS2	OR804299	OR804299
STable S8	12	Dinurus tornatus	ITS2	OR804301	OR804301
STable S8	13	Dinurus tornatus	ITS2	OR804304	OR804304
STable S8	14	Dinurus tornatus	ITS2	OR804312	OR804312
STable S8	15	Dinurus tornatus	ITS2	OR804303	OR804303
STable S8	16	Dinurus tornatus	ITS2	OR804300	OR804300
STable S8	17	Dinurus tornatus	ITS2	OR804297	OR804297
STable S8	18	Dinurus tornatus	ITS2	OR804315	OR804315
STable S8	19	Dinurus tornatus	ITS2	OR804314	OR804314
STable S8	20	Dinurus barbatus (marita, this study)	ITS2	LC889202	LC889202
STable S8	21	Dinurus barbatus (marita, this study)	ITS2	LC889203	LC889203
STable S8	22	Dinurus barbatus (marita, this study)	ITS2	LC889204	LC889204
STable S8	23	Hemiuridae sp. A	ITS2	OR804317	OR804317
STable S8	24	Hemiuridae sp. A	ITS2	OR804319	OR804319
STable S8	25	Dinurus euthynni	ITS2	OP458340	OP458340
STable S9	3	Cephalolepidapedon saba (marita, this study)	COI	LC889265	LC889265
STable S9	4	Cephalolepidapedon saba (marita, this study)	COI	LC889266	LC889266
STable S9	5	Cephalolepidapedon saba (metacercaria, this study)	COI	LC889267	LC889267
STable_S10	3	Opechona sp. 1 (metacercaria, this study)	28S	LC889182	LC889182
STable_S10	4	Opechona sp.	28S	PP768943	PP768943
STable_S10	5	Opechona cf.olssoni	28S	PP239555	PP239555
STable_S10	6	Opechona olssoni	28S	MT303947	MT303947
STable_S10	7	Opechona kahawai	28S	FJ788491	FJ788491
STable_S10	8	Opechona kahawai	28S	PP239556	PP239556
STable_S10	9	Opechona austrobacillaris	28S	MH157073	MH157073
STable_S10	10	Opechona sp.	28S	PV818719	PV818719
STable_S11	4	Prodistomum Type_4	28S	LC856701	LC856701
STable_S11	5	Prodistomum Type 4	28S	LC856702	LC856702
STable_S11	6	Prodistomum Type 4 (metacercaria, this study)	28S	LC889183	LC889183
STable_S11	7	Prodistomum Type_4	28S	PP239559	PP239559
STable_S11	8	Prodistomum Type_4	28S	PP239558	PP239558
STable_S11	9	Prodistomum Type 5	28S	PP239557	PP239557
STable_S11	10	Prodistomum keyam	28S	MH157074	MH157074
STable_S11	11	Prodistomum keyam	28S	FJ788493	FJ788493
STable_S11	12	Prodistomum sp. 2 (metacercaria, this study)	28S	LC889184	LC889184
STable_S11	13	Prodistomum alaskense	28S	MT303949	MT303949
STable_S11	14	Prodistomum alaskense	28S	MT303951	MT303951
STable_S11	15	Prodistomum alaskense	28S	MT303950	MT303950
STable_S11	16	Prodistomum alaskense	28S	MT303948	MT303948
STable_S11	17	Prodistomum Type 3	28S	PP239552	PP239552
STable_S11	18	Prodistomum orientale	28S	PP239553	PP239553
STable_S11	19	Prodistomum orientale	28S	MT299626	MT299626
STable_S11	20	Prodistomum orientale	28S	MT299625	MT299625
STable_S11	21	Prodistomum orientale (marita, this study)	28S	LC889185	LC889185
STable_S11	22	Prodistomum orientale (metacercaria, this study)	28S	LC889186	LC889186
STable_S11	23	Prodistomum sp. 1 (marita, this study)	28S	LC889187	LC889187
STable_S12	3	Prodistomum Type 4 (metacercaria, this study)	COI	LC889238	LC889238
STable_S12	4	Prodistomum Type 4 (metacercaria, this study)	COI	LC889239	LC889239
STable_S12	5	Prodistomum Type 4 (metacercaria, this study)	COI	LC889240	LC889240
STable_S12	6	Prodistomum Type 4 (metacercaria, this study)	COI	LC889241	LC889241
STable_S12	7	Prodistomum Type 4 (metacercaria, this study)	COI	LC889242	LC889242
STable_S12	8	Prodistomum Type 4 (metacercaria, this study)	COI	LC889243	LC889243
STable_S12	9	Prodistomum Type 4 (metacercaria, this study)	COI	LC889244	LC889244
STable_S12	10	Prodistomum Type 4 (metacercaria, this study)	COI	LC889245	LC889245
STable_S12	11	Prodistomum Type 4 (metacercaria, this study)	COI	LC889246	LC889246
STable_S12	12	Prodistomum Type 4 (metacercaria, this study)	COI	LC889247	LC889247
STable_S12	13	Prodistomum sp. 1 (metacercaria, this study)	COI	LC889248	LC889248
STable_S12	14	Prodistomum sp. 1 (marita, this study)	COI	LC889249	LC889249
STable_S12	15	Prodistomum sp. 1 (marita, this study)	COI	LC889250	LC889250
STable_S12	16	Prodistomum sp. 2 (metacercaria, this study)	COI	LC889251	LC889251
STable_S12	17	Prodistomum orientale (metacercaria, this study)	COI	LC889252	LC889252
STable_S12	18	Prodistomum orientale (marita, this study)	COI	LC889253	LC889253
STable_S12	19	Prodistomum orientale (marita, this study)	COI	LC889254	LC889254
STable_S12	20	Prodistomum orientale (marita, this study)	COI	LC889255	LC889255
STable_S12	21	Prodistomum orientale (metacercaria, this study)	COI	LC889256	LC889256
STable_S12	22	Prodistomum orientale (metacercaria, this study)	COI	LC889257	LC889257
STable_S12	23	Prodistomum orientale (metacercaria, this study)	COI	LC889258	LC889258
STable_S12	24	Prodistomum orientale (metacercaria, this study)	COI	LC889259	LC889259
STable_S12	25	Prodistomum orientale (metacercaria, this study)	COI	LC889260	LC889260
STable_S12	26	Prodistomum orientale (metacercaria, this study)	COI	LC889261	LC889261
STable_S12	27	Prodistomum orientale (metacercaria, this study)	COI	LC889262	LC889262
STable_S12	28	Prodistomum orientale (metacercaria, this study)	COI	LC889263	LC889263
STable_S12	29	Prodistomum orientale (metacercaria, this study)	COI	LC889264	LC889264
STable S13	3	Prodistomum orientale (Type 2, metacercaria, this study)	COI	LC889190	LC889190
STable S13	4	Prodistomum orientale (Type 2, marita, this study)	COI	LC889193	LC889193
STable S13	5	Prodistomum orientale (Type 2, marita, this study)	COI	LC889192	LC889192
STable S13	6	Prodistomum orientale (Type 2)	COI	PP270110	PP270110
STable S13	7	Prodistomum orientale (Type 2)	COI	PP270108	PP270108
STable S13	8	Prodistomum orientale (Type 2)	COI	PP270107	PP270107
STable S13	9	Prodistomum orientale (Type 2)	COI	PP270109	PP270109
STable S13	10	Prodistomum orientale (Type 2)	COI	PP270106	PP270106
STable S13	11	Prodistomum orientale (Type 1)	COI	PP270104	PP270104
STable S13	12	Prodistomum orientale (Type 1)	COI	PP270105	PP270105
STable S13	13	Prodistomum orientale (Type 1)	COI	PP270102	PP270102
STable S13	14	Prodistomum orientale (Type 1)	COI	PP270097	PP270097
STable S13	15	Prodistomum orientale (Type 1)	COI	PP270100	PP270100
STable S13	16	Prodistomum orientale (Type 1)	COI	PP270103	PP270103
STable S13	17	Prodistomum orientale (Type 1)	COI	PP270101	PP270101
STable S13	18	Prodistomum Type 3	COI	PP270115	PP270115
STable S13	19	Prodistomum Type 3	COI	PP270113	PP270113
STable S13	20	Prodistomum Type 3	COI	PP270112	PP270112
STable S13	21	Prodistomum Type 3	COI	PP270116	PP270116
STable S13	22	Prodistomum Type 3	COI	PP270114	PP270114
STable S13	23	Prodistomum Type 3	COI	PP270111	PP270111
STable S13	24	"Prodistomum Type 4 
(metacercaria, this study)"	COI	LC889191	LC889191
STable S13	25	Prodistomum Type 4	COI	PP270121	PP270121
STable S13	26	Prodistomum Type 4	COI	PP270120	PP270120
STable S13	27	Prodistomum Type 5	COI	PP270119	PP270119
