library_id	sample_id	species_current	host_genus	host_group	lifestyle	study	ocean_region	locality	collection_date	latitude	longitude	collection_year	tissue_raw	tissue_group	depth_m	depth_min_m	depth_max_m	depth_original	collection_depth_basis	collection_depth_source	depth_status	depth_group	flowcell_count	flowcells	single_flowcell_eligible	read_pairs	bacterial_targets	bacterial_detected	archaeal_targets	archaeal_detected	viral_targets	viral_detected	eukaryote_groups	eukaryote_detected	dt68_targets	dt68_detected	vibrio_targets	vibrio_detected	metamycoplasmataceae_targets	metamycoplasmataceae_detected	clade_a_targets	clade_a_detected	clade_b_targets	clade_b_detected	prey_groups	prey_detected	parasite_groups	parasite_detected	dt68_grade	MAGSP0005_detected	MAGSP0007_detected	MAGSP0010_detected
Ahuja2024:CWD16	Ahuja2024__CWD16	Nanomia bijuga	Nanomia	non_Physalia	pelagic	Ahuja2024	NW Atlantic	Atlantic Ocean	2002-06-08	37.45	-74.016667	2002	siphosome	siphosome	10	0	20		source_record	data/sources/Ahuja2024_Supplementary_Table_1.xlsx#Invertebrate.1.0!P37 | data/sources/Ahuja2026_journal.pone.0351247.s008.xlsx#Sheet1!I2 | https://www.ncbi.nlm.nih.gov/biosample/SAMN32803050	recorded_point_and_range	non_Physalia_0_20m	1	A01519:196:H53CJDSX5	true	313143022	0	0	0	0	2	1	0	0	0	0	0	0	0	0	0	0	0	0	0	0	0	0	not_detected	0	0	0
Ahuja2024:NA10	Ahuja2024__NA10	Resomia ornicephala	Resomia	non_Physalia	pelagic	Ahuja2024		Pacific Ocean	2006-05-16	35.648785	-122.737913	2006	siphosome	siphosome	286.25			286.25 meters	source_record	data/sources/Ahuja2024_Supplementary_Table_1.xlsx#Invertebrate.1.0!P42 | https://www.ncbi.nlm.nih.gov/biosample/SAMN32803055	recorded_point	non_Physalia_gt20m	4	A00124:419:HFNHJDSX3;A00124:432:HHGFNDSX3;A00124:527:H355KDSX5;A01519:133:HM2L3DSX3	false	572564997	15	1	0	0	1	1	0	0	1	1	0	0	1	1	0	0	0	0	0	0	0	0	high_confidence	0	0	0
Ahuja2024:NA11	Ahuja2024__NA11	Resomia ornicephala	Resomia	non_Physalia	pelagic	Ahuja2024		Pacific Ocean	2005-04-09	36.699	-122.0578	2005	siphosome	siphosome	235			235 meters	source_record	data/sources/Ahuja2024_Supplementary_Table_1.xlsx#Invertebrate.1.0!P43 | https://www.ncbi.nlm.nih.gov/biosample/SAMN32803056	recorded_point	non_Physalia_gt20m	2	A00124:419:HFNHJDSX3;A00124:432:HHGFNDSX3	false	169072426	2	1	0	0	1	1	0	0	1	1	0	0	1	1	0	0	0	0	0	0	0	0	high_confidence	0	0	0
Ahuja2026:NA19	Ahuja2026__NA19	Nanomia septata	Nanomia	non_Physalia	pelagic	Ahuja2026	NE Pacific	California	2013-02-11	36.69898	-122.05013	2013	siphosome	siphosome							unknown	non_Physalia_unknown	1	A01519:212:HHKVKDSX5	true	290181437	2	1	0	0	1	1	0	0	1	1	0	0	1	1	0	0	0	0	0	0	0	0	high_confidence	0	0	0
Ahuja2026:NA28	Ahuja2026__NA28	Nanomia sp.	Nanomia	non_Physalia	pelagic	Ahuja2026	NW Atlantic	Rhode Island	2013-08-30	41.03600	-71.39900	2013	siphosome	siphosome		0	20	0-20 m	source_record	data/sources/Ahuja2026_journal.pone.0351247.s008.xlsx#Sheet1!I13 | https://www.ncbi.nlm.nih.gov/biosample/SAMN48043655	recorded_range	non_Physalia_0_20m	1	A01519:267:HT37JDSX5	true	347173099	0	0	0	0	2	1	0	0	0	0	0	0	0	0	0	0	0	0	0	0	0	0	not_detected	0	0	0
Ahuja2026:NA29	Ahuja2026__NA29	Nanomia sp.	Nanomia	non_Physalia	pelagic	Ahuja2026	N Pacific	Hawai'i	2017-03-16	19.34417	-156.07585	2017	siphosome	siphosome		0	20	0-20 m	source_record	data/sources/Ahuja2026_journal.pone.0351247.s008.xlsx#Sheet1!I12 | https://www.ncbi.nlm.nih.gov/biosample/SAMN48043654	recorded_range	non_Physalia_0_20m	1	A01519:267:HT37JDSX5	true	519282453	3	1	0	0	0	0	0	0	0	0	0	0	0	0	0	0	0	0	0	0	0	0	not_detected	0	0	0
Ahuja2026:NA30	Ahuja2026__NA30	Nanomia bijuga	Nanomia	non_Physalia	pelagic	Ahuja2026	Mediterranean	France	2011-04-01	43.69000	7.31000	2011	siphosome	siphosome		0	20	0-20 m	source_record	data/sources/Ahuja2026_journal.pone.0351247.s008.xlsx#Sheet1!I17 | https://www.ncbi.nlm.nih.gov/biosample/SAMN48043659	recorded_range	non_Physalia_0_20m	1	A01519:267:HT37JDSX5	true	340904726	0	0	0	0	3	1	0	0	0	0	0	0	0	0	0	0	0	0	0	0	0	0	not_detected	0	0	0
Ahuja2026:NA31	Ahuja2026__NA31	Nanomia bijuga	Nanomia	non_Physalia	pelagic	Ahuja2026	Gulf of California	Gulf of California	2010-06-18	27.59167	-111.51667	2010	siphosome	siphosome		0	20	0-20 m	source_record	data/sources/Ahuja2026_journal.pone.0351247.s008.xlsx#Sheet1!I9 | https://www.ncbi.nlm.nih.gov/biosample/SAMN48043651	recorded_range	non_Physalia_0_20m	1	A00124:673:HFG3JDSX7	true	235457344	19	1	0	0	55	1	2	1	0	0	0	0	2	1	0	0	1	1	0	0	0	0	not_detected	0	0	1
Ahuja2026:NA32	Ahuja2026__NA32	Nanomia bijuga	Nanomia	non_Physalia	pelagic	Ahuja2026	Gulf of California	Gulf of California	2015-03-13	22.91667	-108.11667	2015	siphosome	siphosome		0	20	0-20 m	source_record	data/sources/Ahuja2026_journal.pone.0351247.s008.xlsx#Sheet1!I10 | https://www.ncbi.nlm.nih.gov/biosample/SAMN48043652	recorded_range	non_Physalia_0_20m	1	A00124:673:HFG3JDSX7	true	259007346	0	0	0	0	3	1	0	0	0	0	0	0	0	0	0	0	0	0	0	0	0	0	not_detected	0	0	0
Ahuja2026:NA33	Ahuja2026__NA33	Nanomia bijuga	Nanomia	non_Physalia	pelagic	Ahuja2026	Gulf of California	Gulf of California	2015-03-15	24.18333	-108.63333	2015	siphosome	siphosome		0	20	0-20 m	source_record	data/sources/Ahuja2026_journal.pone.0351247.s008.xlsx#Sheet1!I11 | https://www.ncbi.nlm.nih.gov/biosample/SAMN48043653	recorded_range	non_Physalia_0_20m	1	A00124:673:HFG3JDSX7	true	242303025	9	1	0	0	8	1	0	0	0	0	1	1	0	0	0	0	0	0	0	0	0	0	not_detected	0	0	0
Ahuja2026:NA34	Ahuja2026__NA34	Nanomia septata	Nanomia	non_Physalia	pelagic	Ahuja2026	NE Pacific	Washington	2024-06-16	48.54505	-123.01214	2024	siphosome	siphosome		0	20	0-20 m	source_record	data/sources/Ahuja2026_journal.pone.0351247.s008.xlsx#Sheet1!I18 | https://www.ncbi.nlm.nih.gov/biosample/SAMN48043660	recorded_range	non_Physalia_0_20m	1	LH00309:136:223TNKLT4	true	268286997	0	0	0	0	0	0	0	0	0	0	0	0	0	0	0	0	0	0	0	0	0	0	not_detected	0	0	0
Ahuja2026:NA35	Ahuja2026__NA35	Nanomia septata	Nanomia	non_Physalia	pelagic	Ahuja2026	NE Pacific	Washington	2024-06-16	48.54505	-123.01214	2024	siphosome	siphosome		0	20	0-20 m	source_record	data/sources/Ahuja2026_journal.pone.0351247.s008.xlsx#Sheet1!I19 | https://www.ncbi.nlm.nih.gov/biosample/SAMN48043661	recorded_range	non_Physalia_0_20m	2	LH00309:136:223TNKLT4;LH00309:140:223JTMLT4	false	306169783	5	1	0	0	0	0	0	0	0	0	0	0	0	0	0	0	0	0	0	0	0	0	not_detected	0	0	0
Ahuja2026:NA36	Ahuja2026__NA36	Nanomia septata	Nanomia	non_Physalia	pelagic	Ahuja2026	NE Pacific	Washington	2024-06-16	48.54505	-123.01214	2024	siphosome	siphosome		0	20	0-20 m	source_record	data/sources/Ahuja2026_journal.pone.0351247.s008.xlsx#Sheet1!I20 | https://www.ncbi.nlm.nih.gov/biosample/SAMN48043662	recorded_range	non_Physalia_0_20m	1	LH00309:136:223TNKLT4	true	212937761	0	0	0	0	0	0	0	0	0	0	0	0	0	0	0	0	0	0	0	0	0	0	not_detected	0	0	0
Ahuja2026:NA37	Ahuja2026__NA37	Nanomia sp.	Nanomia	non_Physalia	pelagic	Ahuja2026	N Pacific	Hawai'i	2024-04-12	19.61830	-156.08420	2024	siphosome	siphosome		0	20	0-20 m	source_record	data/sources/Ahuja2026_journal.pone.0351247.s008.xlsx#Sheet1!I21 | https://www.ncbi.nlm.nih.gov/biosample/SAMN48043663	recorded_range	non_Physalia_0_20m	1	LH00309:212:22CMLKLT3	true	311548114	10	1	1	1	3	1	5	1	0	0	1	1	0	0	0	0	0	0	1	1	0	0	not_detected	0	0	0
Ahuja2026:NA38	Ahuja2026__NA38	Nanomia sp.	Nanomia	non_Physalia	pelagic	Ahuja2026	N Pacific	Hawai'i	2024-04-12	19.61830	-156.08420	2024	siphosome	siphosome		0	20	0-20 m	source_record	data/sources/Ahuja2026_journal.pone.0351247.s008.xlsx#Sheet1!I22 | https://www.ncbi.nlm.nih.gov/biosample/SAMN48043664	recorded_range	non_Physalia_0_20m	1	LH00309:212:22CMLKLT3	true	336852859	10	1	0	0	2	1	0	0	0	0	0	0	0	0	0	0	0	0	0	0	0	0	not_detected	0	0	0
Ahuja2026:WS10	Ahuja2026__WS10	Nanomia septata	Nanomia	non_Physalia	pelagic	Ahuja2026	NE Pacific	California	2010-05-03	36.70092	-122.04954	2010	siphosome	siphosome	217			217	source_record	data/sources/Ahuja2026_journal.pone.0351247.s008.xlsx#Sheet1!I8 | https://www.ncbi.nlm.nih.gov/biosample/SAMN48043650	recorded_point	non_Physalia_gt20m	2	A01519:322:H7JNNDSX7;A01519:358:HJKNNDSX7	false	315228126	1	1	0	0	1	1	0	0	1	1	0	0	1	1	0	0	0	0	0	0	0	0	validated	0	0	0
Ahuja2026:WS2	Ahuja2026__WS2	Nanomia sp.	Nanomia	non_Physalia	pelagic	Ahuja2026	NW Atlantic	Rhode Island	2013-08-30	41.03600	-71.39900	2013	siphosome	siphosome		0	20	0-20 m	source_record	data/sources/Ahuja2026_journal.pone.0351247.s008.xlsx#Sheet1!I14 | https://www.ncbi.nlm.nih.gov/biosample/SAMN48043656	recorded_range	non_Physalia_0_20m	2	A01519:322:H7JNNDSX7;A01519:358:HJKNNDSX7	false	152222142	0	0	0	0	2	1	0	0	0	0	0	0	0	0	0	0	0	0	0	0	0	0	not_detected	0	0	0
Ahuja2026:WS3	Ahuja2026__WS3	Nanomia sp.	Nanomia	non_Physalia	pelagic	Ahuja2026	NW Atlantic	Rhode Island	2015-09-15	41.13500	-71.36600	2015	siphosome	siphosome		0	20	0-20 m	source_record	data/sources/Ahuja2026_journal.pone.0351247.s008.xlsx#Sheet1!I15 | https://www.ncbi.nlm.nih.gov/biosample/SAMN48043657	recorded_range	non_Physalia_0_20m	2	A01519:322:H7JNNDSX7;A01519:358:HJKNNDSX7	false	179433564	0	0	0	0	3	1	0	0	0	0	0	0	0	0	0	0	0	0	0	0	0	0	not_detected	0	0	0
Ahuja2026:WS4	Ahuja2026__WS4	Nanomia sp.	Nanomia	non_Physalia	pelagic	Ahuja2026	NW Atlantic	Rhode Island	2014-08-20	41.05600	-71.34200	2014	siphosome	siphosome		0	20	0-20 m	source_record	data/sources/Ahuja2026_journal.pone.0351247.s008.xlsx#Sheet1!I16 | https://www.ncbi.nlm.nih.gov/biosample/SAMN48043658	recorded_range	non_Physalia_0_20m	4	A01519:322:H7JNNDSX7;A01519:358:HJKNNDSX7;LH00309:202:227M77LT4;LH00309:204:227MGJLT4	false	367392421	0	0	0	0	0	0	0	0	0	0	0	0	0	0	0	0	0	0	0	0	0	0	not_detected	0	0	0
Ahuja2026:WS5	Ahuja2026__WS5	Nanomia septata	Nanomia	non_Physalia	pelagic	Ahuja2026	NE Pacific	California	2011-12-02	36.60064	-122.37689	2011	siphosome	siphosome				2854.16		data/sources/Ahuja2026_journal.pone.0351247.s008.xlsx#Sheet1!I3 | https://www.ncbi.nlm.nih.gov/biosample/SAMN48043645	unknown	non_Physalia_unknown	2	A01519:322:H7JNNDSX7;A01519:358:HJKNNDSX7	false	378026200	1	1	0	0	1	1	0	0	1	1	0	0	1	1	0	0	0	0	0	0	0	0	high_confidence	0	0	0
Ahuja2026:WS6	Ahuja2026__WS6	Nanomia septata	Nanomia	non_Physalia	pelagic	Ahuja2026	NE Pacific	California	2011-12-03	36.07181	-122.28211	2011	siphosome	siphosome				2563.33		data/sources/Ahuja2026_journal.pone.0351247.s008.xlsx#Sheet1!I4 | https://www.ncbi.nlm.nih.gov/biosample/SAMN48043646	unknown	non_Physalia_unknown	2	A01519:322:H7JNNDSX7;A01519:358:HJKNNDSX7	false	368634270	1	1	0	0	3	1	2	1	1	1	0	0	1	1	0	0	0	0	0	0	1	1	high_confidence	0	0	0
Ahuja2026:WS7	Ahuja2026__WS7	Nanomia septata	Nanomia	non_Physalia	pelagic	Ahuja2026	NE Pacific	California	2011-12-07	36.69937	-122.10107	2011	siphosome	siphosome	662.29			662.29	source_record	data/sources/Ahuja2026_journal.pone.0351247.s008.xlsx#Sheet1!I5 | https://www.ncbi.nlm.nih.gov/biosample/SAMN48043647	recorded_point	non_Physalia_gt20m	2	A01519:322:H7JNNDSX7;A01519:358:HJKNNDSX7	false	329179828	1	1	0	0	3	1	0	0	1	1	0	0	1	1	0	0	0	0	0	0	0	0	validated	0	0	0
Ahuja2026:WS8	Ahuja2026__WS8	Nanomia septata	Nanomia	non_Physalia	pelagic	Ahuja2026	NE Pacific	California	2013-07-15	36.64741	-122.11321	2013	siphosome	siphosome	559.83			559.83	source_record	data/sources/Ahuja2026_journal.pone.0351247.s008.xlsx#Sheet1!I6 | https://www.ncbi.nlm.nih.gov/biosample/SAMN48043648	recorded_point	non_Physalia_gt20m	2	A01519:322:H7JNNDSX7;A01519:358:HJKNNDSX7	false	347903385	1	1	0	0	1	1	0	0	1	1	0	0	1	1	0	0	0	0	0	0	0	0	validated	0	0	0
Ahuja2026:WS9	Ahuja2026__WS9	Nanomia septata	Nanomia	non_Physalia	pelagic	Ahuja2026	NE Pacific	California	2014-05-22	35.52000	-122.52390	2014	siphosome	siphosome	309			309	source_record	data/sources/Ahuja2026_journal.pone.0351247.s008.xlsx#Sheet1!I7 | https://www.ncbi.nlm.nih.gov/biosample/SAMN48043649	recorded_point	non_Physalia_gt20m	2	A01519:322:H7JNNDSX7;A01519:358:HJKNNDSX7	false	254345004	1	1	0	0	1	1	0	0	1	1	0	0	1	1	0	0	0	0	0	0	0	0	validated	0	0	0
