species_current	total_libraries	single_flowcell_libraries	library_ids	bacterial_positive_libraries	bacterial_targets	archaeal_positive_libraries	archaeal_targets	viral_positive_libraries	viral_targets	eukaryote_positive_libraries	eukaryote_groups	dt68_positive_libraries	dt68_targets	vibrio_positive_libraries	vibrio_targets	metamycoplasmataceae_positive_libraries	metamycoplasmataceae_targets	clade_a_positive_libraries	clade_a_targets	clade_b_positive_libraries	clade_b_targets	prey_positive_libraries	prey_groups	parasite_positive_libraries	parasite_groups
Abylopsis tetragona	1	0	Ahuja2024:CWD121	0	0	0	0	0	0	0	0	0	0	0	0	0	0	0	0	0	0	0	0	0	0
Agalma clausi	1	0	Ahuja2024:CWD1	0	0	0	0	0	0	0	0	0	0	0	0	0	0	0	0	0	0	0	0	0	0
Agalma elegans	2	0	Ahuja2024:CWD116;Ahuja2024:CWD2	1	1	0	0	2	14	0	0	0	0	0	0	0	0	0	0	0	0	0	0	0	0
Agalma okenii	1	0	Ahuja2024:CWD3	0	0	0	0	1	3	0	0	0	0	0	0	0	0	0	0	0	0	0	0	0	0
Apolemia rubriversa	1	0	Ahuja2024:NA5	0	0	0	0	0	0	0	0	0	0	0	0	0	0	0	0	0	0	0	0	0	0
Apolemia sp. 3 CWD-2005	1	0	Ahuja2024:CWD101	1	1	0	0	1	1	0	0	0	0	0	0	0	0	0	0	0	0	0	0	0	0
Bargmannia elongata	1	1	Ahuja2024:CWD104	0	0	0	0	0	0	0	0	0	0	0	0	0	0	0	0	0	0	0	0	0	0
Bargmannia lata	1	0	Ahuja2024:NA8	0	0	0	0	0	0	0	0	0	0	0	0	0	0	0	0	0	0	0	0	0	0
Chelophyes appendiculata	1	0	Ahuja2024:CWD122	0	0	0	0	1	3	0	0	0	0	0	0	0	0	0	0	0	0	0	0	0	0
Chuniphyes multidentata	1	0	Ahuja2024:NA1	1	1	0	0	1	9	0	0	0	0	0	0	0	0	0	0	0	0	0	0	0	0
Cordagalma	1	0	Ahuja2024:CWD6	0	0	0	0	1	4	0	0	0	0	0	0	0	0	0	0	0	0	0	0	0	0
Craseoa lathetica	1	0	Ahuja2024:NA6	1	1	0	0	1	9	0	0	0	0	0	0	0	0	0	0	0	0	0	0	0	0
Diphyes dispar	1	0	Ahuja2024:CWD7	0	0	0	0	0	0	0	0	0	0	0	0	0	0	0	0	0	0	0	0	0	0
Erenna sirena	1	0	Ahuja2024:CWD146	0	0	0	0	0	0	0	0	0	0	0	0	0	0	0	0	0	0	0	0	0	0
Forskalia	1	0	Ahuja2024:NA3	0	0	0	0	1	2	0	0	0	0	0	0	0	0	0	0	0	0	0	0	0	0
Frillagalma vityazi	1	0	Ahuja2024:NA9	0	0	0	0	1	3	0	0	0	0	0	0	0	0	0	0	0	0	0	0	0	0
Gymnopraia lapislazula	1	0	Ahuja2024:CWD144	0	0	0	0	1	5	0	0	0	0	0	0	0	0	0	0	0	0	0	0	0	0
Halistemma rubrum	2	0	Ahuja2024:CWD12;Ahuja2024:CWD17	0	0	0	0	2	9	0	0	0	0	0	0	0	0	0	0	0	0	0	0	0	0
Hippopodius hippopus	1	0	Ahuja2024:CWD117	0	0	0	0	1	7	0	0	0	0	0	0	0	0	0	0	0	0	0	0	0	0
Lilyopsis fluoracantha	1	0	Ahuja2024:NA7	1	2	0	0	1	2	0	0	0	0	0	0	0	0	0	0	0	0	0	0	0	0
Nanomia bijuga	5	5	Ahuja2024:CWD16;Ahuja2026:NA30;Ahuja2026:NA31;Ahuja2026:NA32;Ahuja2026:NA33	2	28	0	0	5	71	1	2	0	0	1	1	1	2	0	0	1	1	0	0	0	0
Nanomia septata	10	3	Ahuja2026:NA19;Ahuja2026:NA34;Ahuja2026:NA35;Ahuja2026:NA36;Ahuja2026:WS10;Ahuja2026:WS5;Ahuja2026:WS6;Ahuja2026:WS7;Ahuja2026:WS8;Ahuja2026:WS9	8	13	0	0	7	11	1	2	7	7	0	0	7	7	0	0	0	0	0	0	1	1
Nanomia sp.	7	4	Ahuja2026:NA28;Ahuja2026:NA29;Ahuja2026:NA37;Ahuja2026:NA38;Ahuja2026:WS2;Ahuja2026:WS3;Ahuja2026:WS4	3	23	1	1	5	12	1	5	0	0	1	1	0	0	0	0	0	0	1	1	0	0
Physalia megalista	26	20	Church2025:TMAG-K5632;Church2025:WAM-Z88480;Church2025:WAM-Z97900;Church2025:WAM-Z97901;Church2025:WAM-Z97903;Church2025:WAM-Z97906;Church2025:WAM-Z97920;Church2025:YPM-IZ-110828;Church2025:YPM-IZ-110829;Church2025:YPM-IZ-111010;Church2025:YPM-IZ-111156;Church2025:YPM-IZ-111157;Church2025:YPM-IZ-111158;Church2025:YPM-IZ-111159;Church2025:YPM-IZ-111160;Church2025:YPM-IZ-111495;Church2025:YPM-IZ-111513;Church2025:YPM-IZ-111514;Church2025:YPM-IZ-111517;Church2025:YPM-IZ-111518;Church2025:YPM-IZ-111519;Church2025:YPM-IZ-111520;Church2025:YPM-IZ-111521;Church2025:YPM-IZ-111529;Church2025:YPM-IZ-111530;Church2025:YPM-IZ-111539	23	79	2	2	10	30	7	11	0	0	4	7	13	28	10	10	12	18	2	2	0	0
Physalia minuta	19	10	Church2025:NIWA-173304;Church2025:NIWA-173305;Church2025:TMAG-K5633;Church2025:TMAG-K5634;Church2025:TMAG-K5635;Church2025:TMAG-K5636;Church2025:YPM-IZ-110467;Church2025:YPM-IZ-110468;Church2025:YPM-IZ-110469;Church2025:YPM-IZ-110470;Church2025:YPM-IZ-110556;Church2025:YPM-IZ-110557;Church2025:YPM-IZ-110558;Church2025:YPM-IZ-111207;Church2025:YPM-IZ-111208;Church2025:YPM-IZ-111209;Church2025:YPM-IZ-111210;Church2025:YPM-IZ-111241;Church2025:YPM-IZ-111243	18	66	9	9	15	118	10	18	0	0	1	2	17	22	12	12	9	10	0	0	2	2
Physalia physalis	37	35	Church2025:FM-16644;Church2025:YPM-IZ-106935;Church2025:YPM-IZ-106936;Church2025:YPM-IZ-106937;Church2025:YPM-IZ-106941;Church2025:YPM-IZ-106943;Church2025:YPM-IZ-106954;Church2025:YPM-IZ-106958;Church2025:YPM-IZ-110251;Church2025:YPM-IZ-110254;Church2025:YPM-IZ-110433;Church2025:YPM-IZ-110434;Church2025:YPM-IZ-110436;Church2025:YPM-IZ-110438;Church2025:YPM-IZ-110443;Church2025:YPM-IZ-110631;Church2025:YPM-IZ-110633;Church2025:YPM-IZ-110667;Church2025:YPM-IZ-110694;Church2025:YPM-IZ-110716;Church2025:YPM-IZ-110726;Church2025:YPM-IZ-110738;Church2025:YPM-IZ-110842;Church2025:YPM-IZ-110843;Church2025:YPM-IZ-110844;Church2025:YPM-IZ-110845;Church2025:YPM-IZ-110846;Church2025:YPM-IZ-110847;Church2025:YPM-IZ-110876;Church2025:YPM-IZ-110880;Church2025:YPM-IZ-110972;Church2025:YPM-IZ-111012;Church2025:YPM-IZ-111013;Church2025:YPM-IZ-111014;Church2025:YPM-IZ-111016;Church2025:YPM-IZ-111017;Church2025:YPM-IZ-111018	20	107	0	0	7	17	4	4	0	0	8	67	5	5	0	0	5	5	0	0	4	4
Physalia sp1	5	4	Church2025:YPM-IZ-110877;Church2025:YPM-IZ-110878;Church2025:YPM-IZ-110931;Church2025:YPM-IZ-110943;Church2025:YPM-IZ-111839	5	39	0	0	4	26	1	2	0	0	2	11	3	5	2	2	2	3	0	0	1	1
Physalia utriculus	64	53	Church2025:OA-190531-1;Church2025:OA-Bluebottle;Church2025:WAM-Z97902;Church2025:WAM-Z97907;Church2025:WAM-Z97908;Church2025:WAM-Z97910;Church2025:WAM-Z97911;Church2025:WAM-Z97914;Church2025:WAM-Z97916;Church2025:WAM-Z97917;Church2025:WAM-Z97921;Church2025:WAM-Z97923;Church2025:YPM-IZ-104460;Church2025:YPM-IZ-104461;Church2025:YPM-IZ-104464;Church2025:YPM-IZ-104465;Church2025:YPM-IZ-106919;Church2025:YPM-IZ-106920;Church2025:YPM-IZ-106923;Church2025:YPM-IZ-110264;Church2025:YPM-IZ-110268;Church2025:YPM-IZ-110269;Church2025:YPM-IZ-110276;Church2025:YPM-IZ-110277;Church2025:YPM-IZ-110278;Church2025:YPM-IZ-110460;Church2025:YPM-IZ-110471;Church2025:YPM-IZ-110473;Church2025:YPM-IZ-110474;Church2025:YPM-IZ-110480;Church2025:YPM-IZ-110515;Church2025:YPM-IZ-110520;Church2025:YPM-IZ-110526;Church2025:YPM-IZ-110566;Church2025:YPM-IZ-110569;Church2025:YPM-IZ-110600;Church2025:YPM-IZ-110602;Church2025:YPM-IZ-110605;Church2025:YPM-IZ-110612;Church2025:YPM-IZ-110613;Church2025:YPM-IZ-110616;Church2025:YPM-IZ-110777;Church2025:YPM-IZ-110780;Church2025:YPM-IZ-110785;Church2025:YPM-IZ-110786;Church2025:YPM-IZ-110830;Church2025:YPM-IZ-110881;Church2025:YPM-IZ-110882;Church2025:YPM-IZ-110883;Church2025:YPM-IZ-110906;Church2025:YPM-IZ-110907;Church2025:YPM-IZ-110925;Church2025:YPM-IZ-110926;Church2025:YPM-IZ-110930;Church2025:YPM-IZ-110933;Church2025:YPM-IZ-110937;Church2025:YPM-IZ-110938;Church2025:YPM-IZ-111006;Church2025:YPM-IZ-111007;Church2025:YPM-IZ-111008;Church2025:YPM-IZ-111009;Church2025:YPM-IZ-111163;Church2025:YPM-IZ-111547;Church2025:YPM-IZ-111840	52	179	2	2	45	163	13	16	0	0	8	17	29	69	20	20	26	49	4	5	4	4
Physonectae	1	0	Ahuja2024:NA2	0	0	0	0	1	1	0	0	0	0	0	0	0	0	0	0	0	0	0	0	0	0
Praya	1	0	Ahuja2024:NA4	0	0	0	0	1	1	1	1	0	0	0	0	0	0	0	0	0	0	1	1	0	0
Praya dubia	1	1	Ahuja2024:CWD19	0	0	0	0	1	1	0	0	0	0	0	0	0	0	0	0	0	0	0	0	0	0
Resomia ornicephala	2	0	Ahuja2024:NA10;Ahuja2024:NA11	2	17	0	0	2	2	0	0	2	2	0	0	2	2	0	0	0	0	0	0	0	0
Rhizophysa eysenhardtii	1	0	Ahuja2024:CWD131	0	0	0	0	1	2	0	0	0	0	0	0	0	0	0	0	0	0	0	0	0	0
Rhizophysa filiformis	1	0	Ahuja2024:CWD20	0	0	0	0	0	0	0	0	0	0	0	0	0	0	0	0	0	0	0	0	0	0
Rosacea flaccida	1	0	Ahuja2024:CWD21	0	0	0	0	1	1	0	0	0	0	0	0	0	0	0	0	0	0	0	0	0	0
Stephalia dilata	1	0	Ahuja2024:CWD141	0	0	0	0	1	1	0	0	0	0	0	0	0	0	0	0	0	0	0	0	0	0
Stephanomia amphytridis	1	0	Ahuja2024:CWD11	0	0	0	0	1	2	0	0	0	0	0	0	0	0	0	0	0	0	0	0	0	0
