species_current	scope	tissue	ocean_region	target	positive_libraries	total_libraries	fraction_positive	positive_library_ids	denominator_library_ids
Physalia utriculus	all_libraries	all_tissues	all_regions	MAGSP0005	20	64	0.3125	Church2025:WAM-Z97902;Church2025:WAM-Z97907;Church2025:WAM-Z97908;Church2025:WAM-Z97910;Church2025:WAM-Z97911;Church2025:WAM-Z97914;Church2025:WAM-Z97916;Church2025:WAM-Z97917;Church2025:WAM-Z97921;Church2025:WAM-Z97923;Church2025:YPM-IZ-110515;Church2025:YPM-IZ-110566;Church2025:YPM-IZ-110569;Church2025:YPM-IZ-110605;Church2025:YPM-IZ-110613;Church2025:YPM-IZ-110830;Church2025:YPM-IZ-111006;Church2025:YPM-IZ-111007;Church2025:YPM-IZ-111008;Church2025:YPM-IZ-111009	Church2025:OA-190531-1;Church2025:OA-Bluebottle;Church2025:WAM-Z97902;Church2025:WAM-Z97907;Church2025:WAM-Z97908;Church2025:WAM-Z97910;Church2025:WAM-Z97911;Church2025:WAM-Z97914;Church2025:WAM-Z97916;Church2025:WAM-Z97917;Church2025:WAM-Z97921;Church2025:WAM-Z97923;Church2025:YPM-IZ-104460;Church2025:YPM-IZ-104461;Church2025:YPM-IZ-104464;Church2025:YPM-IZ-104465;Church2025:YPM-IZ-106919;Church2025:YPM-IZ-106920;Church2025:YPM-IZ-106923;Church2025:YPM-IZ-110264;Church2025:YPM-IZ-110268;Church2025:YPM-IZ-110269;Church2025:YPM-IZ-110276;Church2025:YPM-IZ-110277;Church2025:YPM-IZ-110278;Church2025:YPM-IZ-110460;Church2025:YPM-IZ-110471;Church2025:YPM-IZ-110473;Church2025:YPM-IZ-110474;Church2025:YPM-IZ-110480;Church2025:YPM-IZ-110515;Church2025:YPM-IZ-110520;Church2025:YPM-IZ-110526;Church2025:YPM-IZ-110566;Church2025:YPM-IZ-110569;Church2025:YPM-IZ-110600;Church2025:YPM-IZ-110602;Church2025:YPM-IZ-110605;Church2025:YPM-IZ-110612;Church2025:YPM-IZ-110613;Church2025:YPM-IZ-110616;Church2025:YPM-IZ-110777;Church2025:YPM-IZ-110780;Church2025:YPM-IZ-110785;Church2025:YPM-IZ-110786;Church2025:YPM-IZ-110830;Church2025:YPM-IZ-110881;Church2025:YPM-IZ-110882;Church2025:YPM-IZ-110883;Church2025:YPM-IZ-110906;Church2025:YPM-IZ-110907;Church2025:YPM-IZ-110925;Church2025:YPM-IZ-110926;Church2025:YPM-IZ-110930;Church2025:YPM-IZ-110933;Church2025:YPM-IZ-110937;Church2025:YPM-IZ-110938;Church2025:YPM-IZ-111006;Church2025:YPM-IZ-111007;Church2025:YPM-IZ-111008;Church2025:YPM-IZ-111009;Church2025:YPM-IZ-111163;Church2025:YPM-IZ-111547;Church2025:YPM-IZ-111840
Physalia utriculus	all_libraries	all_tissues	all_regions	MAGSP0007	15	64	0.234375	Church2025:OA-190531-1;Church2025:WAM-Z97902;Church2025:WAM-Z97907;Church2025:WAM-Z97911;Church2025:WAM-Z97916;Church2025:WAM-Z97917;Church2025:WAM-Z97921;Church2025:YPM-IZ-110515;Church2025:YPM-IZ-110520;Church2025:YPM-IZ-110613;Church2025:YPM-IZ-110780;Church2025:YPM-IZ-110938;Church2025:YPM-IZ-111007;Church2025:YPM-IZ-111008;Church2025:YPM-IZ-111163	Church2025:OA-190531-1;Church2025:OA-Bluebottle;Church2025:WAM-Z97902;Church2025:WAM-Z97907;Church2025:WAM-Z97908;Church2025:WAM-Z97910;Church2025:WAM-Z97911;Church2025:WAM-Z97914;Church2025:WAM-Z97916;Church2025:WAM-Z97917;Church2025:WAM-Z97921;Church2025:WAM-Z97923;Church2025:YPM-IZ-104460;Church2025:YPM-IZ-104461;Church2025:YPM-IZ-104464;Church2025:YPM-IZ-104465;Church2025:YPM-IZ-106919;Church2025:YPM-IZ-106920;Church2025:YPM-IZ-106923;Church2025:YPM-IZ-110264;Church2025:YPM-IZ-110268;Church2025:YPM-IZ-110269;Church2025:YPM-IZ-110276;Church2025:YPM-IZ-110277;Church2025:YPM-IZ-110278;Church2025:YPM-IZ-110460;Church2025:YPM-IZ-110471;Church2025:YPM-IZ-110473;Church2025:YPM-IZ-110474;Church2025:YPM-IZ-110480;Church2025:YPM-IZ-110515;Church2025:YPM-IZ-110520;Church2025:YPM-IZ-110526;Church2025:YPM-IZ-110566;Church2025:YPM-IZ-110569;Church2025:YPM-IZ-110600;Church2025:YPM-IZ-110602;Church2025:YPM-IZ-110605;Church2025:YPM-IZ-110612;Church2025:YPM-IZ-110613;Church2025:YPM-IZ-110616;Church2025:YPM-IZ-110777;Church2025:YPM-IZ-110780;Church2025:YPM-IZ-110785;Church2025:YPM-IZ-110786;Church2025:YPM-IZ-110830;Church2025:YPM-IZ-110881;Church2025:YPM-IZ-110882;Church2025:YPM-IZ-110883;Church2025:YPM-IZ-110906;Church2025:YPM-IZ-110907;Church2025:YPM-IZ-110925;Church2025:YPM-IZ-110926;Church2025:YPM-IZ-110930;Church2025:YPM-IZ-110933;Church2025:YPM-IZ-110937;Church2025:YPM-IZ-110938;Church2025:YPM-IZ-111006;Church2025:YPM-IZ-111007;Church2025:YPM-IZ-111008;Church2025:YPM-IZ-111009;Church2025:YPM-IZ-111163;Church2025:YPM-IZ-111547;Church2025:YPM-IZ-111840
Physalia utriculus	all_libraries	all_tissues	all_regions	MAGSP0010	23	64	0.359375	Church2025:OA-190531-1;Church2025:WAM-Z97902;Church2025:WAM-Z97907;Church2025:WAM-Z97908;Church2025:WAM-Z97911;Church2025:WAM-Z97916;Church2025:WAM-Z97917;Church2025:WAM-Z97921;Church2025:WAM-Z97923;Church2025:YPM-IZ-110473;Church2025:YPM-IZ-110515;Church2025:YPM-IZ-110520;Church2025:YPM-IZ-110566;Church2025:YPM-IZ-110569;Church2025:YPM-IZ-110602;Church2025:YPM-IZ-110613;Church2025:YPM-IZ-110930;Church2025:YPM-IZ-110938;Church2025:YPM-IZ-111006;Church2025:YPM-IZ-111007;Church2025:YPM-IZ-111008;Church2025:YPM-IZ-111009;Church2025:YPM-IZ-111163	Church2025:OA-190531-1;Church2025:OA-Bluebottle;Church2025:WAM-Z97902;Church2025:WAM-Z97907;Church2025:WAM-Z97908;Church2025:WAM-Z97910;Church2025:WAM-Z97911;Church2025:WAM-Z97914;Church2025:WAM-Z97916;Church2025:WAM-Z97917;Church2025:WAM-Z97921;Church2025:WAM-Z97923;Church2025:YPM-IZ-104460;Church2025:YPM-IZ-104461;Church2025:YPM-IZ-104464;Church2025:YPM-IZ-104465;Church2025:YPM-IZ-106919;Church2025:YPM-IZ-106920;Church2025:YPM-IZ-106923;Church2025:YPM-IZ-110264;Church2025:YPM-IZ-110268;Church2025:YPM-IZ-110269;Church2025:YPM-IZ-110276;Church2025:YPM-IZ-110277;Church2025:YPM-IZ-110278;Church2025:YPM-IZ-110460;Church2025:YPM-IZ-110471;Church2025:YPM-IZ-110473;Church2025:YPM-IZ-110474;Church2025:YPM-IZ-110480;Church2025:YPM-IZ-110515;Church2025:YPM-IZ-110520;Church2025:YPM-IZ-110526;Church2025:YPM-IZ-110566;Church2025:YPM-IZ-110569;Church2025:YPM-IZ-110600;Church2025:YPM-IZ-110602;Church2025:YPM-IZ-110605;Church2025:YPM-IZ-110612;Church2025:YPM-IZ-110613;Church2025:YPM-IZ-110616;Church2025:YPM-IZ-110777;Church2025:YPM-IZ-110780;Church2025:YPM-IZ-110785;Church2025:YPM-IZ-110786;Church2025:YPM-IZ-110830;Church2025:YPM-IZ-110881;Church2025:YPM-IZ-110882;Church2025:YPM-IZ-110883;Church2025:YPM-IZ-110906;Church2025:YPM-IZ-110907;Church2025:YPM-IZ-110925;Church2025:YPM-IZ-110926;Church2025:YPM-IZ-110930;Church2025:YPM-IZ-110933;Church2025:YPM-IZ-110937;Church2025:YPM-IZ-110938;Church2025:YPM-IZ-111006;Church2025:YPM-IZ-111007;Church2025:YPM-IZ-111008;Church2025:YPM-IZ-111009;Church2025:YPM-IZ-111163;Church2025:YPM-IZ-111547;Church2025:YPM-IZ-111840
Physalia utriculus	all_libraries	all_tissues	all_regions	Vibrio	8	64	0.125	Church2025:WAM-Z97902;Church2025:YPM-IZ-106923;Church2025:YPM-IZ-110600;Church2025:YPM-IZ-110602;Church2025:YPM-IZ-110616;Church2025:YPM-IZ-110785;Church2025:YPM-IZ-110786;Church2025:YPM-IZ-111163	Church2025:OA-190531-1;Church2025:OA-Bluebottle;Church2025:WAM-Z97902;Church2025:WAM-Z97907;Church2025:WAM-Z97908;Church2025:WAM-Z97910;Church2025:WAM-Z97911;Church2025:WAM-Z97914;Church2025:WAM-Z97916;Church2025:WAM-Z97917;Church2025:WAM-Z97921;Church2025:WAM-Z97923;Church2025:YPM-IZ-104460;Church2025:YPM-IZ-104461;Church2025:YPM-IZ-104464;Church2025:YPM-IZ-104465;Church2025:YPM-IZ-106919;Church2025:YPM-IZ-106920;Church2025:YPM-IZ-106923;Church2025:YPM-IZ-110264;Church2025:YPM-IZ-110268;Church2025:YPM-IZ-110269;Church2025:YPM-IZ-110276;Church2025:YPM-IZ-110277;Church2025:YPM-IZ-110278;Church2025:YPM-IZ-110460;Church2025:YPM-IZ-110471;Church2025:YPM-IZ-110473;Church2025:YPM-IZ-110474;Church2025:YPM-IZ-110480;Church2025:YPM-IZ-110515;Church2025:YPM-IZ-110520;Church2025:YPM-IZ-110526;Church2025:YPM-IZ-110566;Church2025:YPM-IZ-110569;Church2025:YPM-IZ-110600;Church2025:YPM-IZ-110602;Church2025:YPM-IZ-110605;Church2025:YPM-IZ-110612;Church2025:YPM-IZ-110613;Church2025:YPM-IZ-110616;Church2025:YPM-IZ-110777;Church2025:YPM-IZ-110780;Church2025:YPM-IZ-110785;Church2025:YPM-IZ-110786;Church2025:YPM-IZ-110830;Church2025:YPM-IZ-110881;Church2025:YPM-IZ-110882;Church2025:YPM-IZ-110883;Church2025:YPM-IZ-110906;Church2025:YPM-IZ-110907;Church2025:YPM-IZ-110925;Church2025:YPM-IZ-110926;Church2025:YPM-IZ-110930;Church2025:YPM-IZ-110933;Church2025:YPM-IZ-110937;Church2025:YPM-IZ-110938;Church2025:YPM-IZ-111006;Church2025:YPM-IZ-111007;Church2025:YPM-IZ-111008;Church2025:YPM-IZ-111009;Church2025:YPM-IZ-111163;Church2025:YPM-IZ-111547;Church2025:YPM-IZ-111840
Physalia utriculus	all_libraries	all_tissues	Central Pacific	MAGSP0005	0	22	0		Church2025:YPM-IZ-110264;Church2025:YPM-IZ-110268;Church2025:YPM-IZ-110269;Church2025:YPM-IZ-110276;Church2025:YPM-IZ-110277;Church2025:YPM-IZ-110278;Church2025:YPM-IZ-110460;Church2025:YPM-IZ-110471;Church2025:YPM-IZ-110473;Church2025:YPM-IZ-110474;Church2025:YPM-IZ-110480;Church2025:YPM-IZ-110777;Church2025:YPM-IZ-110780;Church2025:YPM-IZ-110785;Church2025:YPM-IZ-110786;Church2025:YPM-IZ-110881;Church2025:YPM-IZ-110882;Church2025:YPM-IZ-110883;Church2025:YPM-IZ-110906;Church2025:YPM-IZ-110907;Church2025:YPM-IZ-111547;Church2025:YPM-IZ-111840
Physalia utriculus	all_libraries	all_tissues	Central Pacific	MAGSP0007	1	22	0.045454545	Church2025:YPM-IZ-110780	Church2025:YPM-IZ-110264;Church2025:YPM-IZ-110268;Church2025:YPM-IZ-110269;Church2025:YPM-IZ-110276;Church2025:YPM-IZ-110277;Church2025:YPM-IZ-110278;Church2025:YPM-IZ-110460;Church2025:YPM-IZ-110471;Church2025:YPM-IZ-110473;Church2025:YPM-IZ-110474;Church2025:YPM-IZ-110480;Church2025:YPM-IZ-110777;Church2025:YPM-IZ-110780;Church2025:YPM-IZ-110785;Church2025:YPM-IZ-110786;Church2025:YPM-IZ-110881;Church2025:YPM-IZ-110882;Church2025:YPM-IZ-110883;Church2025:YPM-IZ-110906;Church2025:YPM-IZ-110907;Church2025:YPM-IZ-111547;Church2025:YPM-IZ-111840
Physalia utriculus	all_libraries	all_tissues	Central Pacific	MAGSP0010	1	22	0.045454545	Church2025:YPM-IZ-110473	Church2025:YPM-IZ-110264;Church2025:YPM-IZ-110268;Church2025:YPM-IZ-110269;Church2025:YPM-IZ-110276;Church2025:YPM-IZ-110277;Church2025:YPM-IZ-110278;Church2025:YPM-IZ-110460;Church2025:YPM-IZ-110471;Church2025:YPM-IZ-110473;Church2025:YPM-IZ-110474;Church2025:YPM-IZ-110480;Church2025:YPM-IZ-110777;Church2025:YPM-IZ-110780;Church2025:YPM-IZ-110785;Church2025:YPM-IZ-110786;Church2025:YPM-IZ-110881;Church2025:YPM-IZ-110882;Church2025:YPM-IZ-110883;Church2025:YPM-IZ-110906;Church2025:YPM-IZ-110907;Church2025:YPM-IZ-111547;Church2025:YPM-IZ-111840
Physalia utriculus	all_libraries	all_tissues	Central Pacific	Vibrio	2	22	0.090909091	Church2025:YPM-IZ-110785;Church2025:YPM-IZ-110786	Church2025:YPM-IZ-110264;Church2025:YPM-IZ-110268;Church2025:YPM-IZ-110269;Church2025:YPM-IZ-110276;Church2025:YPM-IZ-110277;Church2025:YPM-IZ-110278;Church2025:YPM-IZ-110460;Church2025:YPM-IZ-110471;Church2025:YPM-IZ-110473;Church2025:YPM-IZ-110474;Church2025:YPM-IZ-110480;Church2025:YPM-IZ-110777;Church2025:YPM-IZ-110780;Church2025:YPM-IZ-110785;Church2025:YPM-IZ-110786;Church2025:YPM-IZ-110881;Church2025:YPM-IZ-110882;Church2025:YPM-IZ-110883;Church2025:YPM-IZ-110906;Church2025:YPM-IZ-110907;Church2025:YPM-IZ-111547;Church2025:YPM-IZ-111840
Physalia utriculus	all_libraries	all_tissues	E Indian	MAGSP0005	7	7	1	Church2025:WAM-Z97902;Church2025:WAM-Z97907;Church2025:WAM-Z97908;Church2025:WAM-Z97910;Church2025:WAM-Z97911;Church2025:WAM-Z97914;Church2025:WAM-Z97916	Church2025:WAM-Z97902;Church2025:WAM-Z97907;Church2025:WAM-Z97908;Church2025:WAM-Z97910;Church2025:WAM-Z97911;Church2025:WAM-Z97914;Church2025:WAM-Z97916
Physalia utriculus	all_libraries	all_tissues	E Indian	MAGSP0007	4	7	0.57142857	Church2025:WAM-Z97902;Church2025:WAM-Z97907;Church2025:WAM-Z97911;Church2025:WAM-Z97916	Church2025:WAM-Z97902;Church2025:WAM-Z97907;Church2025:WAM-Z97908;Church2025:WAM-Z97910;Church2025:WAM-Z97911;Church2025:WAM-Z97914;Church2025:WAM-Z97916
Physalia utriculus	all_libraries	all_tissues	E Indian	MAGSP0010	5	7	0.71428571	Church2025:WAM-Z97902;Church2025:WAM-Z97907;Church2025:WAM-Z97908;Church2025:WAM-Z97911;Church2025:WAM-Z97916	Church2025:WAM-Z97902;Church2025:WAM-Z97907;Church2025:WAM-Z97908;Church2025:WAM-Z97910;Church2025:WAM-Z97911;Church2025:WAM-Z97914;Church2025:WAM-Z97916
Physalia utriculus	all_libraries	all_tissues	E Indian	Vibrio	1	7	0.14285714	Church2025:WAM-Z97902	Church2025:WAM-Z97902;Church2025:WAM-Z97907;Church2025:WAM-Z97908;Church2025:WAM-Z97910;Church2025:WAM-Z97911;Church2025:WAM-Z97914;Church2025:WAM-Z97916
Physalia utriculus	all_libraries	all_tissues	NW Pacific	MAGSP0005	2	17	0.11764706	Church2025:YPM-IZ-110566;Church2025:YPM-IZ-110569	Church2025:YPM-IZ-104460;Church2025:YPM-IZ-104461;Church2025:YPM-IZ-104464;Church2025:YPM-IZ-104465;Church2025:YPM-IZ-106919;Church2025:YPM-IZ-106920;Church2025:YPM-IZ-106923;Church2025:YPM-IZ-110566;Church2025:YPM-IZ-110569;Church2025:YPM-IZ-110600;Church2025:YPM-IZ-110602;Church2025:YPM-IZ-110925;Church2025:YPM-IZ-110926;Church2025:YPM-IZ-110930;Church2025:YPM-IZ-110933;Church2025:YPM-IZ-110937;Church2025:YPM-IZ-110938
Physalia utriculus	all_libraries	all_tissues	NW Pacific	MAGSP0007	1	17	0.058823529	Church2025:YPM-IZ-110938	Church2025:YPM-IZ-104460;Church2025:YPM-IZ-104461;Church2025:YPM-IZ-104464;Church2025:YPM-IZ-104465;Church2025:YPM-IZ-106919;Church2025:YPM-IZ-106920;Church2025:YPM-IZ-106923;Church2025:YPM-IZ-110566;Church2025:YPM-IZ-110569;Church2025:YPM-IZ-110600;Church2025:YPM-IZ-110602;Church2025:YPM-IZ-110925;Church2025:YPM-IZ-110926;Church2025:YPM-IZ-110930;Church2025:YPM-IZ-110933;Church2025:YPM-IZ-110937;Church2025:YPM-IZ-110938
Physalia utriculus	all_libraries	all_tissues	NW Pacific	MAGSP0010	5	17	0.29411765	Church2025:YPM-IZ-110566;Church2025:YPM-IZ-110569;Church2025:YPM-IZ-110602;Church2025:YPM-IZ-110930;Church2025:YPM-IZ-110938	Church2025:YPM-IZ-104460;Church2025:YPM-IZ-104461;Church2025:YPM-IZ-104464;Church2025:YPM-IZ-104465;Church2025:YPM-IZ-106919;Church2025:YPM-IZ-106920;Church2025:YPM-IZ-106923;Church2025:YPM-IZ-110566;Church2025:YPM-IZ-110569;Church2025:YPM-IZ-110600;Church2025:YPM-IZ-110602;Church2025:YPM-IZ-110925;Church2025:YPM-IZ-110926;Church2025:YPM-IZ-110930;Church2025:YPM-IZ-110933;Church2025:YPM-IZ-110937;Church2025:YPM-IZ-110938
Physalia utriculus	all_libraries	all_tissues	NW Pacific	Vibrio	3	17	0.17647059	Church2025:YPM-IZ-106923;Church2025:YPM-IZ-110600;Church2025:YPM-IZ-110602	Church2025:YPM-IZ-104460;Church2025:YPM-IZ-104461;Church2025:YPM-IZ-104464;Church2025:YPM-IZ-104465;Church2025:YPM-IZ-106919;Church2025:YPM-IZ-106920;Church2025:YPM-IZ-106923;Church2025:YPM-IZ-110566;Church2025:YPM-IZ-110569;Church2025:YPM-IZ-110600;Church2025:YPM-IZ-110602;Church2025:YPM-IZ-110925;Church2025:YPM-IZ-110926;Church2025:YPM-IZ-110930;Church2025:YPM-IZ-110933;Church2025:YPM-IZ-110937;Church2025:YPM-IZ-110938
Physalia utriculus	all_libraries	all_tissues	SW Atlantic	MAGSP0005	1	1	1	Church2025:YPM-IZ-110830	Church2025:YPM-IZ-110830
Physalia utriculus	all_libraries	all_tissues	SW Atlantic	MAGSP0007	0	1	0		Church2025:YPM-IZ-110830
Physalia utriculus	all_libraries	all_tissues	SW Atlantic	MAGSP0010	0	1	0		Church2025:YPM-IZ-110830
Physalia utriculus	all_libraries	all_tissues	SW Atlantic	Vibrio	0	1	0		Church2025:YPM-IZ-110830
Physalia utriculus	all_libraries	all_tissues	SW Pacific	MAGSP0005	6	13	0.46153846	Church2025:WAM-Z97917;Church2025:WAM-Z97921;Church2025:WAM-Z97923;Church2025:YPM-IZ-110515;Church2025:YPM-IZ-110605;Church2025:YPM-IZ-110613	Church2025:OA-190531-1;Church2025:OA-Bluebottle;Church2025:WAM-Z97917;Church2025:WAM-Z97921;Church2025:WAM-Z97923;Church2025:YPM-IZ-110515;Church2025:YPM-IZ-110520;Church2025:YPM-IZ-110526;Church2025:YPM-IZ-110605;Church2025:YPM-IZ-110612;Church2025:YPM-IZ-110613;Church2025:YPM-IZ-110616;Church2025:YPM-IZ-111163
Physalia utriculus	all_libraries	all_tissues	SW Pacific	MAGSP0007	7	13	0.53846154	Church2025:OA-190531-1;Church2025:WAM-Z97917;Church2025:WAM-Z97921;Church2025:YPM-IZ-110515;Church2025:YPM-IZ-110520;Church2025:YPM-IZ-110613;Church2025:YPM-IZ-111163	Church2025:OA-190531-1;Church2025:OA-Bluebottle;Church2025:WAM-Z97917;Church2025:WAM-Z97921;Church2025:WAM-Z97923;Church2025:YPM-IZ-110515;Church2025:YPM-IZ-110520;Church2025:YPM-IZ-110526;Church2025:YPM-IZ-110605;Church2025:YPM-IZ-110612;Church2025:YPM-IZ-110613;Church2025:YPM-IZ-110616;Church2025:YPM-IZ-111163
Physalia utriculus	all_libraries	all_tissues	SW Pacific	MAGSP0010	8	13	0.61538462	Church2025:OA-190531-1;Church2025:WAM-Z97917;Church2025:WAM-Z97921;Church2025:WAM-Z97923;Church2025:YPM-IZ-110515;Church2025:YPM-IZ-110520;Church2025:YPM-IZ-110613;Church2025:YPM-IZ-111163	Church2025:OA-190531-1;Church2025:OA-Bluebottle;Church2025:WAM-Z97917;Church2025:WAM-Z97921;Church2025:WAM-Z97923;Church2025:YPM-IZ-110515;Church2025:YPM-IZ-110520;Church2025:YPM-IZ-110526;Church2025:YPM-IZ-110605;Church2025:YPM-IZ-110612;Church2025:YPM-IZ-110613;Church2025:YPM-IZ-110616;Church2025:YPM-IZ-111163
Physalia utriculus	all_libraries	all_tissues	SW Pacific	Vibrio	2	13	0.15384615	Church2025:YPM-IZ-110616;Church2025:YPM-IZ-111163	Church2025:OA-190531-1;Church2025:OA-Bluebottle;Church2025:WAM-Z97917;Church2025:WAM-Z97921;Church2025:WAM-Z97923;Church2025:YPM-IZ-110515;Church2025:YPM-IZ-110520;Church2025:YPM-IZ-110526;Church2025:YPM-IZ-110605;Church2025:YPM-IZ-110612;Church2025:YPM-IZ-110613;Church2025:YPM-IZ-110616;Church2025:YPM-IZ-111163
Physalia utriculus	all_libraries	all_tissues	W Indian	MAGSP0005	4	4	1	Church2025:YPM-IZ-111006;Church2025:YPM-IZ-111007;Church2025:YPM-IZ-111008;Church2025:YPM-IZ-111009	Church2025:YPM-IZ-111006;Church2025:YPM-IZ-111007;Church2025:YPM-IZ-111008;Church2025:YPM-IZ-111009
Physalia utriculus	all_libraries	all_tissues	W Indian	MAGSP0007	2	4	0.5	Church2025:YPM-IZ-111007;Church2025:YPM-IZ-111008	Church2025:YPM-IZ-111006;Church2025:YPM-IZ-111007;Church2025:YPM-IZ-111008;Church2025:YPM-IZ-111009
Physalia utriculus	all_libraries	all_tissues	W Indian	MAGSP0010	4	4	1	Church2025:YPM-IZ-111006;Church2025:YPM-IZ-111007;Church2025:YPM-IZ-111008;Church2025:YPM-IZ-111009	Church2025:YPM-IZ-111006;Church2025:YPM-IZ-111007;Church2025:YPM-IZ-111008;Church2025:YPM-IZ-111009
Physalia utriculus	all_libraries	all_tissues	W Indian	Vibrio	0	4	0		Church2025:YPM-IZ-111006;Church2025:YPM-IZ-111007;Church2025:YPM-IZ-111008;Church2025:YPM-IZ-111009
Physalia utriculus	all_libraries	tentacle	all_regions	MAGSP0005	10	44	0.22727273	Church2025:YPM-IZ-110515;Church2025:YPM-IZ-110566;Church2025:YPM-IZ-110569;Church2025:YPM-IZ-110605;Church2025:YPM-IZ-110613;Church2025:YPM-IZ-110830;Church2025:YPM-IZ-111006;Church2025:YPM-IZ-111007;Church2025:YPM-IZ-111008;Church2025:YPM-IZ-111009	Church2025:YPM-IZ-104460;Church2025:YPM-IZ-104461;Church2025:YPM-IZ-104464;Church2025:YPM-IZ-106919;Church2025:YPM-IZ-106920;Church2025:YPM-IZ-106923;Church2025:YPM-IZ-110264;Church2025:YPM-IZ-110268;Church2025:YPM-IZ-110269;Church2025:YPM-IZ-110276;Church2025:YPM-IZ-110277;Church2025:YPM-IZ-110278;Church2025:YPM-IZ-110460;Church2025:YPM-IZ-110471;Church2025:YPM-IZ-110473;Church2025:YPM-IZ-110474;Church2025:YPM-IZ-110480;Church2025:YPM-IZ-110515;Church2025:YPM-IZ-110520;Church2025:YPM-IZ-110526;Church2025:YPM-IZ-110566;Church2025:YPM-IZ-110569;Church2025:YPM-IZ-110600;Church2025:YPM-IZ-110602;Church2025:YPM-IZ-110605;Church2025:YPM-IZ-110612;Church2025:YPM-IZ-110613;Church2025:YPM-IZ-110616;Church2025:YPM-IZ-110777;Church2025:YPM-IZ-110780;Church2025:YPM-IZ-110785;Church2025:YPM-IZ-110786;Church2025:YPM-IZ-110830;Church2025:YPM-IZ-110925;Church2025:YPM-IZ-110926;Church2025:YPM-IZ-110930;Church2025:YPM-IZ-110933;Church2025:YPM-IZ-110937;Church2025:YPM-IZ-110938;Church2025:YPM-IZ-111006;Church2025:YPM-IZ-111007;Church2025:YPM-IZ-111008;Church2025:YPM-IZ-111009;Church2025:YPM-IZ-111163
Physalia utriculus	all_libraries	tentacle	all_regions	MAGSP0007	8	44	0.18181818	Church2025:YPM-IZ-110515;Church2025:YPM-IZ-110520;Church2025:YPM-IZ-110613;Church2025:YPM-IZ-110780;Church2025:YPM-IZ-110938;Church2025:YPM-IZ-111007;Church2025:YPM-IZ-111008;Church2025:YPM-IZ-111163	Church2025:YPM-IZ-104460;Church2025:YPM-IZ-104461;Church2025:YPM-IZ-104464;Church2025:YPM-IZ-106919;Church2025:YPM-IZ-106920;Church2025:YPM-IZ-106923;Church2025:YPM-IZ-110264;Church2025:YPM-IZ-110268;Church2025:YPM-IZ-110269;Church2025:YPM-IZ-110276;Church2025:YPM-IZ-110277;Church2025:YPM-IZ-110278;Church2025:YPM-IZ-110460;Church2025:YPM-IZ-110471;Church2025:YPM-IZ-110473;Church2025:YPM-IZ-110474;Church2025:YPM-IZ-110480;Church2025:YPM-IZ-110515;Church2025:YPM-IZ-110520;Church2025:YPM-IZ-110526;Church2025:YPM-IZ-110566;Church2025:YPM-IZ-110569;Church2025:YPM-IZ-110600;Church2025:YPM-IZ-110602;Church2025:YPM-IZ-110605;Church2025:YPM-IZ-110612;Church2025:YPM-IZ-110613;Church2025:YPM-IZ-110616;Church2025:YPM-IZ-110777;Church2025:YPM-IZ-110780;Church2025:YPM-IZ-110785;Church2025:YPM-IZ-110786;Church2025:YPM-IZ-110830;Church2025:YPM-IZ-110925;Church2025:YPM-IZ-110926;Church2025:YPM-IZ-110930;Church2025:YPM-IZ-110933;Church2025:YPM-IZ-110937;Church2025:YPM-IZ-110938;Church2025:YPM-IZ-111006;Church2025:YPM-IZ-111007;Church2025:YPM-IZ-111008;Church2025:YPM-IZ-111009;Church2025:YPM-IZ-111163
Physalia utriculus	all_libraries	tentacle	all_regions	MAGSP0010	14	44	0.31818182	Church2025:YPM-IZ-110473;Church2025:YPM-IZ-110515;Church2025:YPM-IZ-110520;Church2025:YPM-IZ-110566;Church2025:YPM-IZ-110569;Church2025:YPM-IZ-110602;Church2025:YPM-IZ-110613;Church2025:YPM-IZ-110930;Church2025:YPM-IZ-110938;Church2025:YPM-IZ-111006;Church2025:YPM-IZ-111007;Church2025:YPM-IZ-111008;Church2025:YPM-IZ-111009;Church2025:YPM-IZ-111163	Church2025:YPM-IZ-104460;Church2025:YPM-IZ-104461;Church2025:YPM-IZ-104464;Church2025:YPM-IZ-106919;Church2025:YPM-IZ-106920;Church2025:YPM-IZ-106923;Church2025:YPM-IZ-110264;Church2025:YPM-IZ-110268;Church2025:YPM-IZ-110269;Church2025:YPM-IZ-110276;Church2025:YPM-IZ-110277;Church2025:YPM-IZ-110278;Church2025:YPM-IZ-110460;Church2025:YPM-IZ-110471;Church2025:YPM-IZ-110473;Church2025:YPM-IZ-110474;Church2025:YPM-IZ-110480;Church2025:YPM-IZ-110515;Church2025:YPM-IZ-110520;Church2025:YPM-IZ-110526;Church2025:YPM-IZ-110566;Church2025:YPM-IZ-110569;Church2025:YPM-IZ-110600;Church2025:YPM-IZ-110602;Church2025:YPM-IZ-110605;Church2025:YPM-IZ-110612;Church2025:YPM-IZ-110613;Church2025:YPM-IZ-110616;Church2025:YPM-IZ-110777;Church2025:YPM-IZ-110780;Church2025:YPM-IZ-110785;Church2025:YPM-IZ-110786;Church2025:YPM-IZ-110830;Church2025:YPM-IZ-110925;Church2025:YPM-IZ-110926;Church2025:YPM-IZ-110930;Church2025:YPM-IZ-110933;Church2025:YPM-IZ-110937;Church2025:YPM-IZ-110938;Church2025:YPM-IZ-111006;Church2025:YPM-IZ-111007;Church2025:YPM-IZ-111008;Church2025:YPM-IZ-111009;Church2025:YPM-IZ-111163
Physalia utriculus	all_libraries	tentacle	all_regions	Vibrio	7	44	0.15909091	Church2025:YPM-IZ-106923;Church2025:YPM-IZ-110600;Church2025:YPM-IZ-110602;Church2025:YPM-IZ-110616;Church2025:YPM-IZ-110785;Church2025:YPM-IZ-110786;Church2025:YPM-IZ-111163	Church2025:YPM-IZ-104460;Church2025:YPM-IZ-104461;Church2025:YPM-IZ-104464;Church2025:YPM-IZ-106919;Church2025:YPM-IZ-106920;Church2025:YPM-IZ-106923;Church2025:YPM-IZ-110264;Church2025:YPM-IZ-110268;Church2025:YPM-IZ-110269;Church2025:YPM-IZ-110276;Church2025:YPM-IZ-110277;Church2025:YPM-IZ-110278;Church2025:YPM-IZ-110460;Church2025:YPM-IZ-110471;Church2025:YPM-IZ-110473;Church2025:YPM-IZ-110474;Church2025:YPM-IZ-110480;Church2025:YPM-IZ-110515;Church2025:YPM-IZ-110520;Church2025:YPM-IZ-110526;Church2025:YPM-IZ-110566;Church2025:YPM-IZ-110569;Church2025:YPM-IZ-110600;Church2025:YPM-IZ-110602;Church2025:YPM-IZ-110605;Church2025:YPM-IZ-110612;Church2025:YPM-IZ-110613;Church2025:YPM-IZ-110616;Church2025:YPM-IZ-110777;Church2025:YPM-IZ-110780;Church2025:YPM-IZ-110785;Church2025:YPM-IZ-110786;Church2025:YPM-IZ-110830;Church2025:YPM-IZ-110925;Church2025:YPM-IZ-110926;Church2025:YPM-IZ-110930;Church2025:YPM-IZ-110933;Church2025:YPM-IZ-110937;Church2025:YPM-IZ-110938;Church2025:YPM-IZ-111006;Church2025:YPM-IZ-111007;Church2025:YPM-IZ-111008;Church2025:YPM-IZ-111009;Church2025:YPM-IZ-111163
Physalia utriculus	all_libraries	tentacle	Central Pacific	MAGSP0005	0	15	0		Church2025:YPM-IZ-110264;Church2025:YPM-IZ-110268;Church2025:YPM-IZ-110269;Church2025:YPM-IZ-110276;Church2025:YPM-IZ-110277;Church2025:YPM-IZ-110278;Church2025:YPM-IZ-110460;Church2025:YPM-IZ-110471;Church2025:YPM-IZ-110473;Church2025:YPM-IZ-110474;Church2025:YPM-IZ-110480;Church2025:YPM-IZ-110777;Church2025:YPM-IZ-110780;Church2025:YPM-IZ-110785;Church2025:YPM-IZ-110786
Physalia utriculus	all_libraries	tentacle	Central Pacific	MAGSP0007	1	15	0.066666667	Church2025:YPM-IZ-110780	Church2025:YPM-IZ-110264;Church2025:YPM-IZ-110268;Church2025:YPM-IZ-110269;Church2025:YPM-IZ-110276;Church2025:YPM-IZ-110277;Church2025:YPM-IZ-110278;Church2025:YPM-IZ-110460;Church2025:YPM-IZ-110471;Church2025:YPM-IZ-110473;Church2025:YPM-IZ-110474;Church2025:YPM-IZ-110480;Church2025:YPM-IZ-110777;Church2025:YPM-IZ-110780;Church2025:YPM-IZ-110785;Church2025:YPM-IZ-110786
Physalia utriculus	all_libraries	tentacle	Central Pacific	MAGSP0010	1	15	0.066666667	Church2025:YPM-IZ-110473	Church2025:YPM-IZ-110264;Church2025:YPM-IZ-110268;Church2025:YPM-IZ-110269;Church2025:YPM-IZ-110276;Church2025:YPM-IZ-110277;Church2025:YPM-IZ-110278;Church2025:YPM-IZ-110460;Church2025:YPM-IZ-110471;Church2025:YPM-IZ-110473;Church2025:YPM-IZ-110474;Church2025:YPM-IZ-110480;Church2025:YPM-IZ-110777;Church2025:YPM-IZ-110780;Church2025:YPM-IZ-110785;Church2025:YPM-IZ-110786
Physalia utriculus	all_libraries	tentacle	Central Pacific	Vibrio	2	15	0.13333333	Church2025:YPM-IZ-110785;Church2025:YPM-IZ-110786	Church2025:YPM-IZ-110264;Church2025:YPM-IZ-110268;Church2025:YPM-IZ-110269;Church2025:YPM-IZ-110276;Church2025:YPM-IZ-110277;Church2025:YPM-IZ-110278;Church2025:YPM-IZ-110460;Church2025:YPM-IZ-110471;Church2025:YPM-IZ-110473;Church2025:YPM-IZ-110474;Church2025:YPM-IZ-110480;Church2025:YPM-IZ-110777;Church2025:YPM-IZ-110780;Church2025:YPM-IZ-110785;Church2025:YPM-IZ-110786
Physalia utriculus	all_libraries	tentacle	E Indian	MAGSP0005	0	0			
Physalia utriculus	all_libraries	tentacle	E Indian	MAGSP0007	0	0			
Physalia utriculus	all_libraries	tentacle	E Indian	MAGSP0010	0	0			
Physalia utriculus	all_libraries	tentacle	E Indian	Vibrio	0	0			
Physalia utriculus	all_libraries	tentacle	NW Pacific	MAGSP0005	2	16	0.125	Church2025:YPM-IZ-110566;Church2025:YPM-IZ-110569	Church2025:YPM-IZ-104460;Church2025:YPM-IZ-104461;Church2025:YPM-IZ-104464;Church2025:YPM-IZ-106919;Church2025:YPM-IZ-106920;Church2025:YPM-IZ-106923;Church2025:YPM-IZ-110566;Church2025:YPM-IZ-110569;Church2025:YPM-IZ-110600;Church2025:YPM-IZ-110602;Church2025:YPM-IZ-110925;Church2025:YPM-IZ-110926;Church2025:YPM-IZ-110930;Church2025:YPM-IZ-110933;Church2025:YPM-IZ-110937;Church2025:YPM-IZ-110938
Physalia utriculus	all_libraries	tentacle	NW Pacific	MAGSP0007	1	16	0.0625	Church2025:YPM-IZ-110938	Church2025:YPM-IZ-104460;Church2025:YPM-IZ-104461;Church2025:YPM-IZ-104464;Church2025:YPM-IZ-106919;Church2025:YPM-IZ-106920;Church2025:YPM-IZ-106923;Church2025:YPM-IZ-110566;Church2025:YPM-IZ-110569;Church2025:YPM-IZ-110600;Church2025:YPM-IZ-110602;Church2025:YPM-IZ-110925;Church2025:YPM-IZ-110926;Church2025:YPM-IZ-110930;Church2025:YPM-IZ-110933;Church2025:YPM-IZ-110937;Church2025:YPM-IZ-110938
Physalia utriculus	all_libraries	tentacle	NW Pacific	MAGSP0010	5	16	0.3125	Church2025:YPM-IZ-110566;Church2025:YPM-IZ-110569;Church2025:YPM-IZ-110602;Church2025:YPM-IZ-110930;Church2025:YPM-IZ-110938	Church2025:YPM-IZ-104460;Church2025:YPM-IZ-104461;Church2025:YPM-IZ-104464;Church2025:YPM-IZ-106919;Church2025:YPM-IZ-106920;Church2025:YPM-IZ-106923;Church2025:YPM-IZ-110566;Church2025:YPM-IZ-110569;Church2025:YPM-IZ-110600;Church2025:YPM-IZ-110602;Church2025:YPM-IZ-110925;Church2025:YPM-IZ-110926;Church2025:YPM-IZ-110930;Church2025:YPM-IZ-110933;Church2025:YPM-IZ-110937;Church2025:YPM-IZ-110938
Physalia utriculus	all_libraries	tentacle	NW Pacific	Vibrio	3	16	0.1875	Church2025:YPM-IZ-106923;Church2025:YPM-IZ-110600;Church2025:YPM-IZ-110602	Church2025:YPM-IZ-104460;Church2025:YPM-IZ-104461;Church2025:YPM-IZ-104464;Church2025:YPM-IZ-106919;Church2025:YPM-IZ-106920;Church2025:YPM-IZ-106923;Church2025:YPM-IZ-110566;Church2025:YPM-IZ-110569;Church2025:YPM-IZ-110600;Church2025:YPM-IZ-110602;Church2025:YPM-IZ-110925;Church2025:YPM-IZ-110926;Church2025:YPM-IZ-110930;Church2025:YPM-IZ-110933;Church2025:YPM-IZ-110937;Church2025:YPM-IZ-110938
Physalia utriculus	all_libraries	tentacle	SW Atlantic	MAGSP0005	1	1	1	Church2025:YPM-IZ-110830	Church2025:YPM-IZ-110830
Physalia utriculus	all_libraries	tentacle	SW Atlantic	MAGSP0007	0	1	0		Church2025:YPM-IZ-110830
Physalia utriculus	all_libraries	tentacle	SW Atlantic	MAGSP0010	0	1	0		Church2025:YPM-IZ-110830
Physalia utriculus	all_libraries	tentacle	SW Atlantic	Vibrio	0	1	0		Church2025:YPM-IZ-110830
Physalia utriculus	all_libraries	tentacle	SW Pacific	MAGSP0005	3	8	0.375	Church2025:YPM-IZ-110515;Church2025:YPM-IZ-110605;Church2025:YPM-IZ-110613	Church2025:YPM-IZ-110515;Church2025:YPM-IZ-110520;Church2025:YPM-IZ-110526;Church2025:YPM-IZ-110605;Church2025:YPM-IZ-110612;Church2025:YPM-IZ-110613;Church2025:YPM-IZ-110616;Church2025:YPM-IZ-111163
Physalia utriculus	all_libraries	tentacle	SW Pacific	MAGSP0007	4	8	0.5	Church2025:YPM-IZ-110515;Church2025:YPM-IZ-110520;Church2025:YPM-IZ-110613;Church2025:YPM-IZ-111163	Church2025:YPM-IZ-110515;Church2025:YPM-IZ-110520;Church2025:YPM-IZ-110526;Church2025:YPM-IZ-110605;Church2025:YPM-IZ-110612;Church2025:YPM-IZ-110613;Church2025:YPM-IZ-110616;Church2025:YPM-IZ-111163
Physalia utriculus	all_libraries	tentacle	SW Pacific	MAGSP0010	4	8	0.5	Church2025:YPM-IZ-110515;Church2025:YPM-IZ-110520;Church2025:YPM-IZ-110613;Church2025:YPM-IZ-111163	Church2025:YPM-IZ-110515;Church2025:YPM-IZ-110520;Church2025:YPM-IZ-110526;Church2025:YPM-IZ-110605;Church2025:YPM-IZ-110612;Church2025:YPM-IZ-110613;Church2025:YPM-IZ-110616;Church2025:YPM-IZ-111163
Physalia utriculus	all_libraries	tentacle	SW Pacific	Vibrio	2	8	0.25	Church2025:YPM-IZ-110616;Church2025:YPM-IZ-111163	Church2025:YPM-IZ-110515;Church2025:YPM-IZ-110520;Church2025:YPM-IZ-110526;Church2025:YPM-IZ-110605;Church2025:YPM-IZ-110612;Church2025:YPM-IZ-110613;Church2025:YPM-IZ-110616;Church2025:YPM-IZ-111163
Physalia utriculus	all_libraries	tentacle	W Indian	MAGSP0005	4	4	1	Church2025:YPM-IZ-111006;Church2025:YPM-IZ-111007;Church2025:YPM-IZ-111008;Church2025:YPM-IZ-111009	Church2025:YPM-IZ-111006;Church2025:YPM-IZ-111007;Church2025:YPM-IZ-111008;Church2025:YPM-IZ-111009
Physalia utriculus	all_libraries	tentacle	W Indian	MAGSP0007	2	4	0.5	Church2025:YPM-IZ-111007;Church2025:YPM-IZ-111008	Church2025:YPM-IZ-111006;Church2025:YPM-IZ-111007;Church2025:YPM-IZ-111008;Church2025:YPM-IZ-111009
Physalia utriculus	all_libraries	tentacle	W Indian	MAGSP0010	4	4	1	Church2025:YPM-IZ-111006;Church2025:YPM-IZ-111007;Church2025:YPM-IZ-111008;Church2025:YPM-IZ-111009	Church2025:YPM-IZ-111006;Church2025:YPM-IZ-111007;Church2025:YPM-IZ-111008;Church2025:YPM-IZ-111009
Physalia utriculus	all_libraries	tentacle	W Indian	Vibrio	0	4	0		Church2025:YPM-IZ-111006;Church2025:YPM-IZ-111007;Church2025:YPM-IZ-111008;Church2025:YPM-IZ-111009
Physalia utriculus	single_flowcell	all_tissues	all_regions	MAGSP0005	12	53	0.22641509	Church2025:WAM-Z97917;Church2025:WAM-Z97921;Church2025:YPM-IZ-110515;Church2025:YPM-IZ-110566;Church2025:YPM-IZ-110569;Church2025:YPM-IZ-110605;Church2025:YPM-IZ-110613;Church2025:YPM-IZ-110830;Church2025:YPM-IZ-111006;Church2025:YPM-IZ-111007;Church2025:YPM-IZ-111008;Church2025:YPM-IZ-111009	Church2025:OA-190531-1;Church2025:OA-Bluebottle;Church2025:WAM-Z97917;Church2025:WAM-Z97921;Church2025:YPM-IZ-104460;Church2025:YPM-IZ-104461;Church2025:YPM-IZ-104464;Church2025:YPM-IZ-104465;Church2025:YPM-IZ-106919;Church2025:YPM-IZ-106920;Church2025:YPM-IZ-106923;Church2025:YPM-IZ-110264;Church2025:YPM-IZ-110268;Church2025:YPM-IZ-110276;Church2025:YPM-IZ-110277;Church2025:YPM-IZ-110278;Church2025:YPM-IZ-110460;Church2025:YPM-IZ-110471;Church2025:YPM-IZ-110473;Church2025:YPM-IZ-110474;Church2025:YPM-IZ-110480;Church2025:YPM-IZ-110515;Church2025:YPM-IZ-110520;Church2025:YPM-IZ-110526;Church2025:YPM-IZ-110566;Church2025:YPM-IZ-110569;Church2025:YPM-IZ-110600;Church2025:YPM-IZ-110602;Church2025:YPM-IZ-110605;Church2025:YPM-IZ-110612;Church2025:YPM-IZ-110613;Church2025:YPM-IZ-110616;Church2025:YPM-IZ-110777;Church2025:YPM-IZ-110780;Church2025:YPM-IZ-110785;Church2025:YPM-IZ-110786;Church2025:YPM-IZ-110830;Church2025:YPM-IZ-110881;Church2025:YPM-IZ-110882;Church2025:YPM-IZ-110883;Church2025:YPM-IZ-110925;Church2025:YPM-IZ-110926;Church2025:YPM-IZ-110930;Church2025:YPM-IZ-110933;Church2025:YPM-IZ-110937;Church2025:YPM-IZ-110938;Church2025:YPM-IZ-111006;Church2025:YPM-IZ-111007;Church2025:YPM-IZ-111008;Church2025:YPM-IZ-111009;Church2025:YPM-IZ-111163;Church2025:YPM-IZ-111547;Church2025:YPM-IZ-111840
Physalia utriculus	single_flowcell	all_tissues	all_regions	MAGSP0007	11	53	0.20754717	Church2025:OA-190531-1;Church2025:WAM-Z97917;Church2025:WAM-Z97921;Church2025:YPM-IZ-110515;Church2025:YPM-IZ-110520;Church2025:YPM-IZ-110613;Church2025:YPM-IZ-110780;Church2025:YPM-IZ-110938;Church2025:YPM-IZ-111007;Church2025:YPM-IZ-111008;Church2025:YPM-IZ-111163	Church2025:OA-190531-1;Church2025:OA-Bluebottle;Church2025:WAM-Z97917;Church2025:WAM-Z97921;Church2025:YPM-IZ-104460;Church2025:YPM-IZ-104461;Church2025:YPM-IZ-104464;Church2025:YPM-IZ-104465;Church2025:YPM-IZ-106919;Church2025:YPM-IZ-106920;Church2025:YPM-IZ-106923;Church2025:YPM-IZ-110264;Church2025:YPM-IZ-110268;Church2025:YPM-IZ-110276;Church2025:YPM-IZ-110277;Church2025:YPM-IZ-110278;Church2025:YPM-IZ-110460;Church2025:YPM-IZ-110471;Church2025:YPM-IZ-110473;Church2025:YPM-IZ-110474;Church2025:YPM-IZ-110480;Church2025:YPM-IZ-110515;Church2025:YPM-IZ-110520;Church2025:YPM-IZ-110526;Church2025:YPM-IZ-110566;Church2025:YPM-IZ-110569;Church2025:YPM-IZ-110600;Church2025:YPM-IZ-110602;Church2025:YPM-IZ-110605;Church2025:YPM-IZ-110612;Church2025:YPM-IZ-110613;Church2025:YPM-IZ-110616;Church2025:YPM-IZ-110777;Church2025:YPM-IZ-110780;Church2025:YPM-IZ-110785;Church2025:YPM-IZ-110786;Church2025:YPM-IZ-110830;Church2025:YPM-IZ-110881;Church2025:YPM-IZ-110882;Church2025:YPM-IZ-110883;Church2025:YPM-IZ-110925;Church2025:YPM-IZ-110926;Church2025:YPM-IZ-110930;Church2025:YPM-IZ-110933;Church2025:YPM-IZ-110937;Church2025:YPM-IZ-110938;Church2025:YPM-IZ-111006;Church2025:YPM-IZ-111007;Church2025:YPM-IZ-111008;Church2025:YPM-IZ-111009;Church2025:YPM-IZ-111163;Church2025:YPM-IZ-111547;Church2025:YPM-IZ-111840
Physalia utriculus	single_flowcell	all_tissues	all_regions	MAGSP0010	17	53	0.32075472	Church2025:OA-190531-1;Church2025:WAM-Z97917;Church2025:WAM-Z97921;Church2025:YPM-IZ-110473;Church2025:YPM-IZ-110515;Church2025:YPM-IZ-110520;Church2025:YPM-IZ-110566;Church2025:YPM-IZ-110569;Church2025:YPM-IZ-110602;Church2025:YPM-IZ-110613;Church2025:YPM-IZ-110930;Church2025:YPM-IZ-110938;Church2025:YPM-IZ-111006;Church2025:YPM-IZ-111007;Church2025:YPM-IZ-111008;Church2025:YPM-IZ-111009;Church2025:YPM-IZ-111163	Church2025:OA-190531-1;Church2025:OA-Bluebottle;Church2025:WAM-Z97917;Church2025:WAM-Z97921;Church2025:YPM-IZ-104460;Church2025:YPM-IZ-104461;Church2025:YPM-IZ-104464;Church2025:YPM-IZ-104465;Church2025:YPM-IZ-106919;Church2025:YPM-IZ-106920;Church2025:YPM-IZ-106923;Church2025:YPM-IZ-110264;Church2025:YPM-IZ-110268;Church2025:YPM-IZ-110276;Church2025:YPM-IZ-110277;Church2025:YPM-IZ-110278;Church2025:YPM-IZ-110460;Church2025:YPM-IZ-110471;Church2025:YPM-IZ-110473;Church2025:YPM-IZ-110474;Church2025:YPM-IZ-110480;Church2025:YPM-IZ-110515;Church2025:YPM-IZ-110520;Church2025:YPM-IZ-110526;Church2025:YPM-IZ-110566;Church2025:YPM-IZ-110569;Church2025:YPM-IZ-110600;Church2025:YPM-IZ-110602;Church2025:YPM-IZ-110605;Church2025:YPM-IZ-110612;Church2025:YPM-IZ-110613;Church2025:YPM-IZ-110616;Church2025:YPM-IZ-110777;Church2025:YPM-IZ-110780;Church2025:YPM-IZ-110785;Church2025:YPM-IZ-110786;Church2025:YPM-IZ-110830;Church2025:YPM-IZ-110881;Church2025:YPM-IZ-110882;Church2025:YPM-IZ-110883;Church2025:YPM-IZ-110925;Church2025:YPM-IZ-110926;Church2025:YPM-IZ-110930;Church2025:YPM-IZ-110933;Church2025:YPM-IZ-110937;Church2025:YPM-IZ-110938;Church2025:YPM-IZ-111006;Church2025:YPM-IZ-111007;Church2025:YPM-IZ-111008;Church2025:YPM-IZ-111009;Church2025:YPM-IZ-111163;Church2025:YPM-IZ-111547;Church2025:YPM-IZ-111840
Physalia utriculus	single_flowcell	all_tissues	all_regions	Vibrio	7	53	0.13207547	Church2025:YPM-IZ-106923;Church2025:YPM-IZ-110600;Church2025:YPM-IZ-110602;Church2025:YPM-IZ-110616;Church2025:YPM-IZ-110785;Church2025:YPM-IZ-110786;Church2025:YPM-IZ-111163	Church2025:OA-190531-1;Church2025:OA-Bluebottle;Church2025:WAM-Z97917;Church2025:WAM-Z97921;Church2025:YPM-IZ-104460;Church2025:YPM-IZ-104461;Church2025:YPM-IZ-104464;Church2025:YPM-IZ-104465;Church2025:YPM-IZ-106919;Church2025:YPM-IZ-106920;Church2025:YPM-IZ-106923;Church2025:YPM-IZ-110264;Church2025:YPM-IZ-110268;Church2025:YPM-IZ-110276;Church2025:YPM-IZ-110277;Church2025:YPM-IZ-110278;Church2025:YPM-IZ-110460;Church2025:YPM-IZ-110471;Church2025:YPM-IZ-110473;Church2025:YPM-IZ-110474;Church2025:YPM-IZ-110480;Church2025:YPM-IZ-110515;Church2025:YPM-IZ-110520;Church2025:YPM-IZ-110526;Church2025:YPM-IZ-110566;Church2025:YPM-IZ-110569;Church2025:YPM-IZ-110600;Church2025:YPM-IZ-110602;Church2025:YPM-IZ-110605;Church2025:YPM-IZ-110612;Church2025:YPM-IZ-110613;Church2025:YPM-IZ-110616;Church2025:YPM-IZ-110777;Church2025:YPM-IZ-110780;Church2025:YPM-IZ-110785;Church2025:YPM-IZ-110786;Church2025:YPM-IZ-110830;Church2025:YPM-IZ-110881;Church2025:YPM-IZ-110882;Church2025:YPM-IZ-110883;Church2025:YPM-IZ-110925;Church2025:YPM-IZ-110926;Church2025:YPM-IZ-110930;Church2025:YPM-IZ-110933;Church2025:YPM-IZ-110937;Church2025:YPM-IZ-110938;Church2025:YPM-IZ-111006;Church2025:YPM-IZ-111007;Church2025:YPM-IZ-111008;Church2025:YPM-IZ-111009;Church2025:YPM-IZ-111163;Church2025:YPM-IZ-111547;Church2025:YPM-IZ-111840
Physalia utriculus	single_flowcell	all_tissues	Central Pacific	MAGSP0005	0	19	0		Church2025:YPM-IZ-110264;Church2025:YPM-IZ-110268;Church2025:YPM-IZ-110276;Church2025:YPM-IZ-110277;Church2025:YPM-IZ-110278;Church2025:YPM-IZ-110460;Church2025:YPM-IZ-110471;Church2025:YPM-IZ-110473;Church2025:YPM-IZ-110474;Church2025:YPM-IZ-110480;Church2025:YPM-IZ-110777;Church2025:YPM-IZ-110780;Church2025:YPM-IZ-110785;Church2025:YPM-IZ-110786;Church2025:YPM-IZ-110881;Church2025:YPM-IZ-110882;Church2025:YPM-IZ-110883;Church2025:YPM-IZ-111547;Church2025:YPM-IZ-111840
Physalia utriculus	single_flowcell	all_tissues	Central Pacific	MAGSP0007	1	19	0.052631579	Church2025:YPM-IZ-110780	Church2025:YPM-IZ-110264;Church2025:YPM-IZ-110268;Church2025:YPM-IZ-110276;Church2025:YPM-IZ-110277;Church2025:YPM-IZ-110278;Church2025:YPM-IZ-110460;Church2025:YPM-IZ-110471;Church2025:YPM-IZ-110473;Church2025:YPM-IZ-110474;Church2025:YPM-IZ-110480;Church2025:YPM-IZ-110777;Church2025:YPM-IZ-110780;Church2025:YPM-IZ-110785;Church2025:YPM-IZ-110786;Church2025:YPM-IZ-110881;Church2025:YPM-IZ-110882;Church2025:YPM-IZ-110883;Church2025:YPM-IZ-111547;Church2025:YPM-IZ-111840
Physalia utriculus	single_flowcell	all_tissues	Central Pacific	MAGSP0010	1	19	0.052631579	Church2025:YPM-IZ-110473	Church2025:YPM-IZ-110264;Church2025:YPM-IZ-110268;Church2025:YPM-IZ-110276;Church2025:YPM-IZ-110277;Church2025:YPM-IZ-110278;Church2025:YPM-IZ-110460;Church2025:YPM-IZ-110471;Church2025:YPM-IZ-110473;Church2025:YPM-IZ-110474;Church2025:YPM-IZ-110480;Church2025:YPM-IZ-110777;Church2025:YPM-IZ-110780;Church2025:YPM-IZ-110785;Church2025:YPM-IZ-110786;Church2025:YPM-IZ-110881;Church2025:YPM-IZ-110882;Church2025:YPM-IZ-110883;Church2025:YPM-IZ-111547;Church2025:YPM-IZ-111840
Physalia utriculus	single_flowcell	all_tissues	Central Pacific	Vibrio	2	19	0.10526316	Church2025:YPM-IZ-110785;Church2025:YPM-IZ-110786	Church2025:YPM-IZ-110264;Church2025:YPM-IZ-110268;Church2025:YPM-IZ-110276;Church2025:YPM-IZ-110277;Church2025:YPM-IZ-110278;Church2025:YPM-IZ-110460;Church2025:YPM-IZ-110471;Church2025:YPM-IZ-110473;Church2025:YPM-IZ-110474;Church2025:YPM-IZ-110480;Church2025:YPM-IZ-110777;Church2025:YPM-IZ-110780;Church2025:YPM-IZ-110785;Church2025:YPM-IZ-110786;Church2025:YPM-IZ-110881;Church2025:YPM-IZ-110882;Church2025:YPM-IZ-110883;Church2025:YPM-IZ-111547;Church2025:YPM-IZ-111840
Physalia utriculus	single_flowcell	all_tissues	E Indian	MAGSP0005	0	0			
Physalia utriculus	single_flowcell	all_tissues	E Indian	MAGSP0007	0	0			
Physalia utriculus	single_flowcell	all_tissues	E Indian	MAGSP0010	0	0			
Physalia utriculus	single_flowcell	all_tissues	E Indian	Vibrio	0	0			
Physalia utriculus	single_flowcell	all_tissues	NW Pacific	MAGSP0005	2	17	0.11764706	Church2025:YPM-IZ-110566;Church2025:YPM-IZ-110569	Church2025:YPM-IZ-104460;Church2025:YPM-IZ-104461;Church2025:YPM-IZ-104464;Church2025:YPM-IZ-104465;Church2025:YPM-IZ-106919;Church2025:YPM-IZ-106920;Church2025:YPM-IZ-106923;Church2025:YPM-IZ-110566;Church2025:YPM-IZ-110569;Church2025:YPM-IZ-110600;Church2025:YPM-IZ-110602;Church2025:YPM-IZ-110925;Church2025:YPM-IZ-110926;Church2025:YPM-IZ-110930;Church2025:YPM-IZ-110933;Church2025:YPM-IZ-110937;Church2025:YPM-IZ-110938
Physalia utriculus	single_flowcell	all_tissues	NW Pacific	MAGSP0007	1	17	0.058823529	Church2025:YPM-IZ-110938	Church2025:YPM-IZ-104460;Church2025:YPM-IZ-104461;Church2025:YPM-IZ-104464;Church2025:YPM-IZ-104465;Church2025:YPM-IZ-106919;Church2025:YPM-IZ-106920;Church2025:YPM-IZ-106923;Church2025:YPM-IZ-110566;Church2025:YPM-IZ-110569;Church2025:YPM-IZ-110600;Church2025:YPM-IZ-110602;Church2025:YPM-IZ-110925;Church2025:YPM-IZ-110926;Church2025:YPM-IZ-110930;Church2025:YPM-IZ-110933;Church2025:YPM-IZ-110937;Church2025:YPM-IZ-110938
Physalia utriculus	single_flowcell	all_tissues	NW Pacific	MAGSP0010	5	17	0.29411765	Church2025:YPM-IZ-110566;Church2025:YPM-IZ-110569;Church2025:YPM-IZ-110602;Church2025:YPM-IZ-110930;Church2025:YPM-IZ-110938	Church2025:YPM-IZ-104460;Church2025:YPM-IZ-104461;Church2025:YPM-IZ-104464;Church2025:YPM-IZ-104465;Church2025:YPM-IZ-106919;Church2025:YPM-IZ-106920;Church2025:YPM-IZ-106923;Church2025:YPM-IZ-110566;Church2025:YPM-IZ-110569;Church2025:YPM-IZ-110600;Church2025:YPM-IZ-110602;Church2025:YPM-IZ-110925;Church2025:YPM-IZ-110926;Church2025:YPM-IZ-110930;Church2025:YPM-IZ-110933;Church2025:YPM-IZ-110937;Church2025:YPM-IZ-110938
Physalia utriculus	single_flowcell	all_tissues	NW Pacific	Vibrio	3	17	0.17647059	Church2025:YPM-IZ-106923;Church2025:YPM-IZ-110600;Church2025:YPM-IZ-110602	Church2025:YPM-IZ-104460;Church2025:YPM-IZ-104461;Church2025:YPM-IZ-104464;Church2025:YPM-IZ-104465;Church2025:YPM-IZ-106919;Church2025:YPM-IZ-106920;Church2025:YPM-IZ-106923;Church2025:YPM-IZ-110566;Church2025:YPM-IZ-110569;Church2025:YPM-IZ-110600;Church2025:YPM-IZ-110602;Church2025:YPM-IZ-110925;Church2025:YPM-IZ-110926;Church2025:YPM-IZ-110930;Church2025:YPM-IZ-110933;Church2025:YPM-IZ-110937;Church2025:YPM-IZ-110938
Physalia utriculus	single_flowcell	all_tissues	SW Atlantic	MAGSP0005	1	1	1	Church2025:YPM-IZ-110830	Church2025:YPM-IZ-110830
Physalia utriculus	single_flowcell	all_tissues	SW Atlantic	MAGSP0007	0	1	0		Church2025:YPM-IZ-110830
Physalia utriculus	single_flowcell	all_tissues	SW Atlantic	MAGSP0010	0	1	0		Church2025:YPM-IZ-110830
Physalia utriculus	single_flowcell	all_tissues	SW Atlantic	Vibrio	0	1	0		Church2025:YPM-IZ-110830
Physalia utriculus	single_flowcell	all_tissues	SW Pacific	MAGSP0005	5	12	0.41666667	Church2025:WAM-Z97917;Church2025:WAM-Z97921;Church2025:YPM-IZ-110515;Church2025:YPM-IZ-110605;Church2025:YPM-IZ-110613	Church2025:OA-190531-1;Church2025:OA-Bluebottle;Church2025:WAM-Z97917;Church2025:WAM-Z97921;Church2025:YPM-IZ-110515;Church2025:YPM-IZ-110520;Church2025:YPM-IZ-110526;Church2025:YPM-IZ-110605;Church2025:YPM-IZ-110612;Church2025:YPM-IZ-110613;Church2025:YPM-IZ-110616;Church2025:YPM-IZ-111163
Physalia utriculus	single_flowcell	all_tissues	SW Pacific	MAGSP0007	7	12	0.58333333	Church2025:OA-190531-1;Church2025:WAM-Z97917;Church2025:WAM-Z97921;Church2025:YPM-IZ-110515;Church2025:YPM-IZ-110520;Church2025:YPM-IZ-110613;Church2025:YPM-IZ-111163	Church2025:OA-190531-1;Church2025:OA-Bluebottle;Church2025:WAM-Z97917;Church2025:WAM-Z97921;Church2025:YPM-IZ-110515;Church2025:YPM-IZ-110520;Church2025:YPM-IZ-110526;Church2025:YPM-IZ-110605;Church2025:YPM-IZ-110612;Church2025:YPM-IZ-110613;Church2025:YPM-IZ-110616;Church2025:YPM-IZ-111163
Physalia utriculus	single_flowcell	all_tissues	SW Pacific	MAGSP0010	7	12	0.58333333	Church2025:OA-190531-1;Church2025:WAM-Z97917;Church2025:WAM-Z97921;Church2025:YPM-IZ-110515;Church2025:YPM-IZ-110520;Church2025:YPM-IZ-110613;Church2025:YPM-IZ-111163	Church2025:OA-190531-1;Church2025:OA-Bluebottle;Church2025:WAM-Z97917;Church2025:WAM-Z97921;Church2025:YPM-IZ-110515;Church2025:YPM-IZ-110520;Church2025:YPM-IZ-110526;Church2025:YPM-IZ-110605;Church2025:YPM-IZ-110612;Church2025:YPM-IZ-110613;Church2025:YPM-IZ-110616;Church2025:YPM-IZ-111163
Physalia utriculus	single_flowcell	all_tissues	SW Pacific	Vibrio	2	12	0.16666667	Church2025:YPM-IZ-110616;Church2025:YPM-IZ-111163	Church2025:OA-190531-1;Church2025:OA-Bluebottle;Church2025:WAM-Z97917;Church2025:WAM-Z97921;Church2025:YPM-IZ-110515;Church2025:YPM-IZ-110520;Church2025:YPM-IZ-110526;Church2025:YPM-IZ-110605;Church2025:YPM-IZ-110612;Church2025:YPM-IZ-110613;Church2025:YPM-IZ-110616;Church2025:YPM-IZ-111163
Physalia utriculus	single_flowcell	all_tissues	W Indian	MAGSP0005	4	4	1	Church2025:YPM-IZ-111006;Church2025:YPM-IZ-111007;Church2025:YPM-IZ-111008;Church2025:YPM-IZ-111009	Church2025:YPM-IZ-111006;Church2025:YPM-IZ-111007;Church2025:YPM-IZ-111008;Church2025:YPM-IZ-111009
Physalia utriculus	single_flowcell	all_tissues	W Indian	MAGSP0007	2	4	0.5	Church2025:YPM-IZ-111007;Church2025:YPM-IZ-111008	Church2025:YPM-IZ-111006;Church2025:YPM-IZ-111007;Church2025:YPM-IZ-111008;Church2025:YPM-IZ-111009
Physalia utriculus	single_flowcell	all_tissues	W Indian	MAGSP0010	4	4	1	Church2025:YPM-IZ-111006;Church2025:YPM-IZ-111007;Church2025:YPM-IZ-111008;Church2025:YPM-IZ-111009	Church2025:YPM-IZ-111006;Church2025:YPM-IZ-111007;Church2025:YPM-IZ-111008;Church2025:YPM-IZ-111009
Physalia utriculus	single_flowcell	all_tissues	W Indian	Vibrio	0	4	0		Church2025:YPM-IZ-111006;Church2025:YPM-IZ-111007;Church2025:YPM-IZ-111008;Church2025:YPM-IZ-111009
Physalia utriculus	single_flowcell	tentacle	all_regions	MAGSP0005	10	43	0.23255814	Church2025:YPM-IZ-110515;Church2025:YPM-IZ-110566;Church2025:YPM-IZ-110569;Church2025:YPM-IZ-110605;Church2025:YPM-IZ-110613;Church2025:YPM-IZ-110830;Church2025:YPM-IZ-111006;Church2025:YPM-IZ-111007;Church2025:YPM-IZ-111008;Church2025:YPM-IZ-111009	Church2025:YPM-IZ-104460;Church2025:YPM-IZ-104461;Church2025:YPM-IZ-104464;Church2025:YPM-IZ-106919;Church2025:YPM-IZ-106920;Church2025:YPM-IZ-106923;Church2025:YPM-IZ-110264;Church2025:YPM-IZ-110268;Church2025:YPM-IZ-110276;Church2025:YPM-IZ-110277;Church2025:YPM-IZ-110278;Church2025:YPM-IZ-110460;Church2025:YPM-IZ-110471;Church2025:YPM-IZ-110473;Church2025:YPM-IZ-110474;Church2025:YPM-IZ-110480;Church2025:YPM-IZ-110515;Church2025:YPM-IZ-110520;Church2025:YPM-IZ-110526;Church2025:YPM-IZ-110566;Church2025:YPM-IZ-110569;Church2025:YPM-IZ-110600;Church2025:YPM-IZ-110602;Church2025:YPM-IZ-110605;Church2025:YPM-IZ-110612;Church2025:YPM-IZ-110613;Church2025:YPM-IZ-110616;Church2025:YPM-IZ-110777;Church2025:YPM-IZ-110780;Church2025:YPM-IZ-110785;Church2025:YPM-IZ-110786;Church2025:YPM-IZ-110830;Church2025:YPM-IZ-110925;Church2025:YPM-IZ-110926;Church2025:YPM-IZ-110930;Church2025:YPM-IZ-110933;Church2025:YPM-IZ-110937;Church2025:YPM-IZ-110938;Church2025:YPM-IZ-111006;Church2025:YPM-IZ-111007;Church2025:YPM-IZ-111008;Church2025:YPM-IZ-111009;Church2025:YPM-IZ-111163
Physalia utriculus	single_flowcell	tentacle	all_regions	MAGSP0007	8	43	0.18604651	Church2025:YPM-IZ-110515;Church2025:YPM-IZ-110520;Church2025:YPM-IZ-110613;Church2025:YPM-IZ-110780;Church2025:YPM-IZ-110938;Church2025:YPM-IZ-111007;Church2025:YPM-IZ-111008;Church2025:YPM-IZ-111163	Church2025:YPM-IZ-104460;Church2025:YPM-IZ-104461;Church2025:YPM-IZ-104464;Church2025:YPM-IZ-106919;Church2025:YPM-IZ-106920;Church2025:YPM-IZ-106923;Church2025:YPM-IZ-110264;Church2025:YPM-IZ-110268;Church2025:YPM-IZ-110276;Church2025:YPM-IZ-110277;Church2025:YPM-IZ-110278;Church2025:YPM-IZ-110460;Church2025:YPM-IZ-110471;Church2025:YPM-IZ-110473;Church2025:YPM-IZ-110474;Church2025:YPM-IZ-110480;Church2025:YPM-IZ-110515;Church2025:YPM-IZ-110520;Church2025:YPM-IZ-110526;Church2025:YPM-IZ-110566;Church2025:YPM-IZ-110569;Church2025:YPM-IZ-110600;Church2025:YPM-IZ-110602;Church2025:YPM-IZ-110605;Church2025:YPM-IZ-110612;Church2025:YPM-IZ-110613;Church2025:YPM-IZ-110616;Church2025:YPM-IZ-110777;Church2025:YPM-IZ-110780;Church2025:YPM-IZ-110785;Church2025:YPM-IZ-110786;Church2025:YPM-IZ-110830;Church2025:YPM-IZ-110925;Church2025:YPM-IZ-110926;Church2025:YPM-IZ-110930;Church2025:YPM-IZ-110933;Church2025:YPM-IZ-110937;Church2025:YPM-IZ-110938;Church2025:YPM-IZ-111006;Church2025:YPM-IZ-111007;Church2025:YPM-IZ-111008;Church2025:YPM-IZ-111009;Church2025:YPM-IZ-111163
Physalia utriculus	single_flowcell	tentacle	all_regions	MAGSP0010	14	43	0.3255814	Church2025:YPM-IZ-110473;Church2025:YPM-IZ-110515;Church2025:YPM-IZ-110520;Church2025:YPM-IZ-110566;Church2025:YPM-IZ-110569;Church2025:YPM-IZ-110602;Church2025:YPM-IZ-110613;Church2025:YPM-IZ-110930;Church2025:YPM-IZ-110938;Church2025:YPM-IZ-111006;Church2025:YPM-IZ-111007;Church2025:YPM-IZ-111008;Church2025:YPM-IZ-111009;Church2025:YPM-IZ-111163	Church2025:YPM-IZ-104460;Church2025:YPM-IZ-104461;Church2025:YPM-IZ-104464;Church2025:YPM-IZ-106919;Church2025:YPM-IZ-106920;Church2025:YPM-IZ-106923;Church2025:YPM-IZ-110264;Church2025:YPM-IZ-110268;Church2025:YPM-IZ-110276;Church2025:YPM-IZ-110277;Church2025:YPM-IZ-110278;Church2025:YPM-IZ-110460;Church2025:YPM-IZ-110471;Church2025:YPM-IZ-110473;Church2025:YPM-IZ-110474;Church2025:YPM-IZ-110480;Church2025:YPM-IZ-110515;Church2025:YPM-IZ-110520;Church2025:YPM-IZ-110526;Church2025:YPM-IZ-110566;Church2025:YPM-IZ-110569;Church2025:YPM-IZ-110600;Church2025:YPM-IZ-110602;Church2025:YPM-IZ-110605;Church2025:YPM-IZ-110612;Church2025:YPM-IZ-110613;Church2025:YPM-IZ-110616;Church2025:YPM-IZ-110777;Church2025:YPM-IZ-110780;Church2025:YPM-IZ-110785;Church2025:YPM-IZ-110786;Church2025:YPM-IZ-110830;Church2025:YPM-IZ-110925;Church2025:YPM-IZ-110926;Church2025:YPM-IZ-110930;Church2025:YPM-IZ-110933;Church2025:YPM-IZ-110937;Church2025:YPM-IZ-110938;Church2025:YPM-IZ-111006;Church2025:YPM-IZ-111007;Church2025:YPM-IZ-111008;Church2025:YPM-IZ-111009;Church2025:YPM-IZ-111163
Physalia utriculus	single_flowcell	tentacle	all_regions	Vibrio	7	43	0.1627907	Church2025:YPM-IZ-106923;Church2025:YPM-IZ-110600;Church2025:YPM-IZ-110602;Church2025:YPM-IZ-110616;Church2025:YPM-IZ-110785;Church2025:YPM-IZ-110786;Church2025:YPM-IZ-111163	Church2025:YPM-IZ-104460;Church2025:YPM-IZ-104461;Church2025:YPM-IZ-104464;Church2025:YPM-IZ-106919;Church2025:YPM-IZ-106920;Church2025:YPM-IZ-106923;Church2025:YPM-IZ-110264;Church2025:YPM-IZ-110268;Church2025:YPM-IZ-110276;Church2025:YPM-IZ-110277;Church2025:YPM-IZ-110278;Church2025:YPM-IZ-110460;Church2025:YPM-IZ-110471;Church2025:YPM-IZ-110473;Church2025:YPM-IZ-110474;Church2025:YPM-IZ-110480;Church2025:YPM-IZ-110515;Church2025:YPM-IZ-110520;Church2025:YPM-IZ-110526;Church2025:YPM-IZ-110566;Church2025:YPM-IZ-110569;Church2025:YPM-IZ-110600;Church2025:YPM-IZ-110602;Church2025:YPM-IZ-110605;Church2025:YPM-IZ-110612;Church2025:YPM-IZ-110613;Church2025:YPM-IZ-110616;Church2025:YPM-IZ-110777;Church2025:YPM-IZ-110780;Church2025:YPM-IZ-110785;Church2025:YPM-IZ-110786;Church2025:YPM-IZ-110830;Church2025:YPM-IZ-110925;Church2025:YPM-IZ-110926;Church2025:YPM-IZ-110930;Church2025:YPM-IZ-110933;Church2025:YPM-IZ-110937;Church2025:YPM-IZ-110938;Church2025:YPM-IZ-111006;Church2025:YPM-IZ-111007;Church2025:YPM-IZ-111008;Church2025:YPM-IZ-111009;Church2025:YPM-IZ-111163
Physalia utriculus	single_flowcell	tentacle	Central Pacific	MAGSP0005	0	14	0		Church2025:YPM-IZ-110264;Church2025:YPM-IZ-110268;Church2025:YPM-IZ-110276;Church2025:YPM-IZ-110277;Church2025:YPM-IZ-110278;Church2025:YPM-IZ-110460;Church2025:YPM-IZ-110471;Church2025:YPM-IZ-110473;Church2025:YPM-IZ-110474;Church2025:YPM-IZ-110480;Church2025:YPM-IZ-110777;Church2025:YPM-IZ-110780;Church2025:YPM-IZ-110785;Church2025:YPM-IZ-110786
Physalia utriculus	single_flowcell	tentacle	Central Pacific	MAGSP0007	1	14	0.071428571	Church2025:YPM-IZ-110780	Church2025:YPM-IZ-110264;Church2025:YPM-IZ-110268;Church2025:YPM-IZ-110276;Church2025:YPM-IZ-110277;Church2025:YPM-IZ-110278;Church2025:YPM-IZ-110460;Church2025:YPM-IZ-110471;Church2025:YPM-IZ-110473;Church2025:YPM-IZ-110474;Church2025:YPM-IZ-110480;Church2025:YPM-IZ-110777;Church2025:YPM-IZ-110780;Church2025:YPM-IZ-110785;Church2025:YPM-IZ-110786
Physalia utriculus	single_flowcell	tentacle	Central Pacific	MAGSP0010	1	14	0.071428571	Church2025:YPM-IZ-110473	Church2025:YPM-IZ-110264;Church2025:YPM-IZ-110268;Church2025:YPM-IZ-110276;Church2025:YPM-IZ-110277;Church2025:YPM-IZ-110278;Church2025:YPM-IZ-110460;Church2025:YPM-IZ-110471;Church2025:YPM-IZ-110473;Church2025:YPM-IZ-110474;Church2025:YPM-IZ-110480;Church2025:YPM-IZ-110777;Church2025:YPM-IZ-110780;Church2025:YPM-IZ-110785;Church2025:YPM-IZ-110786
Physalia utriculus	single_flowcell	tentacle	Central Pacific	Vibrio	2	14	0.14285714	Church2025:YPM-IZ-110785;Church2025:YPM-IZ-110786	Church2025:YPM-IZ-110264;Church2025:YPM-IZ-110268;Church2025:YPM-IZ-110276;Church2025:YPM-IZ-110277;Church2025:YPM-IZ-110278;Church2025:YPM-IZ-110460;Church2025:YPM-IZ-110471;Church2025:YPM-IZ-110473;Church2025:YPM-IZ-110474;Church2025:YPM-IZ-110480;Church2025:YPM-IZ-110777;Church2025:YPM-IZ-110780;Church2025:YPM-IZ-110785;Church2025:YPM-IZ-110786
Physalia utriculus	single_flowcell	tentacle	E Indian	MAGSP0005	0	0			
Physalia utriculus	single_flowcell	tentacle	E Indian	MAGSP0007	0	0			
Physalia utriculus	single_flowcell	tentacle	E Indian	MAGSP0010	0	0			
Physalia utriculus	single_flowcell	tentacle	E Indian	Vibrio	0	0			
Physalia utriculus	single_flowcell	tentacle	NW Pacific	MAGSP0005	2	16	0.125	Church2025:YPM-IZ-110566;Church2025:YPM-IZ-110569	Church2025:YPM-IZ-104460;Church2025:YPM-IZ-104461;Church2025:YPM-IZ-104464;Church2025:YPM-IZ-106919;Church2025:YPM-IZ-106920;Church2025:YPM-IZ-106923;Church2025:YPM-IZ-110566;Church2025:YPM-IZ-110569;Church2025:YPM-IZ-110600;Church2025:YPM-IZ-110602;Church2025:YPM-IZ-110925;Church2025:YPM-IZ-110926;Church2025:YPM-IZ-110930;Church2025:YPM-IZ-110933;Church2025:YPM-IZ-110937;Church2025:YPM-IZ-110938
Physalia utriculus	single_flowcell	tentacle	NW Pacific	MAGSP0007	1	16	0.0625	Church2025:YPM-IZ-110938	Church2025:YPM-IZ-104460;Church2025:YPM-IZ-104461;Church2025:YPM-IZ-104464;Church2025:YPM-IZ-106919;Church2025:YPM-IZ-106920;Church2025:YPM-IZ-106923;Church2025:YPM-IZ-110566;Church2025:YPM-IZ-110569;Church2025:YPM-IZ-110600;Church2025:YPM-IZ-110602;Church2025:YPM-IZ-110925;Church2025:YPM-IZ-110926;Church2025:YPM-IZ-110930;Church2025:YPM-IZ-110933;Church2025:YPM-IZ-110937;Church2025:YPM-IZ-110938
Physalia utriculus	single_flowcell	tentacle	NW Pacific	MAGSP0010	5	16	0.3125	Church2025:YPM-IZ-110566;Church2025:YPM-IZ-110569;Church2025:YPM-IZ-110602;Church2025:YPM-IZ-110930;Church2025:YPM-IZ-110938	Church2025:YPM-IZ-104460;Church2025:YPM-IZ-104461;Church2025:YPM-IZ-104464;Church2025:YPM-IZ-106919;Church2025:YPM-IZ-106920;Church2025:YPM-IZ-106923;Church2025:YPM-IZ-110566;Church2025:YPM-IZ-110569;Church2025:YPM-IZ-110600;Church2025:YPM-IZ-110602;Church2025:YPM-IZ-110925;Church2025:YPM-IZ-110926;Church2025:YPM-IZ-110930;Church2025:YPM-IZ-110933;Church2025:YPM-IZ-110937;Church2025:YPM-IZ-110938
Physalia utriculus	single_flowcell	tentacle	NW Pacific	Vibrio	3	16	0.1875	Church2025:YPM-IZ-106923;Church2025:YPM-IZ-110600;Church2025:YPM-IZ-110602	Church2025:YPM-IZ-104460;Church2025:YPM-IZ-104461;Church2025:YPM-IZ-104464;Church2025:YPM-IZ-106919;Church2025:YPM-IZ-106920;Church2025:YPM-IZ-106923;Church2025:YPM-IZ-110566;Church2025:YPM-IZ-110569;Church2025:YPM-IZ-110600;Church2025:YPM-IZ-110602;Church2025:YPM-IZ-110925;Church2025:YPM-IZ-110926;Church2025:YPM-IZ-110930;Church2025:YPM-IZ-110933;Church2025:YPM-IZ-110937;Church2025:YPM-IZ-110938
Physalia utriculus	single_flowcell	tentacle	SW Atlantic	MAGSP0005	1	1	1	Church2025:YPM-IZ-110830	Church2025:YPM-IZ-110830
Physalia utriculus	single_flowcell	tentacle	SW Atlantic	MAGSP0007	0	1	0		Church2025:YPM-IZ-110830
Physalia utriculus	single_flowcell	tentacle	SW Atlantic	MAGSP0010	0	1	0		Church2025:YPM-IZ-110830
Physalia utriculus	single_flowcell	tentacle	SW Atlantic	Vibrio	0	1	0		Church2025:YPM-IZ-110830
Physalia utriculus	single_flowcell	tentacle	SW Pacific	MAGSP0005	3	8	0.375	Church2025:YPM-IZ-110515;Church2025:YPM-IZ-110605;Church2025:YPM-IZ-110613	Church2025:YPM-IZ-110515;Church2025:YPM-IZ-110520;Church2025:YPM-IZ-110526;Church2025:YPM-IZ-110605;Church2025:YPM-IZ-110612;Church2025:YPM-IZ-110613;Church2025:YPM-IZ-110616;Church2025:YPM-IZ-111163
Physalia utriculus	single_flowcell	tentacle	SW Pacific	MAGSP0007	4	8	0.5	Church2025:YPM-IZ-110515;Church2025:YPM-IZ-110520;Church2025:YPM-IZ-110613;Church2025:YPM-IZ-111163	Church2025:YPM-IZ-110515;Church2025:YPM-IZ-110520;Church2025:YPM-IZ-110526;Church2025:YPM-IZ-110605;Church2025:YPM-IZ-110612;Church2025:YPM-IZ-110613;Church2025:YPM-IZ-110616;Church2025:YPM-IZ-111163
Physalia utriculus	single_flowcell	tentacle	SW Pacific	MAGSP0010	4	8	0.5	Church2025:YPM-IZ-110515;Church2025:YPM-IZ-110520;Church2025:YPM-IZ-110613;Church2025:YPM-IZ-111163	Church2025:YPM-IZ-110515;Church2025:YPM-IZ-110520;Church2025:YPM-IZ-110526;Church2025:YPM-IZ-110605;Church2025:YPM-IZ-110612;Church2025:YPM-IZ-110613;Church2025:YPM-IZ-110616;Church2025:YPM-IZ-111163
Physalia utriculus	single_flowcell	tentacle	SW Pacific	Vibrio	2	8	0.25	Church2025:YPM-IZ-110616;Church2025:YPM-IZ-111163	Church2025:YPM-IZ-110515;Church2025:YPM-IZ-110520;Church2025:YPM-IZ-110526;Church2025:YPM-IZ-110605;Church2025:YPM-IZ-110612;Church2025:YPM-IZ-110613;Church2025:YPM-IZ-110616;Church2025:YPM-IZ-111163
Physalia utriculus	single_flowcell	tentacle	W Indian	MAGSP0005	4	4	1	Church2025:YPM-IZ-111006;Church2025:YPM-IZ-111007;Church2025:YPM-IZ-111008;Church2025:YPM-IZ-111009	Church2025:YPM-IZ-111006;Church2025:YPM-IZ-111007;Church2025:YPM-IZ-111008;Church2025:YPM-IZ-111009
Physalia utriculus	single_flowcell	tentacle	W Indian	MAGSP0007	2	4	0.5	Church2025:YPM-IZ-111007;Church2025:YPM-IZ-111008	Church2025:YPM-IZ-111006;Church2025:YPM-IZ-111007;Church2025:YPM-IZ-111008;Church2025:YPM-IZ-111009
Physalia utriculus	single_flowcell	tentacle	W Indian	MAGSP0010	4	4	1	Church2025:YPM-IZ-111006;Church2025:YPM-IZ-111007;Church2025:YPM-IZ-111008;Church2025:YPM-IZ-111009	Church2025:YPM-IZ-111006;Church2025:YPM-IZ-111007;Church2025:YPM-IZ-111008;Church2025:YPM-IZ-111009
Physalia utriculus	single_flowcell	tentacle	W Indian	Vibrio	0	4	0		Church2025:YPM-IZ-111006;Church2025:YPM-IZ-111007;Church2025:YPM-IZ-111008;Church2025:YPM-IZ-111009
